Iteration	Posterior	Likelihood	Prior	rate_log_sd	rate_loss	tree_length
0	-76.44273	-201.1939	124.7512	1.189111	1.263989	1.72204
6	-80.32081	-203.7542	123.4334	1.286409	3.533861	1.72204
12	-75.71873	-200.9609	125.2422	1.310756	1.580146	1.044401
18	-82.65635	-208.712	126.0556	1.007106	0.4091852	1.659888
24	-77.48353	-202.0858	124.6022	1.728616	1.311037	1.40593
30	-78.37312	-202.4099	124.0368	1.90006	1.085489	1.834558
36	-74.95165	-201.9006	126.949	1.539696	0.09639156	1.226289
42	-67.82221	-192.7311	124.9089	1.710097	0.5710193	1.780467
48	-65.57326	-190.2507	124.6774	1.894267	1.058625	1.391759
54	-74.11051	-198.7104	124.5999	2.159992	0.8541842	1.410132
60	-76.57118	-202.2637	125.6925	2.281094	0.1734668	1.410132
66	-69.58637	-195.476	125.8896	1.781863	0.1734668	1.635232
72	-72.38991	-197.298	124.9081	2.538435	0.5499679	1.174951
78	-73.2301	-196.8862	123.6561	2.093674	2.758882	1.174951
84	-82.4225	-207.9685	125.546	1.787819	0.324203	1.589794
90	-75.16862	-201.3154	126.1468	2.032731	0.3715755	0.7224396
96	-79.31884	-205.6673	126.3484	1.596934	0.0524855	1.79021
102	-82.34684	-203.153	120.8062	1.876846	2.875429	3.18014
108	-75.08681	-198.0587	122.9719	2.177518	3.767398	1.339145
114	-72.02494	-194.9403	122.9154	2.751908	3.767398	0.8571451
120	-72.979	-196.9269	123.9479	2.560803	1.481917	1.150307
126	-67.61977	-191.9548	124.335	1.938502	1.911354	1.103247
132	-67.99602	-189.6057	121.6097	2.185993	8.999193	1.417223
138	-81.34673	-205.4475	124.1007	1.606064	1.157163	1.946234
144	-82.78009	-205.2619	122.4818	1.530992	4.414492	2.001246
150	-91.48195	-211.4556	119.9737	1.219311	2.371929	4.181347
156	-88.26402	-210.2053	121.9413	1.860484	3.103047	2.439721
162	-85.42544	-208.8849	123.4595	1.906482	2.799585	1.46953
168	-69.43934	-193.1282	123.6888	1.622389	3.715941	1.221382
174	-79.7873	-203.0472	123.2599	2.123401	3.715941	1.159206
180	-79.36159	-202.1429	122.7813	2.048645	5.7259	1.119741
186	-85.2442	-207.6533	122.4091	1.484339	7.226149	1.594105
192	-70.48139	-195.6945	125.2132	1.099062	0.8818222	1.717109
198	-73.08744	-196.165	123.0775	0.9283021	0.8818222	3.178114
204	-78.42265	-202.7038	124.2811	1.594485	0.4926603	2.353877
210	-72.12747	-195.3244	123.1969	1.536516	1.410335	2.441213
216	-75.58939	-199.5223	123.9329	1.292519	0.8963038	2.425219
222	-84.16741	-206.3431	122.1756	1.729089	4.345348	2.087069
228	-72.71399	-197.5456	124.8316	1.311684	2.117521	1.112212
234	-73.88373	-198.5436	124.6599	1.852203	1.531639	1.114748
240	-74.337	-199.4637	125.1267	2.095171	0.4263194	1.520386
246	-70.73277	-193.6808	122.948	1.111062	2.126586	2.570695
252	-65.99708	-189.8861	123.889	1.282468	2.068488	1.872454
258	-80.7208	-205.2739	124.5531	1.777765	1.979231	1.010082
264	-82.07077	-205.5073	123.4365	1.952685	5.067407	0.6706536
270	-78.86379	-201.6782	122.8145	2.574711	5.067407	0.6706536
276	-74.48408	-197.3607	122.8766	2.105094	6.38713	0.7906981
282	-67.97998	-192.0428	124.0628	2.216864	2.296813	0.8759824
288	-87.42337	-209.0492	121.6259	2.649098	10.742	0.6445581
294	-78.63941	-201.5075	122.8681	1.86997	6.356825	1.064825
300	-83.68841	-205.5644	121.876	1.868928	11.48352	1.142191
306	-72.40831	-195.9572	123.5489	1.765923	3.266475	1.356678
312	-70.47428	-196.0738	125.5995	1.208097	0.9070148	1.326746
318	-68.15442	-191.8323	123.6779	1.162478	0.9335078	2.640393
324	-64.56597	-190.0653	125.4993	1.24924	0.6739602	1.584385
330	-66.39415	-190.784	124.3899	1.590608	1.713712	1.448578
336	-77.35879	-202.5883	125.2295	1.085422	0.6647303	1.897616
342	-77.12205	-201.8488	124.7267	1.121316	1.165735	1.845106
348	-70.00217	-196.5309	126.5288	1.618148	0.1844291	1.242908
354	-65.48605	-191.4993	126.0133	1.567867	0.5101809	1.111464
360	-70.68157	-195.7017	125.0201	1.143119	2.171737	1.065964
366	-59.43229	-185.3517	125.9194	0.9938682	0.8023006	1.336484
372	-63.45781	-188.3496	124.8918	1.847644	1.335833	1.041672
378	-59.09204	-184.6492	125.5572	2.003777	0.6765422	0.8856271
384	-59.9375	-185.949	126.0115	1.884765	0.5472669	0.6750921
390	-57.4226	-184.1696	126.747	2.125205	0.1243366	0.6903153
396	-57.0394	-182.1732	125.1338	2.48399	0.7421928	0.6903153
402	-65.45584	-188.6237	123.1679	2.637882	3.645074	0.3251525
408	-64.1137	-187.3986	123.2849	2.897677	2.892864	0.462549
414	-64.41501	-188.6243	124.2093	2.04487	2.581601	0.7174417
420	-66.80457	-193.4633	126.6587	1.676657	0.2238072	0.9627735
426	-75.99983	-196.8432	120.8434	1.939557	22.85919	0.9439909
432	-68.17728	-193.2748	125.0975	1.566806	1.896075	0.6409854
438	-68.59324	-189.8722	121.2789	1.784785	22.03555	0.6484166
444	-62.32062	-185.2847	122.964	1.471403	2.516681	2.203621
450	-76.54638	-201.2837	124.7374	1.094818	2.249599	1.315599
456	-77.01671	-203.3004	126.2837	2.303595	0.09519796	1.145469
462	-80.3545	-203.4715	123.117	1.457899	1.690861	2.414414
468	-76.89462	-200.9535	124.0589	1.302779	0.4589208	2.71019
474	-76.9435	-200.6091	123.6656	1.987658	0.4589208	2.529982
480	-79.86826	-202.1889	122.3206	2.224495	5.092585	1.487501
486	-69.08737	-195.4159	126.3285	2.31794	0.1476121	0.8838874
492	-76.19797	-202.6697	126.4717	2.31794	0.1476121	0.6842876
498	-79.38046	-206.1152	126.7348	1.583766	0.2289612	0.9654093
504	-74.74603	-200.9705	126.2244	1.790598	0.3428259	0.9942182
510	-65.72894	-192.4252	126.6962	1.968332	0.117204	0.9866818
516	-70.47014	-192.847	122.3769	1.788756	5.910952	1.610823
522	-63.75356	-189.1853	125.4317	1.604773	0.6843135	1.355532
528	-74.08563	-197.4688	123.3832	1.325144	1.952483	2.223932
534	-67.75315	-193.5519	125.7987	2.356904	0.1922424	1.215164
540	-87.11998	-207.8666	120.7466	2.249944	19.11766	1.045571
546	-93.22777	-215.1109	121.8831	2.11492	9.468847	1.188462
552	-92.60546	-218.0636	125.4582	2.109667	0.6990614	0.8422281
558	-95.70162	-219.4604	123.7588	1.626165	0.6837755	2.484592
564	-86.48523	-208.924	122.4388	1.874914	7.825089	1.169051
570	-81.19535	-203.2173	122.0219	2.089579	7.825089	1.337405
576	-83.40389	-206.9778	123.5739	1.763273	4.11809	1.076271
582	-83.93333	-207.3473	123.4139	2.272201	4.11809	0.6484377
588	-89.57928	-209.6713	120.092	2.13476	33.47211	0.7735434
594	-85.70113	-209.7312	124.0301	2.504049	2.112612	0.3762258
600	-79.7928	-203.4197	123.6269	2.209698	3.773375	0.5450293
606	-76.18359	-198.5811	122.3975	1.67972	9.640171	1.092937
612	-64.89753	-191.067	126.1695	1.090625	0.3390622	1.619747
618	-76.51602	-202.7709	126.2549	1.720016	0.5262293	0.4541555
624	-74.94193	-200.2427	125.3008	2.231027	0.8604801	0.4543019
630	-72.14397	-196.9448	124.8008	1.710084	1.984217	0.8053221
636	-69.89435	-194.1824	124.288	1.418448	1.213345	1.913113
642	-74.11871	-199.4271	125.3084	1.187783	0.1630861	2.440142
648	-75.22565	-199.4029	124.1773	1.666782	1.046654	1.922966
654	-67.98974	-191.8189	123.8292	1.790912	2.208867	1.497306
660	-64.65055	-189.2148	124.5642	2.007837	1.630725	0.9909562
666	-63.16026	-185.6263	122.4661	1.829077	8.971817	0.9909562
672	-58.42711	-184.4505	126.0233	1.655446	0.5890222	0.8910754
678	-61.40646	-185.3877	123.9813	1.104328	2.418682	1.802379
684	-61.95648	-184.4923	122.5358	1.09412	0.853178	3.418465
690	-63.71839	-187.1256	123.4072	1.669469	0.853178	2.548171
696	-69.28957	-194.3986	125.109	1.863263	0.7165935	1.373055
702	-75.11	-199.6959	124.5859	2.091394	1.559063	0.933686
708	-64.00493	-188.7527	124.7477	1.748347	1.538225	1.124894
714	-59.69279	-185.848	126.1552	1.613841	0.415845	1.090284
720	-58.34142	-184.3373	125.9959	2.153722	0.2102276	1.174316
726	-63.57894	-187.6098	124.0309	1.733354	1.557364	1.686426
732	-63.07262	-186.7564	123.6838	2.162515	3.492879	0.7525539
738	-58.38314	-184.4965	126.1133	2.033037	0.3690749	0.7796162
744	-61.08114	-186.5421	125.4609	2.120761	0.661408	0.8851852
750	-67.37164	-190.7037	123.3321	2.416672	0.661408	2.27323
756	-72.55734	-198.4017	125.8444	1.864186	0.2763805	1.391561
762	-73.06921	-198.6811	125.6119	2.102341	0.5878476	0.851458
768	-79.89967	-204.1972	124.2975	2.536278	0.7611896	1.437242
774	-81.93288	-206.3559	124.423	2.341358	1.110723	1.194449
780	-81.57299	-207.7035	126.1305	2.127416	0.2690464	0.9179545
786	-80.44014	-206.7265	126.2864	2.542971	0.1511239	0.4634272
792	-75.52599	-200.8286	125.3026	2.34981	0.6905583	0.742394
798	-75.15589	-199.3998	124.2439	1.666309	2.184847	1.280643
804	-78.85598	-202.5258	123.6698	1.865912	2.525893	1.43769
810	-66.1562	-191.6507	125.4945	1.522827	0.2663962	1.907195
816	-68.34423	-192.4564	124.1122	1.882464	1.300277	1.662109
822	-81.66489	-207.3812	125.7163	1.151279	0.4531767	1.741009
828	-87.22609	-209.9102	122.6841	1.599925	9.720614	0.8675653
834	-86.80801	-211.642	124.834	1.671752	1.27997	1.287087
840	-81.98336	-206.725	124.7416	2.264196	0.9403357	1.12952
846	-81.44003	-205.8096	124.3695	1.906069	1.945215	1.082473
852	-78.34544	-203.3278	124.9823	2.204165	1.206711	0.5743042
858	-76.95449	-203.7492	126.7947	1.816908	0.2140634	0.6115061
864	-77.96424	-202.2455	124.2812	1.443496	1.301107	1.850393
870	-72.34227	-196.4072	124.065	1.389333	0.6941424	2.43253
876	-66.24415	-192.0254	125.7812	1.163604	0.6896614	1.421625
882	-76.11836	-198.1544	122.036	1.297609	2.852722	2.795346
888	-73.97109	-197.5805	123.6094	1.57443	2.231515	1.801887
894	-75.98022	-199.1636	123.1834	1.330297	1.887297	2.373578
900	-76.87571	-200.7587	123.883	1.725109	1.00427	2.107605
906	-73.7295	-196.9558	123.2263	0.9654347	1.827747	2.5983
912	-79.27353	-202.0712	122.7977	1.086868	2.369546	2.5983
918	-77.31139	-203.6578	126.3464	1.232687	0.3413132	1.376487
924	-78.34882	-203.3689	125.0201	2.071502	0.4629409	1.568149
930	-74.10131	-198.9139	124.8126	2.089554	1.328527	0.8775283
936	-74.98671	-198.9249	123.9382	1.426299	3.259102	1.319364
942	-88.32711	-210.5091	122.182	2.480735	3.327111	1.816783
948	-80.08866	-203.9744	123.8858	1.530149	1.517715	1.946597
954	-83.1379	-206.243	123.1051	1.80104	4.131353	1.432608
960	-79.32687	-202.3033	122.9764	1.815859	5.466068	1.210955
966	-77.34967	-202.5558	125.2062	1.564027	1.304187	1.036757
972	-70.97672	-195.2134	124.2367	0.7334478	3.339545	1.59582
978	-65.20575	-190.1706	124.9648	0.9818146	1.209338	1.75026
984	-71.90967	-195.9969	124.0873	1.742313	2.869559	1.05774
990	-70.16957	-194.9243	124.7547	1.352932	2.869559	0.7402456
996	-72.7808	-197.0743	124.2935	0.9447832	4.247614	1.128236
1002	-74.44338	-199.8682	125.4249	1.795624	1.020103	0.8239702
1008	-81.02024	-204.889	123.8688	1.833481	3.278691	1.015927
1014	-80.47214	-203.3049	122.8328	1.91718	4.950705	1.360153
1020	-86.27624	-210.0522	123.7759	1.355885	4.950705	1.030397
1026	-84.25896	-210.3932	126.1342	1.113088	0.3924364	1.549229
1032	-84.61176	-210.8009	126.1892	1.184575	0.4337238	1.394442
1038	-95.41779	-216.588	121.1702	0.8387266	2.789341	3.598073
1044	-87.40924	-213.1453	125.736	1.127629	0.1414189	2.254531
1050	-92.87686	-218.5247	125.6478	1.527613	0.6471707	1.284002
1056	-92.73189	-218.3909	125.659	2.135534	0.6471707	0.5558295
1062	-93.88288	-216.2471	122.3642	1.585522	3.322802	2.289862
1068	-90.55364	-212.6994	122.1458	1.309598	3.322802	2.600671
1074	-86.86225	-213.465	126.6027	1.392245	0.4326042	0.8184027
1080	-102.857	-227.8311	124.974	1.413086	0.5579389	1.952468
1086	-102.2925	-222.0827	119.7902	1.535293	3.593211	3.804562
1092	-92.27925	-215.811	123.5318	1.613582	2.692187	1.667494
1098	-87.74456	-212.089	124.3444	1.299807	0.517411	2.474156
1104	-79.29655	-203.9207	124.6242	1.446179	3.110957	0.6138172
1110	-93.15662	-220.2587	127.1021	1.789854	0.1300483	0.5968112
1116	-89.34151	-213.8608	124.5193	2.229312	1.705589	0.7123296
1122	-88.33202	-213.4548	125.1228	2.108929	1.100999	0.6933559
1128	-93.78844	-220.0785	126.29	2.157421	0.2715204	0.6388801
1134	-93.96793	-218.9187	124.9508	0.8649206	0.2697993	2.672389
1140	-93.66746	-220.1113	126.4438	1.228095	0.2428247	1.485357
1146	-95.22116	-219.187	123.9658	1.439557	3.199485	1.305609
1152	-93.61732	-218.1402	124.5229	1.770712	1.707501	1.199923
1158	-90.62608	-216.4588	125.8327	2.122088	0.5154253	0.6590648
1164	-89.89934	-214.3545	124.4551	2.038698	1.718947	1.009743
1170	-81.05232	-206.0636	125.0112	1.138903	0.4606689	2.213125
1176	-79.64891	-205.4244	125.7755	1.083442	0.5667408	1.614934
1182	-83.45074	-208.9091	125.4583	1.078671	0.4711548	1.946365
1188	-79.61878	-203.8644	124.2456	1.357781	0.4970717	2.520528
1194	-78.82795	-204.4181	125.5902	1.065022	0.2527707	2.170259
1200	-79.96907	-203.1773	123.2082	1.685521	3.161026	1.701722
1206	-76.70057	-200.3525	123.6519	1.541744	3.08624	1.50608
1212	-76.50751	-199.6585	123.151	1.372667	3.08624	1.977156
1218	-87.73954	-211.6283	123.8888	1.989355	3.08624	0.9142819
1224	-83.07578	-209.1696	126.0939	2.171311	0.3508163	0.6420027
1230	-77.58171	-201.4542	123.8725	2.342936	2.187395	1.007296
1236	-83.44744	-209.0525	125.605	1.777239	0.3120627	1.574276
1242	-85.56373	-208.9303	123.3666	1.877131	1.897851	1.891923
1248	-87.80272	-212.7304	124.9277	2.508404	0.4888152	1.267244
1254	-82.5399	-207.3267	124.7868	1.676312	1.459582	1.204416
1260	-78.88901	-202.8537	123.9647	1.653985	1.459582	1.837963
1266	-77.50403	-202.6791	125.175	1.507618	1.36095	1.076503
1272	-80.05984	-204.3484	124.2886	1.24604	1.05738	2.121715
1278	-96.08919	-218.1484	122.0592	1.304754	4.833708	2.341424
1284	-85.50402	-204.5189	119.0149	2.342012	52.18497	0.7893532
1290	-85.45314	-210.5648	125.1116	1.720042	0.8263652	1.378879
1296	-86.25733	-210.8577	124.6004	1.415788	0.4490972	2.31222
1302	-78.21919	-204.2545	126.0353	1.671098	0.1776385	1.600256
1308	-86.13508	-208.0889	121.9538	1.466988	2.261892	2.915988
1314	-70.67701	-197.2265	126.5495	1.498766	0.1491063	1.415974
1320	-78.43919	-203.3488	124.9096	1.985125	1.203317	0.9979358
1326	-84.70214	-211.6374	126.9352	1.843197	0.1195841	0.8512211
1332	-82.2413	-208.2349	125.9936	1.718124	0.4955651	1.010684
1338	-79.06814	-204.7849	125.7168	0.9834237	0.5339074	1.763774
1344	-84.88093	-209.5306	124.6497	1.367774	1.076503	1.784688
1350	-79.38786	-203.5179	124.1301	1.643774	0.4447936	2.470286
1356	-82.03331	-207.672	125.6387	1.502015	0.7535254	1.197057
1362	-75.71252	-200.3413	124.6288	2.593667	1.112037	0.6915772
1368	-79.25819	-201.5154	122.2572	1.978438	10.41123	0.7921339
1374	-67.19966	-189.1187	121.919	2.322692	10.41123	0.7839054
1380	-66.32169	-190.5582	124.2366	1.359369	2.346839	1.460363
1386	-66.63482	-191.3493	124.7144	1.670259	1.323976	1.355497
1392	-69.332	-194.6907	125.3587	1.447457	0.4809268	1.750361
1398	-71.26778	-194.6185	123.3507	1.481935	2.529577	1.937521
1404	-89.52854	-213.8623	124.3337	2.100321	2.034232	0.864732
1410	-79.09598	-205.8829	126.7869	1.433196	0.2682851	0.9604164
1416	-74.87542	-201.6664	126.791	1.809686	0.2157492	0.3911159
1422	-73.83201	-197.7543	123.9223	2.379963	2.577307	0.3911159
1428	-80.59244	-205.5965	125.004	1.742296	1.686021	0.7370647
1434	-74.32161	-200.3987	126.0771	1.584752	0.202065	1.577871
1440	-70.76798	-196.4051	125.6372	1.926807	0.4495976	1.216958
1446	-71.67263	-197.6933	126.0207	1.643817	0.6334482	0.8321073
1452	-69.3616	-193.5479	124.1863	1.039964	2.81944	1.567014
1458	-76.43192	-200.7451	124.3131	1.279197	1.959687	1.621968
1464	-73.14031	-197.7882	124.6479	1.650043	2.472899	0.7323671
1470	-81.95993	-205.6748	123.7149	2.742829	2.321978	0.4958279
1476	-77.17267	-199.9202	122.7475	3.054018	3.661728	0.3268637
1482	-75.40208	-201.4792	126.0771	2.211395	0.157338	1.197978
1488	-75.41157	-201.4482	126.0366	1.893308	0.4551368	0.8491001
1494	-74.45461	-199.6944	125.2398	2.388867	0.7762541	0.5540004
1500	-73.71253	-198.4915	124.779	1.973655	1.807871	0.5111468
1506	-73.62523	-198.1889	124.5637	1.870142	1.807871	1.01215
1512	-76.66227	-202.6845	126.0222	1.870142	0.2513874	1.295481
1518	-81.43403	-205.6737	124.2397	1.756588	1.45294	1.574244
1524	-72.713	-199.0035	126.2905	2.340762	0.182638	0.7528756
1530	-64.7862	-189.861	125.0748	1.864836	1.460529	0.6799519
1536	-67.11435	-193.6532	126.5388	1.827083	0.3124801	0.598015
1542	-64.7474	-189.6247	124.8773	1.14735	0.7655336	2.00583
1548	-68.71468	-191.9459	123.2313	1.715474	4.876734	1.216455
1554	-65.79419	-187.3513	121.5571	1.562781	14.2767	1.365864
1560	-62.51823	-188.8524	126.3342	1.721914	0.3934053	0.8345986
1566	-65.56899	-191.1036	125.5346	1.330877	0.5235237	1.658678
1572	-69.031	-194.0442	125.0132	1.736629	0.8976943	1.380547
1578	-70.10063	-192.3741	122.2735	1.574528	6.073551	1.807628
1584	-76.83873	-199.1032	122.2644	1.368074	7.033177	1.807628
1590	-67.60205	-193.4517	125.8496	1.754605	0.3272735	1.380685
1596	-73.06558	-197.8339	124.7683	2.147422	0.704464	1.429151
1602	-70.06123	-194.3776	124.3163	1.939626	1.366975	1.429151
1608	-64.42308	-189.5135	125.0905	1.743436	0.9096335	1.303302
1614	-70.29045	-196.1269	125.8364	2.444406	0.2927942	0.8230725
1620	-68.7409	-194.2168	125.4759	2.148792	0.751039	0.6554854
1626	-68.71509	-192.5483	123.8332	1.490639	1.034882	2.272232
1632	-63.01298	-186.5088	123.4958	1.028966	2.465561	2.162005
1638	-56.92279	-180.705	123.7822	1.352072	2.465561	1.752184
1644	-60.90891	-184.5587	123.6498	1.242471	3.814805	1.524072
1650	-69.02508	-190.4907	121.4656	1.452217	14.50199	1.501014
1656	-57.83867	-180.8502	123.0115	1.776867	6.854157	0.9002683
1662	-63.03776	-188.4448	125.4071	2.624097	0.4944388	0.5027189
1668	-63.93262	-188.0367	124.1041	2.690638	1.723346	0.5843728
1674	-65.42298	-189.435	124.0121	2.222691	2.713708	0.6355448
1680	-71.20218	-193.5282	122.326	2.303135	8.764019	0.4925894
1686	-67.42763	-192.1123	124.6846	2.285737	1.456799	0.6191194
1692	-64.64397	-189.3171	124.6731	2.212265	1.456799	0.7719107
1698	-59.06892	-185.7698	126.7009	1.990605	0.1287173	0.9110819
1704	-66.61754	-192.7842	126.1667	2.160879	0.3159284	0.6705054
1710	-76.2442	-201.046	124.8018	3.102843	0.5329112	0.3416997
1716	-83.26247	-208.9622	125.6998	3.102843	0.1593429	0.47519
1722	-81.70155	-204.8322	123.1307	3.424614	2.07024	0.3720188
1728	-84.58063	-205.5633	120.9827	3.993051	6.013922	0.2387557
1734	-85.07783	-208.1885	123.1107	2.447629	4.299827	0.7668746
1740	-75.15035	-201.1936	126.0432	1.789542	0.248734	1.348985
1746	-74.54902	-200.453	125.904	1.607173	0.1315153	1.85014
1752	-71.97595	-195.7694	123.7935	1.8382	2.3368	1.437019
1758	-72.24718	-194.6681	122.4209	1.823179	6.073923	1.524353
1764	-81.38083	-206.4416	125.0607	1.524397	0.4442686	1.945799
1770	-74.25848	-195.2945	121.036	1.37744	2.919494	3.328014
1776	-83.65813	-203.7781	120.1199	1.875588	2.919494	3.572403
1782	-69.33006	-192.8947	123.5647	1.502387	1.905404	2.00763
1788	-66.28881	-190.4802	124.1914	2.077153	2.059953	1.025155
1794	-63.75632	-189.7738	126.0175	2.077153	0.1219989	1.457175
1800	-66.19289	-189.9965	123.8036	2.027345	2.052135	1.403143
1806	-68.21249	-191.78	123.5675	1.308882	2.052135	2.076353
1812	-60.43824	-183.8734	123.4351	1.382998	1.642126	2.280845
1818	-64.44224	-187.0892	122.647	1.429167	1.642126	2.744336
1824	-66.43131	-190.332	123.9007	1.405795	0.7362095	2.491455
1830	-74.58495	-200.762	126.177	1.60187	0.5735074	0.7964186
1836	-68.35375	-195.0601	126.7064	1.301484	0.150656	1.442856
1842	-69.76394	-192.9513	123.1874	1.821486	3.846962	1.427408
1848	-74.87184	-198.6223	123.7505	1.749209	1.688711	1.808155
1854	-71.89279	-197.7003	125.8075	1.405378	0.5621091	1.353045
1860	-74.25677	-198.0048	123.748	2.483813	2.447188	0.8409261
1866	-70.06294	-194.6691	124.6061	1.740288	1.535752	1.255561
1872	-71.76415	-196.9551	125.1909	1.795803	1.051184	1.044089
1878	-75.6277	-201.515	125.8873	1.714033	0.7358559	0.7313926
1884	-73.615	-196.4356	122.8207	2.387328	5.835966	0.6274743
1890	-81.60108	-206.7956	125.1945	2.20302	0.9701644	0.6110071
1896	-74.20644	-197.7388	123.5324	2.228643	3.973143	0.5754192
1902	-69.72228	-194.1807	124.4584	1.63905	1.734705	1.346747
1908	-73.9018	-198.2471	124.3453	1.958365	1.441722	1.346747
1914	-65.19383	-191.0959	125.9021	1.645264	0.5443208	1.092577
1920	-63.80086	-189.1313	125.3304	1.261	1.616795	0.9810928
1926	-75.31079	-200.6084	125.2976	1.535747	0.8519377	1.354558
1932	-83.2587	-206.3263	123.0676	1.093446	4.938878	1.794963
1938	-86.2796	-208.4764	122.1968	1.499599	12.66334	1.04048
1944	-84.24448	-207.8175	123.573	1.413351	2.344292	1.896475
1950	-82.2329	-205.5998	123.3669	1.776915	2.344292	1.788382
1956	-82.08925	-205.1481	123.0589	2.148024	2.431052	1.71328
1962	-78.84267	-203.806	124.9634	1.61249	0.4758283	1.914739
1968	-75.75465	-200.4713	124.7166	1.622613	1.160173	1.497687
1974	-74.20149	-196.226	122.0245	2.470099	8.995392	0.7497264
1980	-78.99593	-202.6298	123.6339	1.919334	3.413786	1.107126
1986	-79.44341	-203.552	124.1086	2.006317	2.171801	1.110623
1992	-74.93928	-201.0092	126.07	2.03768	0.4095685	0.7181841
1998	-72.788	-196.3634	123.5754	1.180016	2.400814	2.031924
2004	-79.6803	-202.0967	122.4164	1.296398	2.400814	2.694343
2010	-88.74981	-211.6925	122.9426	2.244839	4.508428	1.100356
2016	-76.80466	-200.2513	123.4467	1.861034	4.128425	1.100356
2022	-75.96109	-200.0261	124.065	2.087137	2.63815	0.82472
2028	-75.61014	-201.0288	125.4186	1.886908	0.8377932	0.9481192
2034	-84.61236	-206.2216	121.6093	2.237798	11.04472	1.106496
2040	-73.42864	-197.4291	124.0005	1.636763	1.824769	1.64918
2046	-73.98709	-198.61	124.6229	1.35577	1.824769	1.394645
2052	-71.36826	-198.5488	127.1805	1.512995	0.07702409	1.123561
2058	-71.66245	-197.6512	125.9887	1.92781	0.5655313	0.5297338
2064	-75.50845	-200.4409	124.9324	2.063825	1.03454	1.050435
2070	-73.63868	-198.5232	124.8845	1.864647	1.03454	1.268183
2076	-77.95781	-201.778	123.8201	1.999608	1.795696	1.529469
2082	-74.76484	-200.6728	125.9079	2.304997	0.3905908	0.5545561
2088	-71.73162	-198.1138	126.3822	1.735237	0.4237981	0.6504031
2094	-72.42732	-198.6057	126.1784	2.380321	0.2384232	0.5609313
2100	-77.00612	-200.6296	123.6234	2.720533	2.275979	0.8104595
2106	-76.64015	-200.2948	123.6547	2.089026	2.487525	1.288244
2112	-82.51439	-207.4798	124.9654	2.103178	1.234636	0.7638275
2118	-85.27438	-209.6453	124.3709	2.24487	1.860719	0.7638275
2124	-75.46265	-197.6935	122.2309	1.975449	4.227171	1.911005
2130	-68.83651	-195.3499	126.5134	1.959799	0.1245619	1.140412
2136	-68.57459	-194.3677	125.7931	1.962106	0.604179	0.7665594
2142	-65.28067	-190.0199	124.7392	1.844802	1.90928	0.7665594
2148	-65.13573	-189.7495	124.6137	1.942695	1.675985	0.9755328
2154	-77.45538	-199.0554	121.6	2.304454	13.46911	0.6523932
2160	-77.63871	-203.1437	125.505	1.919681	0.9274762	0.6523932
2166	-78.4822	-205.2814	126.7992	1.779488	0.1170613	1.070811
2172	-81.35958	-205.4091	124.0495	1.835275	2.108046	1.335712
2178	-77.21635	-202.6844	125.4681	2.506346	0.5267939	0.5462093
2184	-80.94461	-203.6904	122.7458	3.112614	3.720624	0.4804787
2190	-72.96658	-197.1954	124.2288	2.807065	1.400876	0.5296178
2196	-77.17859	-199.2058	122.0272	2.469027	8.630507	0.8343589
2202	-77.5592	-199.484	121.9248	3.075111	6.402469	0.7601475
2208	-76.75256	-199.4785	122.726	2.212424	6.402469	0.8420287
2214	-70.39471	-194.4399	124.0452	1.816919	2.335355	1.254111
2220	-80.11749	-201.3355	121.218	2.069402	13.70948	1.285392
2226	-77.02881	-198.631	121.6022	1.984288	13.70948	1.020428
2232	-81.77596	-203.6062	121.8302	2.221886	8.486556	1.285422
2238	-82.59036	-207.579	124.9886	2.582918	0.787599	0.6732017
2244	-85.1831	-207.1509	121.9678	2.81818	7.906932	0.5186826
2250	-86.33557	-209.6547	123.3191	2.639254	3.37572	0.629974
2256	-77.49423	-197.978	120.4838	2.851807	19.14869	0.4276871
2262	-80.09517	-204.9969	124.9017	2.947012	0.6091135	0.5524169
2268	-76.84568	-199.0184	122.1728	2.815539	5.710972	0.9713953
2274	-73.98948	-196.729	122.7395	2.03471	6.2761	1.048217
2280	-75.86175	-197.9398	122.078	2.131156	9.133093	1.048217
2286	-77.90458	-200.7535	122.849	2.37054	5.268032	0.8416668
2292	-74.99952	-198.9146	123.915	2.474748	2.291143	0.7339957
2298	-81.2464	-205.1397	123.8933	1.761874	2.442597	1.376946
2304	-78.62759	-199.5396	120.912	2.105456	19.8533	0.9590137
2310	-89.69962	-210.2456	120.546	2.063045	26.57417	0.8324525
2316	-82.46705	-207.4573	124.9902	2.241339	1.059649	0.7565251
2322	-83.09842	-206.4409	123.3425	1.774517	1.857295	1.994066
2328	-92.03619	-211.3205	119.2844	2.072177	8.589974	3.057102
2334	-83.15192	-205.6586	122.5067	1.562633	1.01607	3.057102
2340	-100.9165	-223.1881	122.2716	3.701564	3.341024	0.3917084
2346	-99.46168	-221.9461	122.4844	2.433404	6.581492	0.8170221
2352	-87.26055	-212.0872	124.8266	1.965765	0.4730684	1.769353
2358	-81.3173	-207.9693	126.652	1.642587	0.1686701	1.159759
2364	-83.48455	-208.3063	124.8218	1.445952	0.3920911	2.218998
2370	-83.40462	-208.5429	125.1382	1.424751	0.02726135	2.756619
2376	-83.73546	-209.3474	125.6119	1.634543	0.03366176	2.314151
2382	-82.83311	-208.1804	125.3473	1.359959	0.9113205	1.402306
2388	-80.89026	-204.3329	123.4427	1.080514	0.9113205	2.848731
2394	-79.34063	-204.2956	124.9549	2.13602	0.9587605	1.032424
2400	-75.03956	-198.4649	123.4253	1.418387	4.962749	1.282002
2406	-70.10834	-192.5247	122.4163	1.992163	6.716169	1.282002
2412	-65.61577	-189.9667	124.3509	1.767865	1.795915	1.297742
2418	-56.60243	-180.9383	124.3359	2.089142	1.795915	1.028186
2424	-64.44019	-191.3223	126.8821	2.135013	0.05721149	0.8970729
2430	-59.49989	-183.9942	124.4943	1.557509	2.044063	1.228612
2436	-66.82831	-190.4524	123.6241	1.839408	3.537168	1.145943
2442	-67.9322	-192.4788	124.5466	1.809032	1.67154	1.167024
2448	-70.90938	-194.426	123.5166	1.669426	3.412461	1.412919
2454	-66.14331	-187.921	121.7777	1.37713	3.412461	2.764078
2460	-73.52037	-197.2433	123.7229	1.250672	0.9393225	2.55412
2466	-68.0021	-191.1146	123.1125	1.944788	5.116738	1.05749
2472	-65.36026	-188.8719	123.5116	1.893682	4.377478	0.9247319
2478	-67.53372	-189.5312	121.9975	2.115797	11.38505	0.7635832
2484	-72.11449	-193.7075	121.593	2.452534	11.9505	0.7481229
2490	-74.978	-199.1034	124.1254	2.533848	1.826439	0.7304475
2496	-77.16699	-201.563	124.396	2.212578	1.826439	0.8033284
2502	-76.39507	-200.7474	124.3523	2.365458	1.821687	0.6236552
2508	-78.51804	-202.6377	124.1197	2.52998	1.939524	0.6120188
2514	-78.60594	-205.3842	126.7783	2.492285	0.01139546	0.7433809
2520	-74.49631	-200.4051	125.9088	2.815732	0.1652213	0.3466351
2526	-80.37854	-204.9715	124.593	2.819815	0.9556353	0.404075
2532	-77.36598	-202.1952	124.8292	2.819815	0.760498	0.4554258
2538	-72.66929	-199.2483	126.579	2.762889	0.03236097	0.4451314
2544	-87.10642	-210.5546	123.4482	1.865307	1.64324	1.955911
2550	-79.28439	-205.71	126.4256	1.987916	0.04782185	1.468926
2556	-69.6338	-194.1157	124.4819	1.188973	0.7059639	2.285342
2562	-74.52685	-196.1893	121.6624	1.624805	9.480984	1.730837
2568	-68.39637	-193.9779	125.5815	1.569266	0.4237943	1.576378
2574	-77.87908	-203.0144	125.1353	1.876468	0.2980381	1.858758
2580	-85.72273	-210.0162	124.2934	1.90091	1.102297	1.642701
2586	-80.63921	-205.21	124.5708	1.302097	2.324879	1.249672
2592	-78.9872	-202.1246	123.1374	1.511711	2.428831	2.092791
2598	-84.45269	-208.6334	124.1807	1.26571	2.428831	1.541138
2604	-71.79989	-196.2975	124.4976	1.517209	2.099471	1.233152
2610	-77.99004	-198.7694	120.7794	1.809708	16.19252	1.606637
2616	-67.87573	-190.8084	122.9326	1.389753	2.903828	2.161072
2622	-58.44643	-182.6463	124.1999	2.214535	2.224496	0.7507051
2628	-64.09509	-186.2032	122.1081	1.427274	4.892008	2.220922
2634	-83.38196	-206.9427	123.5607	1.5498	1.107569	2.364238
2640	-68.12076	-191.8898	123.7691	1.424049	1.565729	2.071951
2646	-67.93613	-192.7849	124.8488	1.451562	1.560404	1.279016
2652	-67.21528	-192.1114	124.8961	1.396586	1.560404	1.285324
2658	-63.7672	-188.6119	124.8447	0.8025886	1.501675	1.796741
2664	-63.18214	-187.8902	124.7081	0.8938126	0.498913	2.519554
2670	-67.14371	-189.0982	121.9545	0.4896268	7.502182	2.519554
2676	-62.33926	-187.4191	125.0799	0.8113787	0.5064275	2.329445
2682	-61.40554	-185.1559	123.7504	1.317509	5.336762	0.9889014
2688	-64.11399	-189.8163	125.7023	1.636407	0.8248377	0.9284933
2694	-81.75231	-207.3879	125.6356	1.251281	0.5548594	1.607872
2700	-83.65828	-207.8693	124.2111	1.449718	0.4669338	2.516605
2706	-92.46009	-216.5102	124.0501	1.132194	1.306593	2.207623
2712	-72.53247	-199.209	126.6765	1.58822	0.255492	0.9476895
2718	-74.94486	-199.1585	124.2136	1.603819	3.717839	0.6606824
2724	-73.61395	-200.0083	126.3943	1.894747	0.04682385	1.565506
2730	-69.45737	-193.9533	124.4959	1.201184	1.80527	1.61492
2736	-66.48778	-191.0512	124.5634	1.683845	1.575899	1.31333
2742	-66.32815	-189.7512	123.4231	1.610908	2.640236	1.763244
2748	-73.12306	-198.8559	125.7328	1.795103	0.3764113	1.359448
2754	-73.43617	-197.1144	123.6782	1.190499	4.548053	1.359448
2760	-72.60777	-196.0752	123.4674	1.545198	4.151967	1.344087
2766	-63.09384	-189.3763	126.2825	1.586506	0.2687992	1.278278
2772	-65.45034	-189.8073	124.3569	1.633367	2.047207	1.278278
2778	-74.08725	-198.7773	124.69	1.395482	1.485812	1.489779
2784	-64.05072	-190.9686	126.9179	1.401767	0.1515065	1.188523
2790	-72.73721	-200.0319	127.2947	1.886473	0.009707227	0.8351023
2796	-90.98799	-215.0228	124.0348	1.437189	1.695692	1.824039
2802	-83.51338	-206.7439	123.2306	1.731594	0.53489	2.876604
2808	-81.22471	-208.0401	126.8154	1.294322	0.07427616	1.598046
2814	-74.6632	-199.8	125.1368	1.569231	1.111718	1.243191
2820	-73.60619	-199.7847	126.1785	1.9704	0.2857714	0.9895004
2826	-72.00348	-196.2408	124.2374	2.09243	2.230381	0.8585405
2832	-75.71924	-200.8776	125.1583	1.920452	0.9098775	1.092514
2838	-76.49413	-200.2897	123.7956	1.112987	4.476435	1.345136
2844	-68.3033	-195.6594	127.3561	0.9601041	0.1886837	1.082554
2850	-64.66222	-189.4162	124.754	1.185434	0.269861	2.595949
2856	-76.24578	-201.2125	124.9667	0.8562382	0.3192186	2.595949
2862	-76.03757	-201.6939	125.6563	0.7689891	1.21151	1.397438
2868	-75.77015	-201.1607	125.3905	0.4599507	0.2231216	2.726686
2874	-66.0081	-191.0542	125.0461	0.986481	1.524198	1.508426
2880	-67.38372	-192.2002	124.8164	1.216105	1.524198	1.508426
2886	-74.92409	-198.1648	123.2407	1.731892	4.296469	1.338905
2892	-79.19505	-202.0874	122.8924	1.124712	1.995357	2.643204
2898	-75.88274	-201.1406	125.2579	1.398875	0.4404906	1.901996
2904	-84.18469	-207.8213	123.6366	1.015531	4.242687	1.59536
2910	-83.05371	-208.3873	125.3336	1.376308	0.2872564	2.078237
2916	-85.26684	-209.3898	124.1229	1.661377	3.794341	0.6728012
2922	-76.7228	-202.6569	125.9341	1.11347	0.293022	1.842329
2928	-77.67986	-203.5172	125.8373	1.356151	0.3200852	1.697247
2934	-78.39553	-203.7861	125.3906	0.8003033	0.2736314	2.433173
2940	-82.56443	-205.1807	122.6163	1.380535	4.711009	1.951925
2946	-84.93876	-209.5391	124.6003	1.494618	3.10023	0.5353218
2952	-88.39693	-210.8281	122.4312	1.139199	10.94826	1.352092
2958	-97.93753	-221.6437	123.7062	1.508141	5.359876	0.8173583
2964	-86.00766	-211.5046	125.4969	1.313669	1.459347	0.8656232
2970	-106.0304	-229.5398	123.5095	2.768514	2.630498	0.6248102
2976	-95.39691	-218.7974	123.4005	3.113185	2.204704	0.4454983
2982	-80.47882	-204.6815	124.2027	2.174091	1.032201	1.558609
2988	-86.33419	-209.3201	122.986	1.150186	1.032201	3.007591
2994	-80.88906	-205.083	124.1939	2.062543	2.30735	0.8962994
3000	-80.34625	-202.5619	122.2156	2.309406	9.366376	0.4767048
3006	-84.38085	-205.9735	121.5926	3.135242	7.306086	0.2578591
3012	-68.06887	-193.824	125.7551	2.049032	0.6132793	0.6628839
3018	-80.39076	-203.75	123.3593	2.355035	1.792964	1.608132
3024	-79.81475	-204.8817	125.0669	2.362378	0.8020212	0.8557204
3030	-69.95205	-195.1606	125.2086	2.282067	0.7729337	0.8227791
3036	-85.19714	-209.4289	124.2318	2.088228	2.48217	0.6871954
3042	-80.35386	-206.497	126.1431	2.258641	0.1388146	1.156367
3048	-73.94728	-200.5954	126.6481	2.507081	0.06016405	0.6879906
3054	-71.8468	-197.9477	126.1009	1.834415	0.3497828	1.057557
3060	-85.98886	-209.7819	123.793	1.980692	2.678946	1.186071
3066	-84.97334	-210.9258	125.9525	2.344737	0.2362607	0.9667983
3072	-75.98933	-201.2728	125.2835	2.052292	0.7964155	0.9667983
3078	-81.32828	-205.7166	124.3883	1.570848	3.001924	0.8620546
3084	-91.45283	-217.2132	125.7604	1.564244	1.063348	0.5351502
3090	-75.22428	-200.1845	124.9602	1.398948	1.063348	1.549436
3096	-77.26709	-201.2973	124.0302	1.031822	1.631587	2.127747
3102	-81.38256	-205.7149	124.3324	2.763164	1.308734	0.5923816
3108	-76.11329	-199.5093	123.396	2.002393	4.849552	0.758067
3114	-71.23639	-195.4999	124.2635	2.285557	1.861527	0.8509591
3120	-76.44778	-200.6143	124.1665	2.208057	2.423716	0.6350707
3126	-74.95249	-197.5102	122.5577	2.195101	7.530829	0.7689682
3132	-74.04945	-198.9317	124.8823	1.742178	1.342776	1.142652
3138	-72.29732	-195.0684	122.7711	1.952119	6.191757	1.114039
3144	-78.03267	-203.4897	125.457	1.761238	0.8640428	1.007173
3150	-74.6138	-198.0604	123.4466	1.954845	3.407956	1.241374
3156	-75.11935	-199.8433	124.724	1.561197	1.647749	1.241114
3162	-70.06568	-193.9368	123.8711	1.096814	2.213705	1.955597
3168	-67.82167	-191.8258	124.0041	1.305588	1.540664	2.006587
3174	-85.19921	-210.6427	125.4435	1.513309	1.007091	1.112275
3180	-70.67084	-193.9005	123.2296	1.612293	2.156686	2.060251
3186	-69.60404	-193.0516	123.4475	1.285429	3.421479	1.742597
3192	-67.87077	-191.0979	123.2272	1.565879	3.421479	1.700271
3198	-66.66529	-191.0934	124.4281	1.14717	1.545633	1.824442
3204	-66.94795	-191.9883	125.0403	1.148423	0.8354294	1.839163
3210	-72.41891	-197.1882	124.7693	0.7135397	1.647069	1.839163
3216	-72.78159	-196.7417	123.9601	1.343549	4.378878	1.028518
3222	-67.94219	-191.3736	123.4314	1.300779	6.606547	1.01603
3228	-63.40229	-188.4073	125.005	1.534745	1.548251	1.078302
3234	-68.85851	-193.1488	124.2902	1.284225	1.550813	1.822427
3240	-74.10758	-198.4579	124.3503	1.883926	2.001975	1.089634
3246	-80.24987	-207.0959	126.846	1.327858	0.2352735	1.089634
3252	-82.37176	-207.0275	124.6557	1.312486	2.241962	1.206224
3258	-66.08412	-189.6295	123.5454	1.895313	4.623878	0.7916978
3264	-55.56172	-178.8753	123.3135	1.743169	5.47465	0.9631625
3270	-57.41158	-181.887	124.4754	0.9339862	1.62539	1.899482
3276	-60.6165	-185.5993	124.9828	1.524757	1.45848	1.166695
3282	-60.20642	-183.9119	123.7055	2.061148	2.742641	1.166695
3288	-60.99637	-184.4285	123.4321	2.478813	3.082946	0.8787152
3294	-60.53288	-185.6052	125.0723	2.347823	0.9649352	0.5473725
3300	-62.05714	-186.1399	124.0828	2.529139	2.033462	0.5473725
3306	-68.38452	-192.2035	123.819	2.94273	1.785561	0.4499764
3312	-64.57787	-188.999	124.4212	2.747644	1.232705	0.4499764
3318	-63.3593	-186.4366	123.0773	2.305313	5.127275	0.6500648
3324	-57.70734	-181.9381	124.2308	2.197328	1.830316	1.003704
3330	-61.20056	-186.1634	124.9628	2.230145	1.028278	0.8482534
3336	-67.17523	-189.1265	121.9512	2.121777	11.72103	0.7539017
3342	-66.60279	-190.6572	124.0545	1.892937	1.577974	1.543141
3348	-64.9622	-189.6462	124.684	1.935401	1.341244	1.148226
3354	-63.76941	-186.9592	123.1898	1.946851	4.795468	1.068291
3360	-69.09352	-191.7606	122.6671	1.946851	3.218862	1.879641
3366	-68.27822	-193.5717	125.2934	1.636963	0.7175319	1.404848
3372	-66.10492	-190.9709	124.8659	1.850261	1.314107	1.080264
3378	-68.20045	-193.0221	124.8217	2.625531	0.9099919	0.6438467
3384	-73.94044	-198.7368	124.7964	2.556777	1.006892	0.6299074
3390	-70.13339	-195.0637	124.9303	1.724496	0.7807951	1.553844
3396	-68.92672	-192.5629	123.6362	1.729577	2.557498	1.553844
3402	-69.0094	-193.0257	124.0163	1.710305	2.557498	1.274242
3408	-68.94102	-194.7678	125.8268	2.25323	0.117397	1.481933
3414	-73.70979	-196.5653	122.8555	2.190092	3.800528	1.411608
3420	-79.76941	-204.6005	124.8311	2.409783	0.8989971	0.9445618
3426	-92.15772	-215.6339	123.4761	2.409783	3.178313	0.8620991
3432	-66.56735	-192.0284	125.461	1.539812	0.5367207	1.545043
3438	-71.75131	-195.6315	123.8802	1.58485	0.842716	2.311049
3444	-66.83177	-192.8367	126.0049	2.174957	0.381708	0.6867321
3450	-69.18712	-193.9124	124.7253	2.252717	1.475108	0.5410836
3456	-71.21109	-192.5551	121.344	2.366598	15.13263	0.6524561
3462	-79.22078	-202.9486	123.7279	1.983959	4.093157	0.6051847
3468	-71.76159	-195.8504	124.0889	2.374911	1.789636	0.9938649
3474	-77.50116	-199.862	122.3609	2.184731	6.079987	1.289018
3480	-74.12518	-196.9049	122.7797	2.477556	5.595562	0.6527887
3486	-75.97479	-198.9824	123.0076	2.477556	4.835898	0.4131016
3492	-79.22677	-201.9541	122.7274	2.757807	4.835898	0.4131016
3498	-83.59025	-209.6668	126.0766	2.523011	0.1938165	0.3137009
3504	-75.33342	-201.2419	125.9085	3.359319	0.03889935	0.3579655
3510	-71.2147	-195.6486	124.4339	3.359319	0.5368012	0.2624875
3516	-71.06852	-197.0629	125.9944	2.947072	0.120897	0.4673112
3522	-67.19314	-193.102	125.9089	3.032569	0.120897	0.4673112
3528	-61.29291	-186.0909	124.798	3.032569	0.4999791	0.2508705
3534	-71.47369	-195.503	124.0293	2.991065	1.320496	0.3249446
3540	-75.87065	-200.0862	124.2155	2.881765	1.320496	0.5454449
3546	-77.27922	-198.5552	121.276	2.943496	10.62059	0.3015795
3552	-83.0052	-207.4186	124.4134	1.997941	0.9942792	1.560792
3558	-86.273	-209.682	123.409	1.86992	5.651823	0.5393709
3564	-86.13486	-209.1767	123.0418	1.92039	4.696459	1.247525
3570	-82.79155	-203.536	120.7445	1.726417	17.76228	1.57763
3576	-92.03379	-212.3583	120.3245	2.039049	19.80912	1.517278
3582	-81.45476	-206.9551	125.5004	2.22067	0.5778568	0.8611511
3588	-69.64476	-194.4211	124.7763	2.033927	1.474	0.8529502
3594	-79.14683	-201.1732	122.0263	2.103451	5.222466	1.76211
3600	-78.71472	-201.3852	122.6704	1.974384	5.222466	1.383716
3606	-75.82242	-198.626	122.8036	2.590311	4.492434	0.8979775
3612	-74.77602	-196.571	121.795	2.20981	10.51676	1.031673
3618	-75.89126	-199.9395	124.0482	1.634644	2.796621	1.217774
3624	-84.29638	-208.2078	123.9114	1.198015	0.5963329	2.730259
3630	-82.70104	-207.4772	124.7761	1.827666	0.5264065	1.838752
3636	-78.68921	-203.081	124.3918	1.634879	1.376196	1.595068
3642	-88.82216	-214.8923	126.0702	1.228965	0.3845872	1.522233
3648	-88.80862	-213.5939	124.7852	0.9466353	0.668386	2.278008
3654	-77.52219	-200.9103	123.3881	2.107315	4.105217	0.9217359
3660	-77.74682	-201.0848	123.338	1.821382	4.105217	1.236802
3666	-72.79446	-196.7644	123.9699	1.822601	3.286039	0.9194171
3672	-69.77428	-195.555	125.7808	1.930321	0.5278298	0.957962
3678	-69.07292	-194.4719	125.3989	1.727962	0.1783773	2.000431
3684	-75.37886	-200.8983	125.5194	1.13467	0.07107791	2.571234
3690	-86.23035	-211.461	125.2306	0.8095271	0.5944257	2.145865
3696	-85.42444	-210.9337	125.5092	1.129204	0.1728682	2.32972
3702	-83.06519	-205.6386	122.5734	1.87292	7.531993	1.102022
3708	-97.97738	-218.9679	120.9905	1.79085	21.20967	1.077104
3714	-85.34286	-208.9863	123.6434	2.371675	2.504649	1.042477
3720	-85.71974	-210.7256	125.0059	2.328847	0.755362	1.017828
3726	-72.62625	-198.9644	126.3381	1.818882	0.2871522	0.9778712
3732	-71.75206	-195.3243	123.5723	2.515875	0.9798486	1.801332
3738	-63.43159	-187.6178	124.1862	2.045457	2.189973	0.9895987
3744	-54.14235	-180.6851	126.5427	1.371756	0.06208399	1.778499
3750	-55.29997	-181.4991	126.1992	1.371756	0.06889887	1.989864
3756	-69.45504	-196.1371	126.6821	1.660498	0.1561135	1.154605
3762	-68.90479	-195.8023	126.8975	1.520175	0.2558215	0.7612363
3768	-65.98436	-192.327	126.3426	1.603731	0.3382904	1.07029
3774	-74.91698	-199.2884	124.3714	2.09461	1.732421	1.028358
3780	-69.34468	-193.6035	124.2588	1.396257	1.490432	1.797056
3786	-69.44628	-192.8118	123.3655	1.72319	2.745001	1.690557
3792	-73.12075	-196.721	123.6003	1.617063	4.116881	1.184126
3798	-78.78968	-205.0256	126.2359	2.647703	0.07437802	0.9517263
3804	-79.38631	-205.609	126.2227	1.362657	0.2730918	1.492129
3810	-82.22425	-207.9371	125.7129	1.902028	0.3257827	1.37488
3816	-87.28921	-208.503	121.2138	1.579801	7.700324	2.273918
3822	-85.57272	-208.4156	122.8428	1.736415	5.994949	1.278161
3828	-86.54526	-210.8013	124.2561	1.710275	2.219319	1.218179
3834	-77.10141	-202.0603	124.9589	1.347679	1.40949	1.363917
3840	-71.07811	-197.3212	126.2431	1.622787	0.2649679	1.288724
3846	-74.81793	-199.9101	125.0921	1.869902	0.9804309	1.131694
3852	-76.30882	-202.1158	125.807	1.659796	0.568788	1.131694
3858	-73.23599	-199.203	125.967	1.330915	0.1676282	1.908977
3864	-71.08945	-195.805	124.7155	1.246863	0.6706437	2.126919
3870	-78.71301	-204.3705	125.6575	1.476322	0.3365214	1.713885
3876	-70.67288	-195.8167	125.1438	1.125773	0.9353174	1.7066
3882	-74.80724	-200.1044	125.2971	2.002512	0.3339149	1.59917
3888	-77.99928	-205.171	127.1718	1.455004	0.07675744	1.183556
3894	-75.06891	-202.0155	126.9466	1.965164	0.01929104	1.158499
3900	-81.5194	-205.7138	124.1944	2.567508	0.515321	1.741397
3906	-94.21001	-214.5093	120.2993	1.781394	14.87042	2.055905
3912	-84.99622	-210.1711	125.1749	1.556675	1.058461	1.2636
3918	-83.96093	-207.5977	123.6367	2.544602	2.676759	0.7606546
3924	-97.67677	-219.9038	122.227	2.109046	3.460184	2.003428
3930	-94.28608	-218.2598	123.9737	2.00248	2.294216	1.175441
3936	-94.70963	-219.0524	124.3428	2.00248	0.8596204	1.711146
3942	-78.2467	-201.259	123.0123	1.11588	6.351254	1.561951
3948	-64.72797	-189.3378	124.6099	0.7727866	0.4834618	2.671352
3954	-72.90278	-195.6195	122.7167	1.550437	1.539516	2.671352
3960	-72.03596	-197.7904	125.7544	1.10989	0.4543585	1.741869
3966	-70.37883	-196.8449	126.4661	1.339125	0.4770153	0.9470516
3972	-76.66257	-202.5917	125.9291	1.381316	0.4707981	1.392555
3978	-73.04987	-197.6522	124.6024	1.909346	1.705614	1.000742
3984	-73.75075	-198.3854	124.6346	0.6819307	0.5502999	2.6455
3990	-74.60462	-197.9081	123.3035	0.2417759	0.8600597	3.46347
3996	-74.29754	-197.94	123.6425	0.3587941	0.6379272	3.358194
4002	-84.73107	-208.4006	123.6696	1.70648	3.70669	1.168484
4008	-86.73285	-211.558	124.8252	1.925872	0.9056888	1.372833
4014	-71.82617	-194.8378	123.0116	0.7464217	0.9327666	3.292263
4020	-84.35027	-208.9781	124.6279	1.978918	0.9056888	1.483842
4026	-83.19972	-206.2195	123.0198	1.675002	6.44356	1.086654
4032	-84.18819	-210.1144	125.9262	0.6631036	0.4263265	1.964919
4038	-81.79734	-204.1413	122.344	0.2610399	0.7249727	4.098085
4044	-82.96276	-206.8054	123.8426	0.3549029	0.7249727	3.1741
4050	-67.3315	-191.1452	123.8137	0.6681707	1.17279	2.718927
4056	-72.7086	-196.1939	123.4853	0.3216598	1.282334	3.070154
4062	-68.64292	-193.6152	124.9723	0.8462276	0.2445462	2.710543
4068	-73.99776	-198.7446	124.7469	0.7207149	0.6009951	2.504676
4074	-66.15165	-191.9214	125.7697	0.949191	0.6009951	1.679017
4080	-76.60105	-200.2906	123.6895	1.182777	1.784569	2.185138
4086	-70.16192	-194.0616	123.8997	0.7165443	1.784569	2.349394
4092	-71.70144	-195.1563	123.4548	1.562913	2.246036	1.910224
4098	-79.73558	-204.678	124.9424	0.8572668	0.5957863	2.299736
4104	-85.93435	-208.6047	122.6704	1.225978	5.311421	1.906171
4110	-89.60671	-213.6938	124.0871	1.180901	1.890262	1.878535
4116	-84.0459	-208.2502	124.2043	1.294845	1.893786	1.716899
4122	-81.12977	-203.6743	122.5445	1.385221	2.918276	2.408437
4128	-81.99328	-204.1431	122.1498	1.226435	0.97392	3.491158
4134	-75.30527	-200.1565	124.8513	2.250425	1.263313	0.6685467
4140	-77.20564	-201.6516	124.446	2.196027	1.54626	0.9801975
4146	-69.52983	-195.9815	126.4517	1.806774	0.2953011	0.8436973
4152	-77.32852	-200.6807	123.3522	1.881267	4.479587	1.065866
4158	-78.70396	-202.6487	123.9447	1.496493	2.123725	1.662544
4164	-83.34505	-208.1866	124.8415	2.16217	0.3546936	1.77799
4170	-81.82697	-205.0358	123.2089	1.714161	2.296393	1.956093
4176	-86.00591	-211.4103	125.4044	1.735946	0.4647251	1.529855
4182	-79.56678	-202.6134	123.0466	2.094185	2.802247	1.634792
4188	-86.36286	-210.4819	124.119	2.086395	1.705309	1.275162
4194	-106.132	-230.63	124.498	2.347665	0.6084713	1.579806
4200	-82.13685	-203.9754	121.8386	1.847959	6.043987	1.922791
4206	-81.80794	-203.8407	122.0327	1.275713	9.086391	1.762357
4212	-65.82753	-189.6165	123.7889	1.716301	0.6382107	2.447939
4218	-69.01643	-190.5011	121.4846	2.583303	11.24332	0.849834
4224	-66.42717	-189.5895	123.1623	1.464306	1.550928	2.442816
4230	-74.01426	-198.3336	124.3193	1.157566	0.6648508	2.442816
4236	-74.05358	-196.5825	122.5289	1.322852	4.666602	2.057276
4242	-84.73618	-207.5188	122.7827	1.335466	2.623884	2.373663
4248	-73.30264	-197.4418	124.1392	1.65772	2.158228	1.383066
4254	-75.06223	-201.1296	126.0674	1.717355	0.5474425	0.8400588
4260	-70.36719	-194.6518	124.2846	1.911126	2.683584	0.7341177
4266	-71.86552	-196.1116	124.2461	1.651722	2.513813	1.146423
4272	-93.12969	-216.5102	123.3805	2.202675	1.930534	1.641175
4278	-89.88632	-216.0622	126.1758	2.222124	0.149309	1.126328
4284	-69.59367	-193.1929	123.5992	1.903848	3.668527	1.065891
4290	-67.89928	-192.9465	125.0472	1.845748	1.106498	1.083314
4296	-66.44743	-190.1685	123.7211	1.921375	3.023681	1.167378
4302	-81.65155	-205.9439	124.2924	1.364558	0.6200373	2.368339
4308	-84.50547	-209.7101	125.2046	1.543521	0.4444463	1.834741
4314	-82.82632	-204.0746	121.2482	2.243351	15.70787	0.8802767
4320	-78.67116	-204.248	125.5769	2.179277	0.4485116	1.046265
4326	-75.92493	-200.6519	124.727	2.179277	0.9042547	1.248562
4332	-68.77505	-193.6885	124.9134	1.86638	1.376594	0.969326
4338	-68.45942	-192.5948	124.1353	2.217052	1.894663	1.038781
4344	-60.10018	-184.3502	124.2501	2.101914	1.440614	1.30864
4350	-65.13115	-188.9593	123.8282	1.848746	2.490334	1.340996
4356	-61.28044	-184.8706	123.5902	1.559344	2.490334	1.732884
4362	-67.57591	-192.145	124.5691	1.46789	1.135452	1.732884
4368	-73.49983	-199.1556	125.6558	1.221206	0.2969929	1.951777
4374	-66.43427	-192.4696	126.0354	1.167925	0.604836	1.309958
4380	-67.76891	-192.819	125.0501	1.255586	1.153781	1.527041
4386	-75.0826	-198.5641	123.4815	1.25729	1.173972	2.559775
4392	-60.26388	-185.1653	124.9014	1.55669	1.173972	1.397515
4398	-63.6331	-187.8265	124.1934	2.061013	1.852795	1.152727
4404	-69.13257	-192.5777	123.4452	1.907032	4.789048	0.8430127
4410	-73.05728	-196.6918	123.6345	1.348456	2.857799	1.729492
4416	-70.76011	-195.0916	124.3314	1.980326	1.945939	1.047974
4422	-72.43345	-196.2466	123.8131	1.626184	3.439817	1.198967
4428	-75.04019	-199.5663	124.5261	1.625671	0.8222742	1.874843
4434	-79.14981	-201.944	122.7942	1.321958	0.867937	3.121652
4440	-71.91551	-196.4011	124.4856	1.791869	1.096673	1.586309
4446	-75.92192	-201.3107	125.3888	2.452492	0.3774807	1.092313
4452	-75.89546	-200.4202	124.5247	2.347419	0.6769584	1.489813
4458	-75.86791	-200.5443	124.6764	2.079702	0.3445239	1.961668
4464	-66.84022	-190.0763	123.236	1.5682	0.3445239	3.178995
4470	-64.98609	-189.2042	124.2181	1.961671	1.425697	1.452573
4476	-61.04516	-186.4918	125.4467	1.857344	0.6290717	1.197391
4482	-56.39555	-180.0875	123.692	1.622818	1.021214	2.286617
4488	-63.82657	-188.2046	124.378	2.330441	0.5601229	1.729511
4494	-60.91749	-186.7124	125.7949	1.856793	0.5564072	0.9731933
4500	-71.52967	-193.5771	122.0474	1.792421	10.58318	1.17358
4506	-68.78865	-192.1122	123.3236	1.102794	2.040382	2.371155
4512	-73.67452	-199.2655	125.591	1.043974	0.5889051	1.750793
4518	-80.09187	-203.6084	123.5165	1.976253	2.351506	1.535975
4524	-71.53741	-194.9598	123.4224	2.146857	4.113211	0.832826
4530	-74.93405	-199.3096	124.3756	2.004247	1.273338	1.391978
4536	-78.06246	-203.4576	125.3952	1.581963	1.129912	0.9806586
4542	-70.91669	-193.8352	122.9185	1.840613	7.029451	0.8909862
4548	-65.98408	-188.9116	122.9275	1.896594	6.934345	0.8379489
4554	-65.61511	-190.5089	124.8938	2.08158	1.385689	0.7177377
4560	-72.96488	-198.9512	125.9863	1.478732	0.295767	1.541042
4566	-74.67331	-198.5952	123.9219	1.565262	2.077425	1.648307
4572	-72.66251	-194.7732	122.1107	1.801134	3.335522	2.310886
4578	-70.40533	-193.678	123.2726	1.370428	4.302361	1.588075
4584	-73.39703	-197.4155	124.0185	1.315222	1.526069	1.997604
4590	-73.34114	-197.5205	124.1793	1.525325	1.526069	1.744347
4596	-75.55618	-198.8368	123.2806	1.374465	1.932087	2.266067
4602	-72.70793	-195.2354	122.5275	1.172038	1.932087	2.860309
4608	-85.42828	-204.284	118.8557	2.298786	13.10575	2.773488
4614	-87.72563	-210.4132	122.6876	1.413087	7.71826	1.362535
4620	-81.28525	-204.4074	123.1222	1.680922	2.111795	2.102263
4626	-85.81301	-208.504	122.691	1.820376	3.927735	1.769735
4632	-78.63817	-202.008	123.3698	1.20035	3.221756	1.908611
4638	-70.00231	-194.5926	124.5903	2.002634	1.008607	1.413144
4644	-73.64779	-198.0463	124.3985	1.49935	1.977636	1.384827
4650	-70.39012	-193.1531	122.763	1.782026	7.501456	1.01422
4656	-63.48162	-187.5398	124.0582	1.30266	0.8549969	2.368495
4662	-64.31553	-189.749	125.4335	1.515382	0.4484697	1.689575
4668	-61.10101	-186.5693	125.4683	2.057821	0.4290253	1.279599
4674	-62.38516	-187.9389	125.5537	2.553803	0.3941942	0.7638115
4680	-72.85675	-197.8487	124.992	2.335058	0.910397	0.8317498
4686	-76.06987	-200.1422	124.0724	2.018719	1.391365	1.539103
4692	-70.4103	-196.5382	126.1279	2.081112	0.2613019	0.9898506
4698	-77.45514	-202.1734	124.7183	2.081293	1.154906	1.128231
4704	-68.34169	-193.3016	124.9599	1.983292	1.154906	0.9921476
4710	-73.25423	-194.4148	121.1606	2.078804	15.80272	1.123064
4716	-71.13197	-192.5726	121.4407	2.284109	14.01726	0.8290058
4722	-69.39621	-193.0221	123.6259	2.241763	3.296755	0.8264923
4728	-77.20702	-199.9504	122.7434	2.594212	5.430968	0.5250192
4734	-73.25171	-194.2493	120.9976	2.483472	16.66612	0.7653859
4740	-65.72049	-189.4809	123.7604	2.483472	2.758825	0.4736623
4746	-77.76068	-195.9316	118.1709	2.341403	83.24669	0.5765739
4752	-83.31255	-204.0754	120.7628	2.890301	16.01246	0.5215239
4758	-82.92023	-202.2379	119.3177	2.820443	36.90492	0.5911465
4764	-83.50133	-202.3932	118.8919	3.12725	39.30216	0.4219036
4770	-72.84694	-194.0365	121.1896	3.102888	10.27213	0.3179184
4776	-76.78386	-198.2716	121.4878	3.145395	8.553232	0.3814114
4782	-82.51683	-205.2573	122.7405	3.279922	3.158263	0.3542815
4788	-76.31992	-197.8725	121.5526	2.951949	9.262439	0.3730422
4794	-72.15902	-196.7697	124.6106	2.784103	0.9276982	0.3370767
4800	-75.04063	-200.3535	125.3128	2.440446	0.6408731	0.686059
4806	-86.27129	-210.9739	124.7026	2.680292	0.9673918	0.6528348
4812	-71.23397	-196.2382	125.0042	2.437417	0.8605742	0.7500644
4818	-84.32882	-207.0544	122.7256	3.478946	2.452015	0.2531743
4824	-77.30174	-201.5038	124.202	3.27909	0.7835895	0.2772557
4830	-78.58723	-202.3927	123.8055	3.363222	1.172619	0.3487911
4836	-78.15367	-201.321	123.1673	3.6428	1.396852	0.2325587
4842	-73.15068	-196.6478	123.4971	3.429605	1.396852	0.2977016
4848	-65.96754	-190.2019	124.2343	3.015958	1.02487	0.2977016
4854	-71.69328	-193.206	121.5127	3.427209	5.614154	0.1887938
4860	-77.89446	-201.8599	123.9654	3.587098	0.7728962	0.3205558
4866	-73.32661	-197.3347	124.0081	3.587098	0.6176095	0.2258112
4872	-80.97353	-206.0355	125.062	3.483149	0.169355	0.2348693
4878	-91.55881	-213.3008	121.742	3.483149	5.451509	0.3019122
4884	-77.86999	-204.1713	126.3013	2.985588	0.04157104	0.4111605
4890	-76.45602	-202.6635	126.2075	1.838957	0.4252623	0.7668882
4896	-79.34468	-205.8315	126.4868	1.766684	0.187449	1.142997
4902	-64.90675	-191.2618	126.355	1.78451	0.1963534	1.218232
4908	-79.99674	-205.5464	125.5497	1.296511	0.6949652	1.491457
4914	-82.65933	-206.7792	124.1198	1.879459	1.192905	1.723338
4920	-93.47187	-218.0938	124.622	2.227295	0.86562	1.329709
4926	-78.71778	-204.8511	126.1333	1.593128	0.2490115	1.431472
4932	-74.99027	-199.9444	124.9541	1.710271	0.8825729	1.459229
4938	-75.95428	-199.8582	123.9039	1.722717	2.670969	1.311856
4944	-73.55016	-196.7762	123.226	1.509942	5.274876	1.299811
4950	-71.85298	-196.6413	124.7883	2.484831	0.9141504	0.8911876
4956	-70.48112	-195.0346	124.5535	1.743944	1.172872	1.520462
4962	-67.56767	-191.6438	124.0761	1.222476	1.898957	1.85403
4968	-65.91482	-190.8289	124.9141	1.541504	1.093702	1.455629
4974	-70.8387	-192.786	121.9473	1.780556	6.593104	1.807785
4980	-63.13199	-185.4058	122.2738	1.670759	6.497843	1.670702
4986	-60.84315	-183.666	122.8229	1.886064	4.620574	1.466211
4992	-61.45425	-186.8442	125.39	2.266542	0.3776527	1.253244
4998	-61.57096	-185.8442	124.2733	1.824228	1.271414	1.605201
5004	-60.63	-185.447	124.817	2.036691	1.271414	0.9807633
5010	-65.78282	-190.0896	124.3068	2.74568	1.271414	0.7416867
5016	-55.8998	-180.5847	124.6849	1.909612	1.271414	1.219172
5022	-59.76653	-183.0786	123.3121	1.707294	3.92907	1.397392
5028	-68.21292	-194.0527	125.8398	1.594378	0.7413731	0.9335611
5034	-63.97513	-188.6971	124.7219	1.316707	1.391453	1.577651
5040	-66.79826	-192.2633	125.4651	0.6908647	0.7763376	1.908876
5046	-70.90128	-195.737	124.8358	1.362516	0.7763376	1.880108
5052	-79.52471	-203.7326	124.2078	2.595677	1.72141	0.5533455
5058	-79.27481	-203.0291	123.7543	2.164954	2.330469	1.208151
5064	-73.02581	-199.2561	126.2303	1.368234	0.09647906	1.886547
5070	-67.5316	-193.3821	125.8505	1.516537	0.7950202	0.9356463
5076	-62.76881	-189.3449	126.5761	1.344017	0.2804654	1.21149
5082	-66.58979	-191.352	124.7622	1.373258	0.9487825	1.7907
5088	-63.91912	-189.5215	125.6024	1.26796	0.8163989	1.357477
5094	-60.92113	-185.56	124.6389	1.26796	0.5785168	2.247368
5100	-69.92759	-193.8158	123.8882	1.570812	2.480418	1.512621
5106	-62.66025	-188.2189	125.5586	1.26634	1.097148	1.152656
5112	-58.97884	-183.2299	124.251	1.185848	1.761494	1.818423
5118	-57.92717	-184.7038	126.7766	2.182775	0.1135085	0.4222313
5124	-59.58583	-183.3334	123.7475	2.078186	3.649841	0.347389
5130	-63.55376	-187.5282	123.9745	2.032603	3.322787	0.5192077
5136	-71.47693	-195.2798	123.8029	2.032603	3.084254	0.9608283
5142	-72.60761	-198.1068	125.4992	2.132987	0.7342104	0.6822564
5148	-66.02221	-190.8717	124.8495	2.512825	0.9821722	0.6643143
5154	-81.05786	-205.3938	124.3359	2.057105	1.294753	1.367732
5160	-70.20637	-194.5984	124.392	2.600288	0.2705795	1.917016
5166	-66.99106	-190.5043	123.5132	1.194442	1.98728	2.211053
5172	-77.81781	-202.0736	124.2557	1.766495	0.4775571	2.276621
5178	-79.70469	-204.3813	124.6766	1.91367	1.321	1.187942
5184	-64.45435	-190.0127	125.5583	1.816764	0.3026721	1.595254
5190	-66.11339	-190.7245	124.6111	2.259784	0.6868959	1.480808
5196	-54.63821	-180.4503	125.8121	1.502264	0.2774536	1.68218
5202	-57.15072	-183.2342	126.0835	2.038848	0.2066613	1.206746
5208	-55.94928	-181.2507	125.3014	1.530152	0.9047541	1.309409
5214	-59.75119	-184.6563	124.9051	1.950877	1.30026	0.9537134
5220	-61.27387	-185.0264	123.7525	2.187376	2.287753	1.209641
5226	-55.05687	-180.9996	125.9427	2.02881	0.3882292	0.943076
5232	-63.59364	-188.1439	124.5503	2.188374	1.473416	0.9347782
5238	-62.9683	-188.4099	125.4416	2.327124	0.4908571	0.9608332
5244	-62.56539	-187.7375	125.1721	2.688365	0.6024321	0.540119
5250	-67.77773	-192.759	124.9813	1.329299	0.2166586	2.452837
5256	-66.04873	-190.7833	124.7346	1.850466	1.108944	1.343858
5262	-66.18937	-191.4109	125.2215	1.95559	0.8561387	1.055678
5268	-69.33202	-193.2355	123.9034	1.369551	1.05145	2.294529
5274	-69.38337	-194.5295	125.1461	1.665033	1.05145	1.202333
5280	-67.98972	-192.977	124.9872	1.819312	0.4482546	1.789702
5286	-70.7762	-194.9475	124.1713	2.050136	1.441952	1.411086
5292	-69.1064	-192.1188	123.0124	2.525017	3.409527	1.122997
5298	-67.97374	-193.0095	125.0357	1.620749	0.8508678	1.491917
5304	-62.74383	-187.8255	125.0817	1.620749	0.8508678	1.457133
5310	-66.78487	-191.743	124.9582	1.868995	1.13198	1.122059
5316	-59.57691	-185.5142	125.9373	1.819838	0.2428117	1.420418
5322	-67.61283	-193.1492	125.5364	2.187418	0.2952073	1.34386
5328	-66.14134	-192.3379	126.1966	1.849583	0.09199602	1.585575
5334	-67.17473	-191.4459	124.2712	1.693046	1.290188	1.689731
5340	-67.99299	-190.8735	122.8805	1.358631	5.198379	1.689731
5346	-64.48238	-189.5976	125.1152	1.848326	0.7985913	1.299507
5352	-62.79771	-188.8682	126.0705	1.921841	0.3109459	1.083928
5358	-65.49749	-190.6347	125.1372	2.50722	0.7672992	0.5163864
5364	-70.86315	-196.7299	125.8668	2.936771	0.1440556	0.3536673
5370	-76.23571	-200.6211	124.3854	2.045044	1.453667	1.235876
5376	-72.8232	-198.8228	125.9996	1.985132	0.2311413	1.26408
5382	-79.86719	-203.3173	123.4501	1.244405	2.554943	2.021703
5388	-80.90788	-206.3074	125.3995	1.98965	0.7373763	0.9857715
5394	-74.98298	-199.7051	124.7221	1.160427	1.938522	1.414926
5400	-70.18242	-196.8558	126.6733	1.417704	0.3614941	0.8697462
5406	-70.97355	-196.7146	125.7411	1.698975	0.3614941	1.451221
5412	-76.01745	-201.5775	125.5601	1.312344	0.7157576	1.451221
5418	-61.29378	-188.4974	127.2036	1.276916	0.1252806	1.131397
5424	-66.26907	-187.9074	121.6384	1.148213	3.083299	3.065598
5430	-76.36918	-199.9277	123.5585	1.051656	1.048234	2.710866
5436	-84.59544	-204.6091	120.0137	1.506124	1.048234	4.510637
5442	-74.74688	-198.7951	124.0482	1.636687	0.8597679	2.157042
5448	-82.02287	-203.5355	121.5127	1.109219	1.957299	3.491215
5454	-85.01874	-206.8617	121.843	1.041921	2.342737	3.210857
5460	-85.10811	-209.5495	124.4414	1.054828	0.1393856	3.101372
5466	-81.17882	-206.3637	125.1849	0.8058758	0.2717027	2.561278
5472	-77.59538	-201.7764	124.1811	0.8591934	0.7713844	2.629921
5478	-71.86542	-197.3958	125.5304	0.8672257	0.5549458	1.94849
5484	-69.52879	-195.6475	126.1187	1.401768	0.1920504	1.701302
5490	-69.4616	-194.5857	125.1241	1.524556	1.122136	1.282694
5496	-64.62173	-189.8846	125.2628	1.472185	0.8578391	1.42619
5502	-65.44472	-192.0144	126.5696	2.053256	0.2116249	0.5992776
5508	-59.10575	-185.6105	126.5047	1.280719	0.4064871	1.091515
5514	-62.77446	-186.04	123.2655	1.487257	3.173589	1.796823
5520	-51.85158	-177.6717	125.8201	1.629509	0.300316	1.544577
5526	-53.13735	-179.7465	126.6092	1.282403	0.300316	1.195523
5532	-60.76024	-184.3241	123.5638	2.037688	2.597445	1.359655
5538	-55.38031	-180.9174	125.537	1.822579	0.5415479	1.259832
5544	-59.50633	-184.1255	124.6191	1.395324	0.7579901	2.018755
5550	-77.72712	-201.6097	123.8826	2.024405	3.190776	0.8301314
5556	-76.71026	-202.7061	125.9958	2.558068	0.1892487	0.8301314
5562	-71.46345	-194.287	122.8235	1.105821	0.06606849	4.189786
5568	-66.91629	-193.4469	126.5306	1.213661	0.1647588	1.603326
5574	-69.43828	-195.683	126.2447	1.499531	0.1647588	1.603326
5580	-72.13748	-198.1869	126.0494	2.23501	0.3215258	0.7245633
5586	-76.94251	-203.1776	126.2351	1.798188	0.3215258	1.022221
5592	-80.23993	-206.275	126.0351	1.112531	0.6466882	1.307202
5598	-87.07813	-211.911	124.8329	1.416361	1.490101	1.361165
5604	-87.7831	-211.4853	123.7022	1.401922	5.513937	0.9010292
5610	-86.66367	-211.4255	124.7618	1.751694	1.54379	1.105459
5616	-78.12163	-203.4151	125.2934	1.593432	0.7613478	1.396089
5622	-80.66798	-203.3256	122.6576	1.675807	4.056394	1.862554
5628	-77.35907	-202.4047	125.0456	1.92651	1.211732	0.9087514
5634	-77.18487	-201.2295	124.0446	1.997602	2.544948	0.9965963
5640	-89.65319	-215.1309	125.4778	1.716278	0.6048924	1.317356
5646	-86.86577	-209.4373	122.5715	1.709776	2.331205	2.36219
5652	-87.83314	-211.3805	123.5474	1.092761	1.444811	2.483262
5658	-88.34574	-211.6463	123.3005	1.131152	1.444811	2.612951
5664	-79.94043	-205.1128	125.1723	1.379386	0.9900861	1.458991
5670	-82.97466	-205.8128	122.8382	1.483223	5.468211	1.578751
5676	-81.94277	-205.4468	123.504	1.355648	5.468211	1.152078
5682	-71.67876	-195.8458	124.167	1.802408	1.045871	1.838092
5688	-82.94607	-207.1527	124.2067	2.660174	1.621595	0.571688
5694	-80.82202	-205.1659	124.3439	2.497968	1.621595	0.6427595
5700	-75.66961	-200.0238	124.3542	2.473724	1.692487	0.5063251
5706	-75.81603	-200.2314	124.4154	2.665611	1.344472	0.4790275
5712	-68.64685	-193.2576	124.6108	2.470217	1.344472	0.4790275
5718	-75.20384	-198.5272	123.3233	2.633942	3.453994	0.5020685
5724	-74.3472	-197.698	123.3508	2.76411	3.057656	0.4904557
5730	-78.20394	-202.9655	124.7616	2.107504	0.7840342	1.388514
5736	-80.33523	-204.1604	123.8252	1.655942	3.152278	1.259226
5742	-82.74419	-206.8296	124.0854	2.672076	1.712863	0.688378
5748	-81.0626	-205.6845	124.6219	2.328107	1.297501	0.8506347
5754	-78.79829	-200.3688	121.5705	2.311099	13.2121	0.748194
5760	-73.88191	-197.4893	123.6074	1.769225	4.959846	0.743578
5766	-79.37184	-201.6474	122.2756	2.641479	7.106416	0.6329641
5772	-75.41815	-198.2905	122.8724	1.65952	7.106416	1.103427
5778	-66.95399	-191.4018	124.4478	1.916129	1.885522	1.033016
5784	-72.73025	-194.4506	121.7203	1.822006	12.69862	1.176782
5790	-69.92907	-193.0134	123.0843	2.146972	4.786793	0.9781007
5796	-77.53158	-199.8661	122.3345	1.771421	5.497518	1.72775
5802	-76.04437	-200.514	124.4696	2.347789	1.319241	0.9777142
5808	-68.90868	-193.99	125.0814	2.339299	0.8842043	0.7421754
5814	-67.83682	-193.9523	126.1155	1.634065	0.4856881	0.9893651
5820	-72.09879	-195.5282	123.4294	1.486068	3.231691	1.665978
5826	-78.95848	-203.9744	125.0159	1.705989	0.5157844	1.768854
5832	-87.3715	-210.2817	122.9102	2.204239	1.226264	2.294428
5838	-87.00209	-208.7214	121.7193	1.815687	16.40269	0.7246782
5844	-75.37354	-201.3045	125.931	1.555336	0.2481732	1.61199
5850	-69.18743	-194.1592	124.9718	1.89925	0.9230453	1.261117
5856	-63.30775	-189.3812	126.0735	1.643174	0.3439498	1.261117
5862	-72.82137	-198.1989	125.3776	1.850103	0.5687695	1.333199
5868	-75.84765	-199.8256	123.9779	1.117053	0.5687695	2.764118
5874	-67.77466	-192.3118	124.5371	1.401894	0.9148677	1.949202
5880	-62.34387	-186.7257	124.3819	1.380992	0.7129431	2.220448
5886	-64.40966	-188.9065	124.4969	1.686999	0.9671479	1.743697
5892	-70.58803	-194.5502	123.9622	1.330125	0.2271295	3.05745
5898	-73.59473	-197.7698	124.1751	1.319937	1.697172	1.807486
5904	-73.20554	-199.6278	126.4222	1.372615	0.4140053	1.069522
5910	-81.60523	-207.2493	125.644	1.752377	0.4740475	1.32003
5916	-83.93157	-206.6221	122.6906	2.272236	5.613051	1.021871
5922	-87.81635	-212.4959	124.6796	1.69008	1.300335	1.382495
5928	-90.3972	-214.9634	124.5662	1.228865	1.300335	1.802421
5934	-80.38931	-204.8942	124.5049	2.863163	1.001966	0.4090493
5940	-81.7933	-206.5687	124.7754	2.047433	0.5433867	1.666756
5946	-79.26461	-205.3594	126.0947	1.633739	0.3125433	1.307958
5952	-84.12408	-209.5995	125.4754	2.145773	0.7394103	0.6904632
5958	-85.12939	-208.1041	122.9747	2.78202	4.016674	0.502628
5964	-80.61473	-206.4815	125.8668	2.393643	0.3386193	0.702105
5970	-81.34071	-204.8738	123.5331	2.22105	2.418341	1.307845
5976	-81.38683	-204.7289	123.3421	1.737088	2.418341	1.806936
5982	-89.7854	-213.8369	124.0515	2.495691	1.98584	0.7534193
5988	-75.54118	-202.2923	126.7512	2.17137	0.08372766	0.8599065
5994	-76.20926	-200.3421	124.1328	2.098362	2.417396	0.8599065
6000	-78.85651	-205.3722	126.5157	2.06341	0.09158429	1.166551
6006	-74.1091	-200.4225	126.3134	2.321644	0.1342652	0.9496131
6012	-70.95239	-195.7154	124.763	2.618472	1.00733	0.5050901
6018	-69.0857	-193.8712	124.7855	2.515108	1.071944	0.6015625
6024	-73.67139	-199.5426	125.8712	1.454524	0.806643	0.9647822
6030	-69.21925	-193.6685	124.4493	2.236181	1.803403	0.7115786
6036	-75.2032	-201.7079	126.5047	2.254025	0.15548	0.6907591
6042	-81.71387	-206.4177	124.7039	2.409575	1.175641	0.7729807
6048	-71.34619	-195.4981	124.1519	1.745147	1.23172	1.771439
6054	-92.64951	-213.6619	121.0123	2.18856	3.087238	2.814962
6060	-84.88671	-209.183	124.2963	1.957771	2.737955	0.5193283
6066	-76.41154	-198.2183	121.8067	1.585617	4.270253	2.431533
6072	-74.2095	-197.2724	123.0629	2.20239	4.860906	0.9195181
6078	-77.65751	-199.5914	121.9339	2.20239	10.3541	0.9222094
6084	-78.07958	-203.0394	124.9598	2.372751	0.9859272	0.71187
6090	-83.32305	-207.2818	123.9587	2.480676	2.290001	0.6443758
6096	-73.93699	-197.5436	123.6066	2.864365	2.291175	0.5392196
6102	-66.75216	-191.3663	124.6141	2.106015	1.069529	1.264285
6108	-65.06035	-190.0412	124.9809	1.918997	0.8926605	1.264285
6114	-70.15286	-195.2217	125.0689	2.393334	0.8926605	0.6520886
6120	-78.25051	-203.2835	125.033	2.393334	0.7749105	0.8968301
6126	-69.82192	-196.3214	126.4994	2.254722	0.1513894	0.7228111
6132	-66.74419	-189.2191	122.4749	2.7996	5.643982	0.5718169
6138	-72.38107	-196.5699	124.1889	2.104598	1.838229	1.126064
6144	-87.99259	-213.2457	125.2531	2.046831	0.4450489	1.43568
6150	-80.43688	-201.9346	121.4977	1.099199	2.969548	3.20695
6156	-76.833	-200.1144	123.2814	1.379552	2.964722	1.91931
6162	-69.03012	-195.4943	126.4642	2.241335	0.1783347	0.646183
6168	-73.56716	-197.6868	124.1197	2.417943	1.938253	0.8062287
6174	-80.58033	-202.744	122.1636	2.084602	10.40904	0.7752372
6180	-80.09	-203.5809	123.4909	2.352772	3.413117	0.7989511
6186	-78.6638	-204.3741	125.7103	2.103656	0.3971597	1.081722
6192	-81.28858	-206.908	125.6194	2.584525	0.3971597	0.4712437
6198	-78.35391	-203.8465	125.4926	2.635402	0.4023884	0.7069876
6204	-77.54184	-199.4142	121.8723	1.110404	6.650967	2.292739
6210	-83.56787	-205.7632	122.1954	1.146047	6.650967	2.059846
6216	-89.23612	-212.4686	123.2325	1.975654	2.878487	1.561131
6222	-92.70677	-216.2034	123.4966	1.380213	1.776269	2.185674
6228	-87.87964	-208.9909	121.1113	1.362035	9.334762	2.289881
6234	-83.76724	-209.7428	125.9755	2.273483	0.2732461	0.9162661
6240	-76.05875	-200.385	124.3262	2.95194	1.017171	0.313642
6246	-71.93742	-198.4258	126.4884	2.503442	0.1083512	0.532402
6252	-74.94662	-199.8971	124.9505	2.054721	1.381182	0.6706244
6258	-67.74799	-193.3777	125.6297	1.868864	0.7802517	0.801016
6264	-81.41235	-203.8151	122.4028	2.468564	7.474677	0.5108141
6270	-80.10385	-203.8502	123.7463	1.756121	0.6661714	2.425609
6276	-80.32277	-203.3197	122.9969	1.364284	2.220058	2.348845
6282	-83.41629	-205.6984	122.2822	1.11492	7.142478	1.952368
6288	-91.5193	-213.8421	122.3228	1.53234	4.908334	2.008445
6294	-78.46031	-203.5041	125.0438	2.150048	0.785312	1.116238
6300	-84.69896	-210.9301	126.2311	2.121435	0.2005884	1.013272
6306	-85.32563	-210.0033	124.6776	2.087763	1.133101	1.175846
6312	-72.30336	-195.4124	123.1091	1.586867	2.318855	2.099016
6318	-69.03775	-193.1291	124.0913	1.925741	1.026355	1.818392
6324	-81.74048	-205.9341	124.1937	1.890973	0.430009	2.290539
6330	-79.18422	-203.9739	124.7897	1.88381	0.8363129	1.491545
6336	-82.89849	-203.4538	120.5553	2.25434	10.00338	1.99979
6342	-83.15522	-205.0401	121.8848	1.875134	10.00338	1.315002
6348	-73.9362	-198.7019	124.7657	2.075165	0.7389996	1.452842
6354	-67.17545	-193.0565	125.8811	2.409474	0.3535568	0.5388246
6360	-69.28036	-192.2051	122.9248	1.665478	2.562113	2.088323
6366	-61.06561	-185.0833	124.0177	1.491418	1.562559	1.861505
6372	-63.14781	-186.256	123.1082	1.545613	3.18586	1.861505
6378	-64.41216	-190.3057	125.8935	1.082778	0.4979446	1.60884
6384	-68.1611	-191.0898	122.9287	1.583191	7.311139	1.082719
6390	-60.82443	-186.7511	125.9267	1.229527	0.6328923	1.315762
6396	-64.051	-188.491	124.44	1.096645	0.3549954	2.724616
6402	-70.16506	-190.3231	120.158	1.192863	5.409098	3.464742
6408	-54.44124	-179.1472	124.706	1.267117	0.4541442	2.333971
6414	-54.32722	-176.2129	121.8857	1.357037	5.313393	2.333971
6420	-57.27006	-181.012	123.7419	1.060929	1.545135	2.333971
6426	-58.67803	-181.3849	122.7068	1.439835	5.443059	1.70904
6432	-57.21132	-181.8538	124.6425	1.628901	0.817681	1.796292
6438	-60.45361	-184.9672	124.5136	1.803269	1.852658	1.096622
6444	-61.61596	-187.1486	125.5327	1.828542	0.2001543	1.795695
6450	-68.69509	-192.6875	123.9925	1.742521	2.050381	1.477425
6456	-61.24802	-187.691	126.443	1.382823	0.278249	1.294465
6462	-57.70522	-183.4979	125.7927	1.740695	0.4153158	1.294465
6468	-64.79441	-189.0096	124.2151	1.285883	0.5351194	2.545936
6474	-73.08115	-194.6245	121.5433	1.403862	0.3113519	4.29437
6480	-71.40356	-192.9574	121.5538	1.08222	1.472905	3.670087
6486	-62.86528	-187.3948	124.5296	0.8842074	0.3037174	2.868003
6492	-54.46653	-179.1797	124.7132	1.383783	1.667148	1.382646
6498	-52.12214	-177.8466	125.7244	2.018628	0.5762048	0.837376
6504	-58.34383	-183.0672	124.7234	2.288494	1.194696	0.8805254
6510	-55.88016	-181.0909	125.2107	1.882135	1.167024	0.8113079
6516	-62.22744	-185.6839	123.4565	1.95215	1.968107	1.74902
6522	-60.45586	-185.2991	124.8433	1.436625	0.9285715	1.704356
6528	-71.12787	-194.2545	123.1266	1.542296	1.433042	2.470823
6534	-69.27952	-192.5015	123.2219	1.769684	4.431381	1.289415
6540	-67.07823	-190.8767	123.7984	1.931947	2.760229	1.191215
6546	-65.466	-189.3332	123.8672	1.725274	1.66848	1.753136
6552	-89.95055	-209.0932	119.1427	2.29246	47.90421	0.9010511
6558	-98.81408	-217.4758	118.6617	2.432988	58.86979	0.8167518
6564	-72.44129	-195.6079	123.1666	1.596006	1.585344	2.341408
6570	-72.63135	-196.563	123.9316	1.789106	3.456974	0.9256679
6576	-76.6391	-198.6583	122.0192	1.72217	10.03635	1.325819
6582	-77.95251	-199.7773	121.8248	1.766196	12.33373	1.175859
6588	-77.73943	-199.219	121.4796	1.600661	7.083557	2.169758
6594	-90.47249	-214.34	123.8675	2.317244	2.26579	0.9957315
6600	-81.17793	-204.5586	123.3807	1.686281	2.988118	1.629423
6606	-83.96173	-207.95	123.9883	1.514135	3.167757	1.236209
6612	-74.13346	-197.7586	123.6251	1.716895	2.664915	1.533686
6618	-79.48287	-204.6432	125.1604	1.64134	0.6346436	1.584794
6624	-85.09832	-206.9493	121.851	1.612147	12.03731	1.315728
6630	-76.25065	-200.0513	123.8006	1.971364	2.54616	1.241145
6636	-70.2673	-194.6695	124.4022	1.711994	1.600371	1.404996
6642	-68.07866	-191.5995	123.5209	1.292284	2.182904	2.069709
6648	-69.97573	-193.3879	123.4122	1.327107	2.466217	2.020847
6654	-78.47133	-201.7188	123.2475	1.92514	2.764355	1.62418
6660	-79.92211	-203.5323	123.6101	2.057569	2.640806	1.289971
6666	-79.75548	-203.5781	123.8227	2.222156	2.640806	0.9467523
6672	-80.16015	-203.4645	123.3044	2.653799	3.418404	0.4246682
6678	-74.47157	-198.3451	123.8735	2.653799	2.190292	0.5185478
6684	-73.70147	-199.2453	125.5438	2.067335	0.228727	1.559076
6690	-78.87225	-204.9047	126.0324	1.649405	0.228727	1.506601
6696	-77.65467	-203.0363	125.3817	2.85746	0.378186	0.5454951
6702	-68.34613	-193.9694	125.6232	2.797643	0.2523328	0.3021765
6708	-66.16032	-192.5321	126.3718	1.777534	0.2721353	1.02213
6714	-66.75227	-192.5546	125.8024	2.147342	0.3605362	1.02213
6720	-70.37948	-195.9046	125.5251	2.591964	0.3731881	0.8079342
6726	-75.24324	-199.395	124.1518	1.789812	1.20558	1.756083
6732	-73.27673	-199.3074	126.0307	2.221775	0.2554269	0.9607477
6738	-69.1304	-193.5084	124.378	2.759034	1.115267	0.8147886
6744	-68.32326	-193.4324	125.1092	2.094354	0.4650451	1.482166
6750	-66.52808	-189.6053	123.0773	1.535424	3.951396	1.692816
6756	-69.77098	-192.9053	123.1343	1.933432	3.951396	1.353411
6762	-69.44824	-193.4001	123.9518	1.646318	3.4332	1.058512
6768	-71.60614	-196.2858	124.6796	2.216878	1.131354	1.058512
6774	-76.1147	-202.124	126.0093	2.180205	0.2917489	0.9322341
6780	-68.03361	-193.4438	125.4101	2.02345	0.389654	1.412681
6786	-74.37109	-199.8476	125.4766	1.213999	0.8067624	1.504404
6792	-64.14011	-189.9446	125.8045	2.295873	0.3568415	0.8700693
6798	-67.73914	-194.097	126.3578	1.932083	0.2663483	0.8896836
6804	-68.46519	-194.5123	126.0471	2.368139	0.2663483	0.723998
6810	-68.22963	-194.2182	125.9885	2.802224	0.1599951	0.5774939
6816	-73.64799	-198.2662	124.6182	2.320414	1.374216	0.7860598
6822	-61.81053	-186.2942	124.4836	2.563271	1.374216	0.5794894
6828	-70.81332	-195.2199	124.4065	2.694132	1.320935	0.49098
6834	-71.71155	-195.8661	124.1546	2.227331	1.151101	1.47164
6840	-66.42566	-189.1108	122.6851	1.796815	5.589198	1.435177
6846	-67.07328	-191.6268	124.5535	1.859473	1.031652	1.532207
6852	-66.73387	-190.7542	124.0204	2.217236	1.382081	1.434146
6858	-75.18959	-195.5407	120.3511	2.346704	26.94625	0.6571345
6864	-70.02355	-193.824	123.8005	2.509736	2.05218	0.9881914
6870	-74.35401	-201.1761	126.8221	1.650453	0.1316342	1.1169
6876	-77.24878	-202.3813	125.1326	1.800018	1.05809	1.088837
6882	-68.52308	-191.1863	122.6633	1.522175	2.266877	2.444053
6888	-74.93929	-199.2319	124.2926	1.550819	0.8847704	2.034768
6894	-75.72877	-201.6397	125.9109	1.807422	0.4817228	1.027036
6900	-71.6142	-194.4602	122.846	1.804534	6.914012	1.030174
6906	-62.87791	-189.1202	126.2423	1.246078	0.2898001	1.534261
6912	-65.62661	-188.691	123.0644	0.9200306	1.414025	2.90053
6918	-65.78652	-190.2238	124.4373	0.8475449	2.372546	1.679085
6924	-75.3011	-198.7876	123.4865	2.178954	2.804559	1.229466
6930	-66.76439	-191.6333	124.8689	2.322728	0.6745678	1.239847
6936	-67.10303	-192.1427	125.0397	1.776419	0.8789153	1.34445
6942	-74.92976	-197.5514	122.6216	2.309897	7.176115	0.4771926
6948	-71.29181	-196.7715	125.4797	1.190774	1.370377	1.080907
6954	-68.89691	-194.2168	125.3199	1.649593	0.7713747	1.321043
6960	-79.4237	-205.0318	125.6081	1.835833	0.4815279	1.270904
6966	-76.05471	-199.6002	123.5455	1.388509	3.223858	1.654961
6972	-74.94675	-197.7969	122.8501	2.023855	6.656193	0.8509673
6978	-78.25758	-202.1463	123.8887	1.873269	2.877599	1.117091
6984	-79.71087	-204.3857	124.6748	1.280648	0.3536661	2.466921
6990	-77.9246	-204.4374	126.5128	1.816903	0.111928	1.304133
6996	-73.37336	-198.5101	125.1367	2.019478	0.971813	0.9531485
7002	-67.73259	-193.0819	125.3493	2.204183	0.7084805	0.8448253
7008	-67.15775	-190.87	123.7123	2.283413	2.956248	0.8414213
7014	-73.3053	-198.4158	125.1105	2.403972	0.6686764	0.948387
7020	-69.98534	-195.1052	125.1198	2.403972	0.6686764	0.9384261
7026	-70.21957	-195.2439	125.0244	2.021191	0.7386277	1.292102
7032	-66.93217	-191.4259	124.4937	1.457238	0.7525732	2.065201
7038	-73.01519	-195.7673	122.7521	2.144019	3.932902	1.490633
7044	-69.21583	-195.4711	126.2553	1.433996	0.2337865	1.490633
7050	-62.86935	-188.5427	125.6734	1.891109	0.4746598	1.17893
7056	-59.53445	-182.9593	123.4249	2.310604	3.870909	0.712628
7062	-71.79618	-196.3011	124.505	1.898839	1.957701	0.9486484
7068	-70.90872	-194.3358	123.4271	2.074944	2.680434	1.406964
7074	-73.66321	-197.158	123.4948	1.261641	4.031822	1.569565
7080	-68.07192	-192.1351	124.0632	1.223575	1.233338	2.179568
7086	-77.95909	-203.1534	125.1943	1.243184	0.7126391	1.769933
7092	-79.80004	-202.8003	123.0002	1.495107	2.62528	2.130757
7098	-66.83548	-189.2851	122.4497	1.590452	4.809372	1.903285
7104	-61.55469	-185.0534	123.4987	1.393796	1.835538	2.151002
7110	-74.50131	-195.4668	120.9655	1.924757	16.47422	1.35697
7116	-74.28346	-198.2854	124.0019	2.013213	2.839861	0.8789599
7122	-72.94673	-195.2162	122.2695	2.149823	8.438962	0.9604042
7128	-63.28625	-187.146	123.8597	2.005983	3.660995	0.591296
7134	-63.02863	-185.4655	122.4369	1.697936	10.53956	0.8924497
7140	-56.31109	-180.9714	124.6603	1.739699	1.18075	1.437714
7146	-64.6437	-190.8471	126.2034	1.550671	0.5483709	0.8750855
7152	-63.6123	-187.1593	123.547	1.78513	5.321843	0.6452808
7158	-76.43963	-195.88	119.4403	1.911397	48.74428	0.9543993
7164	-64.94579	-188.1052	123.1594	2.468713	4.413793	0.5143033
7170	-63.11248	-186.4212	123.3087	2.291393	4.413793	0.6289095
7176	-66.05234	-190.0394	123.987	2.376846	2.450146	0.6289095
7182	-60.72392	-186.5431	125.8192	1.494082	0.780058	1.00935
7188	-70.14196	-193.1236	122.9816	1.225491	6.550387	1.46929
7194	-63.66101	-190.0468	126.3858	1.413485	0.3661553	1.150896
7200	-68.16475	-193.5032	125.3385	1.619691	1.476321	0.6128189
7206	-71.96049	-195.8894	123.9289	2.10586	3.188511	0.6239636
7212	-80.48232	-201.7243	121.242	1.775191	22.84905	0.6038973
7218	-76.94998	-203.1005	126.1505	2.75846	0.1237527	0.616748
7224	-78.1276	-202.8487	124.7211	2.94645	0.7487089	0.5101368
7230	-75.13275	-199.5092	124.3764	2.875859	1.143313	0.514473
7236	-73.0238	-197.1269	124.1031	2.877731	1.379126	0.3317761
7242	-66.15053	-192.7824	126.6319	1.905396	0.22606	0.6976231
7248	-61.84605	-187.8005	125.9544	2.422616	0.2883092	0.6976231
7254	-61.76177	-187.2975	125.5357	1.89549	0.7964163	0.8613793
7260	-66.66702	-191.6612	124.9942	1.824892	1.452826	0.8613793
7266	-74.04364	-200.3101	126.2665	1.616476	0.3755533	1.056941
7272	-70.09422	-194.8489	124.7547	1.299055	2.326341	1.09093
7278	-59.01098	-183.6421	124.6311	1.179365	1.184296	1.859562
7284	-58.30878	-184.0949	125.7861	2.101689	0.5442596	0.6993514
7290	-53.91625	-180.1981	126.2819	1.526143	0.3398181	1.191437
7296	-54.60262	-180.8158	126.2132	2.018707	0.3398181	0.7441283
7302	-55.18753	-181.6566	126.4691	1.937581	0.2085346	0.9334441
7308	-60.61534	-187.0144	126.3991	2.051891	0.2085346	0.8842116
7314	-73.03266	-196.7669	123.7343	1.082065	0.1091799	3.569897
7320	-65.49672	-190.0256	124.5289	1.80289	0.6353988	1.913478
7326	-64.28787	-187.8963	123.6084	1.688853	3.564957	1.278721
7332	-58.49005	-184.1366	125.6465	1.85383	0.8206044	0.7296155
7338	-63.6427	-188.6755	125.0328	1.657209	0.8151383	1.497493
7344	-66.08089	-191.1443	125.0634	2.22281	0.9344163	0.8506381
7350	-60.86887	-187.8352	126.9663	2.044024	0.06666762	0.8506381
7356	-64.96308	-190.3286	125.3655	1.806519	0.3955172	1.600004
7362	-81.16668	-203.9128	122.7461	1.835177	2.416346	2.141283
7368	-76.15848	-201.3352	125.1767	2.298231	0.6744513	0.9813138
7374	-75.41568	-200.9943	125.5786	2.59266	0.363636	0.7600235
7380	-66.91993	-192.465	125.545	1.906214	0.5949549	1.110606
7386	-65.85924	-192.4484	126.5892	2.337104	0.06036001	0.9776905
7392	-64.99003	-191.6566	126.6666	2.072661	0.1011027	0.9776905
7398	-68.52395	-193.7401	125.2161	1.791394	0.818469	1.244117
7404	-73.22807	-196.4397	123.2116	1.910177	3.965696	1.306217
7410	-77.86373	-197.8195	119.9558	2.394843	30.63869	0.8284792
7416	-66.83114	-192.3211	125.4899	2.129938	0.3641682	1.305758
7422	-58.30905	-184.5247	126.2156	1.740783	0.3859765	0.9636128
7428	-73.28151	-195.8087	122.5272	1.79035	9.951286	0.7777354
7434	-64.18857	-187.1719	122.9833	1.689951	2.181813	2.161692
7440	-66.10084	-191.7175	125.6166	1.686683	0.4052014	1.48911
7446	-67.51669	-191.7536	124.2369	1.28227	0.6272422	2.448821
7452	-70.28712	-195.7301	125.443	0.9871528	0.363088	2.151384
7458	-74.6239	-198.6514	124.0275	1.180324	1.777086	1.967235
7464	-75.06228	-201.8354	126.7731	1.080305	0.1656374	1.520879
7470	-81.10485	-207.4054	126.3006	0.9614281	0.2845106	1.707172
7476	-71.56528	-196.6188	125.0535	1.204709	0.4761926	2.125427
7482	-70.3312	-195.6313	125.3001	1.64941	0.7730389	1.335487
7488	-78.49873	-202.3438	123.8451	1.86567	2.304475	1.388883
7494	-78.17675	-204.3293	126.1525	2.239988	0.2987479	0.6123931
7500	-72.33145	-197.981	125.6495	1.491265	0.4459125	1.554112
7506	-71.77544	-197.0729	125.2975	1.289946	1.007433	1.418337
7512	-68.84653	-194.0106	125.1641	2.242879	0.7076263	1.005939
7518	-62.4723	-184.8496	122.3773	2.444947	7.011569	0.8195103
7524	-62.46878	-186.9322	124.4634	2.197578	1.870004	0.6808438
7530	-61.38453	-186.1773	124.7928	2.175558	1.332496	0.790798
7536	-65.61834	-192.6679	127.0495	2.099392	0.02654593	0.9117162
7542	-62.07467	-188.3175	126.2428	1.844093	0.311589	0.9911448
7548	-62.30316	-187.4585	125.1554	2.155786	0.9529562	0.7940945
7554	-88.07133	-212.4202	124.3489	2.736881	1.337857	0.5269792
7560	-71.94797	-198.1992	126.2512	2.351142	0.1922661	0.7515002
7566	-63.76099	-190.2787	126.5177	1.459142	0.2506633	1.227038
7572	-56.30408	-182.1014	125.7973	1.733774	0.6944473	0.8927651
7578	-60.46274	-186.5443	126.0815	1.776007	0.4997342	0.8444549
7584	-62.09896	-186.6664	124.5675	1.618476	1.091601	1.655909
7590	-65.77144	-189.7834	124.0119	1.253029	0.5408926	2.686253
7596	-67.03678	-192.8084	125.7716	1.254937	0.7193553	1.327187
7602	-73.08065	-197.1385	124.0579	0.8640643	0.5747851	2.863826
7608	-74.36316	-198.4935	124.1303	0.8625443	0.528818	2.863826
7614	-68.28944	-192.3828	124.0934	1.301231	3.368649	1.259697
7620	-65.9365	-190.5371	124.6006	1.961233	1.876003	0.8239839
7626	-61.86343	-187.2286	125.3652	1.534251	1.392275	0.8193331
7632	-64.10375	-188.3622	124.2585	1.032002	0.5879246	2.626546
7638	-66.41285	-192.231	125.8182	1.061677	0.5879246	1.576663
7644	-75.59833	-198.3785	122.7801	1.124214	10.42137	1.138316
7650	-65.17286	-190.566	125.3931	1.21226	1.405893	1.115281
7656	-68.20852	-190.573	122.3645	0.9039654	5.374012	2.307272
7662	-67.61337	-190.754	123.1406	1.191728	1.392558	2.698801
7668	-70.19887	-194.854	124.6551	1.818526	1.392558	1.238829
7674	-72.32098	-194.4459	122.1249	2.795585	7.185746	0.4322708
7680	-74.95074	-197.822	122.8712	1.759106	3.573817	1.774336
7686	-71.71059	-196.728	125.0174	1.179946	0.2225003	2.513412
7692	-69.19958	-193.9235	124.7239	1.125924	0.368837	2.513412
7698	-66.71319	-189.4028	122.6896	1.338678	2.743599	2.395335
7704	-79.29989	-201.6884	122.3885	2.141564	8.605139	0.7964398
7710	-74.44312	-197.5386	123.0955	1.761549	4.516341	1.376261
7716	-79.88571	-203.1256	123.2399	2.131995	4.516341	0.9143299
7722	-70.83709	-195.5662	124.7291	1.953607	1.104361	1.2682
7728	-69.70499	-195.0687	125.3637	1.962005	0.9038753	0.8421298
7734	-66.58933	-191.2861	124.6967	1.31636	0.766477	2.012754
7740	-65.87818	-189.8415	123.9633	0.9668175	0.766477	2.701377
7746	-75.06701	-199.6028	124.5358	2.580094	0.5085285	1.492974
7752	-69.2003	-193.9965	124.7962	1.989571	1.344939	0.9888022
7758	-70.55802	-196.0545	125.4965	2.083263	0.1152766	1.846158
7764	-80.94977	-205.3234	124.3736	1.446578	2.810237	1.091186
7770	-75.58754	-194.1766	118.5891	2.637629	58.81661	0.5836759
7776	-73.99189	-196.32	122.3281	2.736858	6.491431	0.4155694
7782	-63.74024	-189.8596	126.1193	2.68023	0.1471053	0.3623344
7788	-57.79509	-184.5947	126.7996	1.453955	0.1123741	1.363586
7794	-55.9317	-180.8716	124.9399	2.093217	0.6791868	1.363586
7800	-60.56519	-185.2472	124.682	2.061071	1.733573	0.6896503
7806	-57.03615	-182.9196	125.8834	1.705755	0.3936086	1.282787
7812	-68.67392	-194.8708	126.1969	1.81898	0.3936086	0.8823436
7818	-71.99015	-198.5989	126.6088	2.310946	0.08557049	0.8532732
7824	-69.51492	-196.0713	126.5564	1.748655	0.118303	1.303478
7830	-70.63051	-195.4114	124.7809	1.4283	1.227905	1.550386
7836	-70.6783	-196.1516	125.4733	1.472917	0.517175	1.607822
7842	-64.1495	-189.7007	125.5512	1.771346	0.4405881	1.424444
7848	-71.37044	-197.2793	125.9089	1.211719	0.9314498	1.031279
7854	-72.25066	-194.0186	121.7679	1.084955	3.627975	2.89853
7860	-66.23286	-190.2165	123.9836	0.9666303	1.074727	2.484564
7866	-74.57262	-197.2438	122.6711	1.267966	2.503608	2.522581
7872	-66.89671	-191.3381	124.4414	1.543231	0.3304584	2.479794
7878	-67.54796	-194.7794	127.2314	1.653721	0.01415497	1.174858
7884	-69.32241	-195.7826	126.4601	2.159432	0.2009103	0.6794219
7890	-74.8682	-201.4128	126.5446	2.066153	0.1055878	1.08428
7896	-64.41831	-188.9658	124.5475	1.47503	1.490183	1.534415
7902	-58.5817	-183.8559	125.2742	1.574001	0.8563387	1.338877
7908	-59.78863	-186.6591	126.8704	1.784786	0.1537117	0.848268
7914	-68.36477	-195.754	127.3892	1.874163	0.04252243	0.6481729
7920	-61.56757	-188.0049	126.4373	1.654169	0.1097384	1.496491
7926	-70.7434	-197.0999	126.3565	1.632129	0.136292	1.496491
7932	-62.48195	-187.665	125.183	1.567267	0.3264217	1.991815
7938	-58.03341	-184.2052	126.1718	1.644783	0.2412057	1.377534
7944	-62.02889	-187.4326	125.4037	1.543703	1.116905	1.022235
7950	-63.61923	-188.039	124.4198	1.628297	1.005076	1.8115
7956	-67.36419	-192.4386	125.0744	1.531392	1.005076	1.405948
7962	-70.93787	-197.2818	126.344	1.346574	0.2591197	1.438938
7968	-73.32678	-199.2646	125.9378	1.718541	0.3307474	1.333361
7974	-75.84377	-200.1591	124.3154	1.350233	1.477082	1.796609
7980	-74.73697	-197.914	123.177	1.267856	1.477082	2.589815
7986	-74.95712	-200.959	126.0019	1.839395	0.4386014	0.9797331
7992	-81.3781	-206.3097	124.9316	1.365313	0.6398692	1.932837
7998	-85.86052	-208.785	122.9245	2.447933	3.828136	1.133752
8004	-76.84159	-203.2703	126.4287	2.316109	0.124869	0.8668956
8010	-81.53085	-204.7692	123.2384	2.282701	3.801154	1.00276
8016	-80.0562	-206.0922	126.036	2.254083	0.3490984	0.5841212
8022	-82.55683	-208.1008	125.544	2.300407	0.5336047	0.2910406
8028	-85.82204	-209.8671	124.0451	1.824471	1.360342	1.716623
8034	-84.23719	-208.1278	123.8906	1.788541	0.8666665	2.155792
8040	-81.20136	-206.8934	125.692	1.753916	0.6386426	1.057767
8046	-77.51729	-202.3975	124.8802	1.708325	0.1302867	2.455254
8052	-85.48946	-209.2026	123.7132	1.511114	1.105175	2.293206
8058	-78.65614	-203.2662	124.6101	1.948821	1.146039	1.337693
8064	-73.75339	-197.745	123.9917	1.483397	0.7519947	2.372983
8070	-68.20838	-193.9115	125.7031	1.947938	0.4345513	1.165242
8076	-70.11977	-193.9456	123.8259	1.651889	0.7727935	2.355137
8082	-73.2536	-197.3033	124.0497	1.920288	1.274104	1.695071
8088	-73.76019	-198.5605	124.8003	2.213004	1.199255	0.8742088
8094	-88.56152	-214.2263	125.6648	1.999942	0.1650625	1.659931
8100	-84.9269	-206.2721	121.3452	2.39586	15.16212	0.4514981
8106	-69.27083	-193.266	123.9951	2.13526	2.965212	0.6172382
8112	-86.00805	-209.4894	123.4813	1.833727	1.422277	2.061236
8118	-73.56823	-200.0119	126.4437	2.001306	0.154517	1.066432
8124	-78.32439	-203.318	124.9936	2.105018	1.067048	0.914005
8130	-74.75532	-199.0769	124.3216	2.24948	0.7410403	1.650134
8136	-80.32582	-205.3186	124.9928	1.573466	1.030759	1.416901
8142	-73.60887	-198.8068	125.1979	1.87737	0.292638	1.823864
8148	-77.70261	-200.9217	123.2191	1.731041	2.899893	1.739576
8154	-78.6694	-199.8404	121.171	1.295587	4.878389	2.888754
8160	-78.63282	-203.2471	124.6142	1.285705	0.1261218	2.888754
8166	-77.33268	-202.3441	125.0114	0.724298	0.3237863	2.643557
8172	-77.14545	-202.2642	125.1188	2.236519	0.6399621	1.139289
8178	-76.84831	-202.5309	125.6826	2.478541	0.3404664	0.8385434
8184	-70.28002	-196.1715	125.8915	2.042592	0.2642584	1.23371
8190	-73.62855	-199.447	125.8184	1.689798	0.509971	1.176526
8196	-73.69888	-197.375	123.6761	1.885965	3.193028	1.176526
8202	-68.36568	-193.9355	125.5699	2.133872	0.4384369	1.111984
8208	-79.11209	-201.3775	122.2654	3.379328	4.357657	0.5266875
8214	-67.85066	-191.3007	123.45	2.690771	2.968085	0.5822777
8220	-67.89722	-192.1343	124.237	2.170994	2.375699	0.6121526
8226	-69.83066	-192.3475	122.5169	2.110318	6.103473	1.216436
8232	-69.19457	-193.4542	124.2597	2.342963	1.724644	0.8907741
8238	-65.43666	-189.03	123.5934	2.278353	3.1287	0.9018824
8244	-69.12639	-192.1732	123.0468	2.146961	5.629245	0.748996
8250	-81.34638	-207.4062	126.0598	1.779351	0.4599112	0.9423965
8256	-81.19771	-206.9117	125.714	1.727411	0.6380463	1.06279
8262	-76.12432	-199.7816	123.6573	1.336607	2.728049	1.762729
8268	-73.35243	-194.8825	121.5301	1.111141	4.507322	2.849399
8274	-76.01108	-197.8657	121.8546	1.099594	3.890363	2.780621
8280	-75.89251	-197.3936	121.5011	1.644046	2.271301	3.078387
8286	-73.33882	-196.5916	123.2528	1.451893	2.271301	2.109717
8292	-69.50448	-194.0223	124.5178	1.135825	0.1590707	2.965707
8298	-69.30989	-192.1947	122.8848	1.129963	1.242389	2.965707
8304	-66.5452	-190.0953	123.5501	1.488609	0.998379	2.47572
8310	-63.25312	-188.7281	125.475	1.525237	0.4235643	1.685253
8316	-67.97418	-191.7663	123.7921	2.54813	1.33375	1.384302
8322	-69.71394	-194.6051	124.8911	1.995938	1.274336	0.9434987
8328	-73.98754	-199.7039	125.7164	1.941792	0.2312036	1.519194
8334	-76.42891	-203.5246	127.0956	1.580036	0.02345106	1.349036
8340	-65.58263	-192.085	126.5024	2.136914	0.1628832	0.8293249
8346	-68.04799	-194.2338	126.1858	2.106717	0.1735677	1.147432
8352	-75.26466	-199.7892	124.5246	1.540557	0.3691818	2.37766
8358	-69.4057	-194.7928	125.3871	1.680938	0.8140312	1.197207
8364	-66.50682	-193.1567	126.6499	1.982859	0.04324687	1.315681
8370	-65.24247	-189.7643	124.5219	1.550977	1.728316	1.369523
8376	-64.96276	-189.5918	124.629	0.9822514	1.325905	1.913932
8382	-62.69673	-188.2272	125.5304	1.739764	0.3669266	1.569875
8388	-63.93129	-190.6448	126.7135	2.49724	0.04873272	0.6908767
8394	-60.12725	-186.4944	126.3672	1.972314	0.2959435	0.7300999
8400	-56.43843	-182.5526	126.1141	1.813597	0.2959435	1.173095
8406	-55.32622	-180.9076	125.5813	2.085875	0.4680928	1.097383
8412	-60.35322	-187.5115	127.1583	1.789193	0.08134239	0.8428965
8418	-59.00973	-185.8314	126.8216	1.850991	0.1023121	1.038738
8424	-69.31865	-193.5678	124.2492	1.441816	2.449692	1.345886
8430	-68.33957	-194.435	126.0954	2.251504	0.2913443	0.735517
8436	-76.43975	-201.0381	124.5984	2.287945	0.3592426	1.85249
8442	-66.61221	-191.9365	125.3243	2.104696	0.7600812	0.9140444
8448	-61.71927	-187.9248	126.2055	2.113454	0.2466151	0.9140444
8454	-65.34492	-190.5118	125.1669	2.337188	0.6400227	0.9992868
8460	-79.99505	-204.2105	124.2155	1.676095	2.392915	1.20436
8466	-78.82102	-203.8585	125.0375	2.487368	0.8705484	0.5105724
8472	-79.8534	-204.9172	125.0638	3.288295	0.3148914	0.3956067
8478	-73.79677	-198.1063	124.3095	3.236092	0.8508212	0.4730738
8484	-78.60668	-201.9857	123.379	3.024565	2.387158	0.6083015
8490	-91.90122	-217.2973	125.3961	2.133021	0.3401035	1.417416
8496	-78.10876	-203.2773	125.1686	2.429176	0.7974534	0.5779839
8502	-86.2728	-210.3833	124.1105	2.485907	1.572987	1.006966
8508	-90.41871	-213.9031	123.4844	1.64284	4.881669	1.053649
8514	-90.89616	-216.029	125.1328	1.76957	1.130543	1.053649
8520	-69.91828	-195.8028	125.8845	1.627275	0.528656	1.146986
8526	-68.46307	-192.7256	124.2625	1.211902	0.2669746	2.884825
8532	-78.48011	-202.699	124.2189	1.115227	0.3266747	2.884825
8538	-89.74726	-210.4571	120.7098	1.575238	0.9943999	4.107716
8544	-87.81748	-211.1358	123.3183	1.961776	3.959741	1.175268
8550	-80.70219	-207.9026	127.2004	1.80867	0.03780745	1.00721
8556	-80.14966	-205.1024	124.9528	1.118665	0.6023186	2.117919
8562	-70.87841	-194.6867	123.8083	2.212574	2.721013	0.9324685
8568	-65.9297	-189.4308	123.5011	2.19393	2.721013	1.236468
8574	-69.08528	-189.8555	120.7702	2.678741	17.72501	0.3844205
8580	-70.59184	-194.1608	123.569	2.761646	2.511192	0.3848262
8586	-71.94688	-197.7886	125.8417	2.727326	0.234693	0.5599835
8592	-66.11613	-190.5173	124.4012	2.728303	1.268398	0.5901913
8598	-69.52293	-192.003	122.48	2.728303	5.654568	0.7159014
8604	-70.82877	-193.6591	122.8303	2.752076	4.551145	0.5462043
8610	-66.33155	-189.1659	122.8343	2.752076	4.551145	0.50281
8616	-62.65324	-187.5185	124.8653	2.891157	0.6792939	0.5150444
8622	-70.12562	-195.0721	124.9465	2.230688	0.8335537	1.079719
8628	-68.12474	-191.7988	123.6741	2.649592	2.532214	0.6282195
8634	-68.78935	-193.454	124.6646	2.679042	1.017124	0.6282195
8640	-75.82348	-200.3742	124.5507	2.820236	1.017124	0.5217336
8646	-80.00965	-201.7565	121.7468	2.448435	11.20692	0.6695311
8652	-83.98613	-201.9075	117.9213	2.375936	90.57985	0.6695311
8658	-68.01262	-193.9971	125.9845	2.942947	0.1185971	0.6208833
8664	-78.36279	-199.6299	121.2672	2.575487	14.09597	0.6208833
8670	-77.20172	-199.8313	122.6296	2.603216	5.624987	0.6863384
8676	-78.6048	-202.2867	123.6819	3.036557	1.774913	0.6855296
8682	-71.36048	-195.4095	124.0491	2.299707	2.502275	0.4116661
8688	-64.54576	-188.6159	124.0701	2.079359	2.61388	0.842409
8694	-65.71557	-191.6836	125.968	1.450692	0.3496653	1.486094
8700	-75.14231	-200.7584	125.6161	1.578275	0.4672918	1.486094
8706	-67.4913	-193.5172	126.0259	2.009048	0.250441	1.177781
8712	-74.49917	-200.732	126.2328	1.59389	0.250441	1.35027
8718	-75.31808	-200.704	125.386	1.906054	0.4793101	1.395527
8724	-74.71987	-197.8195	123.0996	2.514853	4.458577	0.5107895
8730	-72.43408	-198.3822	125.9481	2.553796	0.2563183	0.5967487
8736	-66.76958	-192.0642	125.2946	1.999343	0.8474461	0.9487574
8742	-72.9975	-198.8556	125.8581	1.49429	0.8474461	0.8845155
8748	-70.0763	-196.5606	126.4843	2.057152	0.1772854	0.8898825
8754	-62.46891	-187.147	124.6781	1.403014	1.532172	1.467483
8760	-70.86815	-195.5989	124.7308	1.160076	1.112394	1.848921
8766	-66.37996	-191.1697	124.7898	1.525937	1.373643	1.378661
8772	-68.3072	-190.7786	122.4714	1.520745	6.150984	1.693888
8778	-61.77552	-184.4371	122.6616	1.646092	5.139828	1.652237
8784	-65.42866	-190.1598	124.7311	1.533796	0.8733844	1.756849
8790	-68.38174	-192.8322	124.4505	1.765615	0.9794849	1.712173
8796	-72.97183	-195.2488	122.277	1.603326	6.523841	1.712173
8802	-72.94756	-196.5793	123.6318	1.405444	3.122007	1.610384
8808	-66.93735	-192.6106	125.6733	1.870462	0.6313335	0.9713227
8814	-71.73587	-196.944	125.2081	1.71694	0.6313335	1.496929
8820	-64.18239	-190.7501	126.5678	1.577054	0.3762055	0.7613244
8826	-63.05084	-189.4033	126.3525	2.074898	0.2263459	0.8522824
8832	-69.41427	-194.1866	124.7723	2.178494	1.496964	0.5891804
8838	-71.64492	-196.6858	125.0409	2.030575	1.056945	0.9536196
8844	-81.61619	-207.397	125.7808	1.871372	0.751345	0.5826868
8850	-77.11104	-203.7436	126.6326	1.82246	0.2245155	0.8242988
8856	-77.20824	-203.4299	126.2217	1.300366	0.5822991	1.062331
8862	-91.77113	-216.6879	124.9168	1.571354	1.401278	1.220919
8868	-90.98163	-214.7896	123.808	1.20688	1.401278	2.267002
8874	-95.19871	-218.6008	123.4021	1.905957	1.856604	1.865433
8880	-91.81622	-216.3206	124.5044	1.963305	1.283663	1.315492
8886	-87.24738	-210.7395	123.4921	1.706185	1.814318	1.957722
8892	-71.67264	-197.4196	125.747	2.56071	0.3140733	0.7138641
8898	-83.25869	-205.1916	121.9329	2.099895	9.82173	1.106827
8904	-74.10496	-199.4322	125.3273	2.080356	0.5335121	1.230254
8910	-69.70786	-193.2458	123.538	2.227275	3.642404	0.7893458
8916	-57.54459	-179.7013	122.1567	1.771949	10.01357	1.172503
8922	-62.16641	-186.7041	124.5377	1.800564	2.47376	0.6598241
8928	-69.30484	-194.0029	124.6981	2.204064	1.578913	0.4571705
8934	-68.70578	-192.1631	123.4573	3.370479	1.578913	0.3273916
8940	-70.51504	-194.9864	124.4713	3.096728	0.8239637	0.433494
8946	-71.48108	-196.1855	124.7044	2.842542	0.8387936	0.5877611
8952	-73.52892	-198.9624	125.4335	2.802373	0.3661366	0.6363977
8958	-72.06716	-196.8867	124.8195	2.249601	0.6182505	1.401032
8964	-74.46047	-199.6368	125.1763	2.553536	0.4222666	1.115165
8970	-75.80784	-202.1562	126.3484	2.26722	0.1203673	1.023011
8976	-70.33273	-194.9046	124.5719	2.263281	1.54827	0.7472333
8982	-74.18798	-198.5533	124.3653	1.547215	1.54827	1.584279
8988	-65.38123	-191.1233	125.7421	1.93124	0.3175037	1.343238
8994	-61.79346	-187.7804	125.987	1.578027	0.2587701	1.534201
9000	-63.98481	-189.6024	125.6176	2.470927	0.4264365	0.6970203
9006	-57.49876	-182.8939	125.3952	2.176914	0.8123339	0.6045513
9012	-71.64958	-197.5122	125.8626	1.720487	0.6701955	0.8697378
9018	-70.95789	-195.4451	124.4872	1.494125	1.498521	1.56034
9024	-67.73821	-193.2195	125.4813	1.356031	1.498521	0.7954143
9030	-66.44078	-191.6627	125.2219	1.684502	1.452584	0.7457398
9036	-60.98538	-186.0662	125.0808	1.613775	0.7033235	1.595561
9042	-60.92622	-186.7383	125.8121	0.971563	0.7840348	1.454437
9048	-68.44266	-194.9204	126.4777	0.5231865	0.1486494	2.149061
9054	-66.20226	-191.5994	125.3972	1.10889	0.7150799	1.719701
9060	-56.54671	-181.2884	124.7417	0.9964518	1.050353	1.991725
9066	-61.97221	-188.9552	126.983	1.37059	0.2734199	0.788911
9072	-60.8236	-186.0271	125.2035	1.892959	1.158026	0.8170524
9078	-72.7849	-196.0189	123.234	2.449685	2.926684	1.167622
9084	-63.95033	-189.0216	125.0713	1.198567	1.947917	1.086292
9090	-64.53396	-189.6586	125.1247	1.834402	0.4209829	1.717792
9096	-60.75684	-185.0658	124.3089	1.611659	1.262634	1.736699
9102	-65.45157	-189.6746	124.223	2.229619	2.041816	0.8368393
9108	-62.61674	-189.5977	126.981	1.708691	0.04703718	1.253581
9114	-60.10977	-186.9134	126.8036	1.347448	0.0774429	1.556877
9120	-76.32739	-203.377	127.0496	1.734758	0.1541635	0.3756916
9126	-76.67113	-203.6468	126.9757	1.563089	0.158861	0.9590511
9132	-65.11647	-190.2137	125.0972	1.519219	0.6455285	1.707037
9138	-63.4609	-190.2755	126.8146	1.861459	0.1358659	0.8984982
9144	-69.92035	-195.7646	125.8442	2.732152	0.1939937	0.7812536
9150	-70.95187	-196.752	125.8001	2.683699	0.2629417	0.6004819
9156	-70.6493	-196.1994	125.5501	2.276838	0.5336798	0.8138762
9162	-76.56398	-201.657	125.093	1.544561	0.4161802	1.94518
9168	-68.96443	-192.7446	123.7802	1.158214	0.8727184	2.620368
9174	-68.16678	-191.8908	123.724	2.404282	2.945227	0.643135
9180	-78.55922	-203.6628	125.1036	2.103551	1.094834	0.7432563
9186	-70.951	-196.6872	125.7362	1.71347	0.609566	1.092657
9192	-66.42426	-191.0781	124.6538	1.40849	1.343702	1.587852
9198	-65.46249	-190.7649	125.3024	1.418961	1.343702	1.052912
9204	-68.64357	-190.1046	121.461	1.586343	12.84818	1.553568
9210	-73.152	-195.6384	122.4864	1.260637	12.84818	0.9663595
9216	-64.08626	-188.0924	124.0062	1.631213	3.449144	1.014759
9222	-63.85627	-187.4617	123.6054	1.506642	5.432355	0.9158097
9228	-66.62108	-190.4491	123.828	1.410731	4.48386	1.059617
9234	-63.84443	-190.0626	126.2182	1.527735	0.6356886	0.7117078
9240	-56.11442	-181.0746	124.9602	1.412691	1.66088	1.15827
9246	-58.3102	-183.4071	125.0969	1.386497	1.503991	1.15827
9252	-62.83846	-186.8933	124.0548	0.6958204	1.503991	2.386035
9258	-62.85008	-188.2309	125.3808	1.157225	0.7465647	1.668862
9264	-57.32399	-181.6733	124.3493	1.289522	2.029326	1.558219
9270	-61.42695	-186.1688	124.7419	0.9105743	0.5556077	2.431242
9276	-54.64398	-179.6828	125.0388	1.34302	1.180895	1.451508
9282	-60.92849	-186.4361	125.5076	1.95229	0.5596239	1.150199
9288	-67.54251	-193.9463	126.4038	1.405062	0.3614568	1.150957
9294	-69.77646	-191.956	122.1796	1.892306	6.056247	1.653106
9300	-78.06042	-200.3911	122.3307	1.597372	6.056247	1.754872
9306	-69.62065	-193.3853	123.7647	1.828164	2.106545	1.559554
9312	-70.98353	-194.2454	123.2619	1.382738	2.627679	2.031736
9318	-72.8866	-197.0156	124.129	1.547558	0.7875343	2.216575
9324	-71.13106	-196.6553	125.5243	2.174025	0.4507213	1.096808
9330	-67.57118	-190.9647	123.3936	2.152059	3.144021	1.207847
9336	-65.09589	-188.9391	123.8432	1.648797	0.7117237	2.394335
9342	-60.19694	-183.3168	123.1199	1.859208	2.573998	1.823121
9348	-60.94373	-186.5928	125.6491	1.44547	0.270996	1.846706
9354	-60.82137	-182.5722	121.7509	2.05293	2.652158	2.562427
9360	-63.66278	-186.5371	122.8744	1.665734	4.082616	1.713037
9366	-63.42639	-188.9378	125.5114	1.122865	0.3744777	2.001658
9372	-62.82968	-187.07	124.2403	1.17275	0.9587248	2.264004
9378	-62.7644	-187.9491	125.1847	1.692455	0.9587248	1.224777
9384	-66.49184	-192.3002	125.8084	1.185342	0.9587248	1.123179
9390	-68.66949	-194.7469	126.0774	1.65686	0.5261859	0.9361679
9396	-64.97066	-188.0451	123.0744	1.337082	0.5261859	3.214348
9402	-63.08503	-189.0855	126.0004	0.7026762	0.5261859	1.770308
9408	-60.37276	-186.1314	125.7586	0.9881819	0.5261859	1.739735
9414	-66.24638	-190.1739	123.9275	1.152606	2.613699	1.739735
9420	-68.20313	-193.1314	124.9283	0.8911561	0.6533526	2.234868
9426	-66.60361	-192.4417	125.8381	1.244663	0.177391	2.031888
9432	-67.70769	-193.0301	125.3224	1.373267	0.6931392	1.604389
9438	-79.97103	-204.6863	124.7152	1.475769	1.475232	1.415322
9444	-75.15531	-199.0167	123.8614	2.489732	2.257433	0.8139951
9450	-70.94378	-194.4214	123.4776	2.39043	3.398048	0.7733215
9456	-71.61374	-195.6748	124.0611	2.239748	1.23605	1.476723
9462	-69.06165	-193.2138	124.1521	1.451178	0.6475798	2.377902
9468	-81.23892	-205.3471	124.1082	1.379456	0.7356644	2.377902
9474	-68.55468	-191.7197	123.165	1.458265	6.967463	1.045446
9480	-73.92762	-196.5166	122.589	2.14858	6.967463	0.9294892
9486	-71.69298	-194.2917	122.5987	1.851347	9.764488	0.577794
9492	-72.7967	-196.8364	124.0397	1.483866	3.338502	1.159681
9498	-90.14383	-212.7625	122.6186	1.509718	6.380666	1.556861
9504	-77.73714	-201.1266	123.3894	1.666264	4.726182	1.160063
9510	-66.66466	-189.7953	123.1306	1.45846	5.510514	1.367612
9516	-65.30435	-187.2559	121.9516	1.50719	5.094242	2.233735
9522	-70.24939	-193.0136	122.7642	1.439585	5.236781	1.707403
9528	-71.52566	-194.1462	122.6206	1.502426	6.052287	1.616954
9534	-71.76279	-196.0262	124.2634	2.651267	1.56038	0.5489127
9540	-72.78049	-194.7804	121.9999	1.898314	13.04306	0.7549511
9546	-72.57478	-196.5348	123.96	2.228963	2.776431	0.6720728
9552	-67.60463	-189.8476	122.243	2.305947	8.946988	0.6720728
9558	-71.76265	-196.4496	124.687	2.475403	0.6958186	1.240811
9564	-67.80265	-192.944	125.1414	2.163419	0.9980564	0.736934
9570	-70.93178	-193.4499	122.5181	2.558531	6.387833	0.6276708
9576	-68.55682	-193.0619	124.505	2.083804	1.782582	0.8629828
9582	-65.68538	-189.5704	123.885	2.258498	2.317839	1.009453
9588	-69.49456	-195.1805	125.6859	2.013714	0.4564605	1.086249
9594	-76.72256	-202.0903	125.3677	1.706314	0.6078556	1.408764
9600	-74.99128	-197.9072	122.916	1.881534	5.029657	1.304338
9606	-71.85285	-198.7537	126.9009	1.418776	0.09258532	1.377029
9612	-79.34661	-203.8684	124.5218	1.751269	0.318989	2.313589
9618	-77.59105	-204.29	126.699	1.665341	0.2610776	0.8158248
9624	-82.7394	-204.7402	122.0008	1.809764	7.447419	1.62146
9630	-87.33738	-209.9112	122.5739	1.641309	7.437951	1.315622
9636	-86.32997	-209.0501	122.7201	1.559386	7.437951	1.263088
9642	-75.31201	-199.2939	123.9819	2.067627	1.884744	1.30877
9648	-73.09484	-198.1125	125.0177	1.095644	0.407808	2.298722
9654	-71.99799	-195.9975	123.9996	1.268757	1.415762	2.095304
9660	-75.87913	-199.5972	123.7181	1.484985	2.650324	1.640125
9666	-68.69696	-195.8799	127.1829	1.996358	0.05217209	0.7154674
9672	-77.99702	-204.5257	126.5287	1.212182	0.2669609	1.384589
9678	-83.23569	-206.6592	123.4235	1.72708	1.607891	2.080463
9684	-78.46342	-202.5751	124.1117	1.865248	2.027496	1.29851
9690	-71.3887	-196.2145	124.8258	1.676803	1.49682	1.145972
9696	-70.98226	-195.5313	124.5491	1.452117	1.439455	1.578082
9702	-69.43164	-196.3482	126.9166	2.021761	0.09233345	0.7910957
9708	-71.99287	-198.9255	126.9326	1.405346	0.2053057	1.013832
9714	-66.59193	-191.5713	124.9794	1.446028	2.116992	0.8172105
9720	-65.98558	-192.4293	126.4437	1.607058	0.1516154	1.407206
9726	-75.38632	-196.9873	121.601	1.530766	6.332902	2.243275
9732	-83.3153	-205.9702	122.6549	1.218648	2.508235	2.561991
9738	-83.39211	-210.36	126.9679	2.194746	0.03629035	0.2634025
9744	-76.52871	-203.213	126.6843	1.369921	0.3101364	1.026856
9750	-86.51045	-208.6544	122.144	0.7124337	1.229477	3.654854
9756	-78.04989	-203.4347	125.3848	0.8214005	0.3773156	2.277345
9762	-73.04587	-198.7398	125.6939	1.772783	0.4623892	1.279305
9768	-73.80878	-200.0681	126.2593	1.983183	0.2894105	0.8793484
9774	-72.35833	-197.8984	125.5401	1.983183	0.5781264	1.066989
9780	-72.83991	-196.8189	123.979	1.341177	3.11374	1.400962
9786	-62.07249	-187.3573	125.2848	1.505307	1.302947	1.018371
9792	-67.95175	-192.9526	125.0009	2.008477	1.302947	0.7669973
9798	-65.25564	-190.1174	124.8617	1.624068	1.935859	0.8721555
9804	-62.25635	-187.139	124.8827	1.476427	0.8580421	1.702631
9810	-63.21319	-187.0436	123.8304	1.476427	2.274929	1.699562
9816	-66.8919	-190.7239	123.832	1.305679	1.75304	2.02445
9822	-73.23736	-195.121	121.8836	1.613335	8.201011	1.740849
9828	-70.90559	-193.7287	122.8231	1.86294	4.673821	1.471539
9834	-77.95128	-203.9656	126.0143	1.814074	0.3047612	1.240375
9840	-85.75898	-210.4063	124.6473	1.928107	0.6669087	1.715392
9846	-84.00191	-208.3713	124.3694	2.679397	1.265488	0.7547325
9852	-89.83388	-215.1002	125.2663	1.679013	0.4167697	1.733015
9858	-87.91007	-213.1583	125.2482	2.33471	0.6036638	0.9715511
9864	-89.236	-214.4475	125.2115	1.773181	0.397544	1.731059
9870	-95.83118	-219.9087	124.0776	1.817041	0.2226851	2.700401
9876	-90.72705	-215.8873	125.1602	1.725329	0.585942	1.574645
9882	-82.27503	-204.3994	122.1243	2.216793	8.431128	1.040024
9888	-84.84698	-207.3166	122.4696	2.172004	1.723756	2.3584
9894	-73.09971	-195.3321	122.2324	1.80954	6.019218	1.680813
9900	-66.89474	-188.5411	121.6464	2.359303	12.19437	0.7586209
9906	-68.9598	-193.1049	124.1451	2.088724	2.275185	0.939751
9912	-74.36366	-196.018	121.6543	1.973194	8.711542	1.581151
9918	-71.81907	-194.5202	122.7011	1.586107	8.711542	1.043479
9924	-68.66513	-193.6978	125.0327	1.587582	1.141223	1.291689
9930	-70.33811	-195.0768	124.7387	1.883991	1.975366	0.6266226
9936	-72.88947	-197.2883	124.3988	2.244379	1.975366	0.5613655
9942	-69.95361	-194.3793	124.4257	1.24498	1.975366	1.558046
9948	-70.24932	-194.0015	123.7522	1.555992	3.427734	1.311803
9954	-73.49475	-195.8133	122.3186	1.333843	9.209671	1.498946
9960	-69.44406	-192.0955	122.6514	2.095176	7.585012	0.7623881
9966	-69.47198	-193.4042	123.9322	1.912587	2.962222	1.003848
9972	-68.2859	-194.5061	126.2202	1.912587	0.2865183	1.003848
9978	-69.51054	-193.6441	124.1336	1.55415	2.036887	1.518726
9984	-76.01151	-199.2282	123.2167	1.672278	2.036887	2.073909
9990	-72.88666	-195.0305	122.1439	1.319797	4.263277	2.387946
9996	-74.0698	-197.4533	123.3835	1.229766	3.252033	1.871089
10002	-77.74787	-202.2404	124.4925	2.120711	1.327652	1.163276
10008	-79.91985	-204.7112	124.7913	1.346561	0.6443716	2.034957
10014	-80.97507	-204.6553	123.6802	1.633034	0.5486802	2.649083
10020	-83.08627	-208.571	125.4847	1.417906	0.5179295	1.638454
10026	-78.30595	-202.7097	124.4037	1.223265	1.516765	1.803141
10032	-99.09321	-225.26	126.1668	1.83705	0.3941502	0.8948443
10038	-91.98416	-218.1172	126.133	1.996557	0.2076217	1.198191
10044	-79.33206	-201.8927	122.5606	1.801698	1.247504	2.752463
10050	-80.60712	-206.0479	125.4408	1.767142	0.2974187	1.723689
10056	-82.32314	-207.1777	124.8545	1.791825	1.587605	0.9451533
10062	-78.79716	-203.0643	124.2672	1.68957	2.921927	0.9044372
10068	-65.2708	-192.0627	126.7919	1.816663	0.2201852	0.4420214
10074	-63.29986	-189.3247	126.0248	1.537613	0.7783073	0.7097542
10080	-62.71461	-188.7882	126.0736	1.823924	0.5632884	0.3981101
10086	-63.50842	-187.5816	124.0732	1.774934	3.633189	0.6604318
10092	-70.23545	-193.9525	123.717	1.478179	5.538469	0.7805413
10098	-72.68076	-198.6588	125.9781	1.988274	0.4509199	0.8127154
10104	-72.90053	-198.2766	125.3761	1.633772	1.18559	0.8919628
10110	-75.89354	-199.575	123.6815	1.310539	5.291891	1.074143
10116	-72.37815	-196.8747	124.4966	1.455458	1.41425	1.627797
10122	-81.55208	-205.1785	123.6265	1.021529	1.838006	2.30762
10128	-80.31827	-204.1753	123.857	0.5549666	0.7074595	3.059725
10134	-78.05245	-202.2587	124.2063	1.157783	0.4781182	2.688348
10140	-76.16591	-201.6724	125.5065	0.9909436	0.9462407	1.533506
10146	-73.76811	-199.3523	125.5841	1.195409	0.8402393	1.407142
10152	-72.95213	-197.355	124.4029	1.065318	1.640974	1.852086
10158	-79.44169	-202.3736	122.9319	1.169084	1.974772	2.598887
10164	-75.42213	-200.0672	124.6451	1.19035	1.974772	1.434531
10170	-73.96911	-198.7298	124.7607	1.419792	2.580287	0.8236701
10176	-68.89632	-192.5243	123.6279	1.412832	2.797432	1.707694
10182	-68.39928	-193.5483	125.1491	1.84943	0.8546428	1.216903
10188	-64.44522	-191.0118	126.5666	1.841851	0.1185732	1.216903
10194	-62.06409	-186.6391	124.575	2.124189	1.891969	0.5253074
10200	-58.2931	-183.2122	124.9191	2.215866	1.069838	0.869613
10206	-55.61695	-181.5245	125.9076	2.141635	0.3542799	0.933564
10212	-58.23479	-184.2922	126.0574	2.461663	0.2203897	0.7525809
10218	-57.53281	-183.7796	126.2468	1.824741	0.134261	1.439272
10224	-65.51707	-191.0789	125.5618	1.819333	0.4190898	1.409651
10230	-63.34751	-188.0864	124.7389	1.883355	1.859199	0.7556916
10236	-69.25387	-191.8649	122.6111	2.352231	4.351571	1.332438
10242	-71.32311	-194.5987	123.2756	2.001672	2.029935	1.815085
10248	-72.79919	-196.6343	123.8351	1.521764	2.029935	1.75982
10254	-84.02194	-209.4813	125.4594	2.080201	0.3509183	1.391439
10260	-84.11834	-209.9287	125.8103	2.433618	0.3509183	0.6847085
10266	-86.87001	-212.7718	125.9018	2.024697	0.5248519	0.6847085
10272	-65.25044	-188.7047	123.4543	0.8095107	1.921973	2.517367
10278	-71.53168	-196.0699	124.5383	1.103732	1.610315	1.74637
10284	-75.5178	-200.4989	124.9811	1.439611	0.5467219	1.94148
10290	-70.63882	-193.253	122.6142	0.8819513	2.596307	2.768056
10296	-72.17854	-194.5712	122.3927	1.363535	4.293611	2.194616
10302	-68.40651	-191.6007	123.1942	1.055937	2.967508	2.190073
10308	-64.78309	-189.4138	124.6307	1.290971	1.104788	1.832583
10314	-70.03916	-193.7978	123.7587	1.321706	2.343267	1.832583
10320	-81.46461	-202.7844	121.3198	3.054174	9.911412	0.3422069
10326	-80.99737	-205.7479	124.7505	2.706754	0.9277998	0.448087
10332	-76.26492	-200.382	124.1171	0.7394546	0.8322338	2.698869
10338	-80.59578	-204.3726	123.7768	1.332454	3.07889	1.570865
10344	-81.87309	-207.4332	125.5601	1.362288	0.6243234	1.506337
10350	-66.25969	-191.7373	125.4776	1.843306	0.3118928	1.619197
10356	-74.63518	-197.3313	122.6961	1.661585	4.40019	1.769444
10362	-74.22187	-199.0359	124.8141	2.316161	0.9108383	1.043149
10368	-81.95904	-206.5319	124.5728	2.002206	2.088546	0.5723234
10374	-80.46292	-204.6639	124.201	1.160826	1.795198	1.855086
10380	-82.91932	-208.1523	125.233	1.380435	0.7608025	1.601924
10386	-81.52204	-206.9503	125.4283	1.404444	1.497365	0.8027305
10392	-86.44256	-210.1378	123.6953	1.188716	2.967882	1.765272
10398	-78.02039	-201.3266	123.3062	1.477895	2.506524	1.977676
10404	-78.04101	-203.3018	125.2608	1.482731	1.442248	0.9544349
10410	-74.47824	-199.4607	124.9825	1.393543	1.442248	1.288087
10416	-80.91339	-206.4408	125.5274	1.326152	1.107027	1.11895
10422	-88.22817	-213.6791	125.4509	1.188838	0.1591088	2.35791
10428	-94.45835	-216.5613	122.1029	1.299888	0.3824931	3.949155
10434	-77.1933	-201.1319	123.9386	1.202199	1.560163	2.108946
10440	-73.79813	-200.2638	126.4657	1.436169	0.1492025	1.526618
10446	-70.3873	-195.0651	124.6778	2.115185	1.197112	1.100378
10452	-77.05197	-199.0505	121.9985	2.419019	9.696164	0.3525491
10458	-72.12672	-196.6998	124.573	2.58651	1.248933	0.4798148
10464	-82.02163	-201.5917	119.57	2.501478	37.97923	0.6248125
10470	-72.35072	-197.439	125.0882	1.69989	1.379975	0.9579307
10476	-74.61681	-198.772	124.1552	2.258789	2.116443	0.8321462
10482	-69.54536	-196.1248	126.5795	2.258789	0.09680094	0.890825
10488	-77.13263	-203.2673	126.1347	1.856028	0.2015964	1.327909
10494	-74.6666	-199.7869	125.1203	1.232542	0.4194032	2.129858
10500	-70.54544	-195.8908	125.3454	1.558373	0.3755908	1.817583
10506	-71.63574	-195.5241	123.8883	1.50898	2.932664	1.400427
10512	-72.7926	-198.7801	125.9875	1.323314	0.7369352	1.062869
10518	-71.04081	-197.957	126.9162	1.721242	0.05320978	1.271194
10524	-60.40048	-187.8372	127.4368	1.067257	0.04457066	1.412103
10530	-63.47572	-187.4096	123.9338	1.067855	1.443267	2.254823
10536	-55.84478	-177.9265	122.0818	1.07071	1.443267	3.382148
10542	-55.40847	-180.2358	124.8274	1.927876	1.443267	0.9412279
10548	-67.65914	-192.8109	125.1518	1.126439	1.443267	1.365922
10554	-64.50384	-189.1549	124.651	2.016333	1.534076	0.9631087
10560	-75.0185	-200.0978	125.0793	1.577513	1.274128	1.163549
10566	-70.85575	-192.9957	122.1399	2.003285	2.064333	2.540297
10572	-72.57095	-197.5727	125.0018	1.39149	0.6994419	1.812476
10578	-69.73403	-194.9399	125.2058	1.817276	0.6994419	1.350394
10584	-61.2193	-186.7592	125.5399	1.75429	0.5785231	1.267209
10590	-59.39632	-185.0134	125.6171	2.193837	0.5785231	0.7396957
10596	-59.53124	-184.9189	125.3876	1.820842	0.5096474	1.421106
10602	-68.39177	-194.1898	125.798	1.088484	0.6954079	1.460534
10608	-74.81324	-200.2398	125.4266	1.364954	0.6559843	1.570694
10614	-74.64682	-201.9135	127.2666	1.698056	0.04027834	1.038942
10620	-69.89143	-195.5998	125.7084	1.497616	0.2422295	1.820997
10626	-67.37316	-192.5163	125.1431	1.423476	0.2822386	2.179819
10632	-68.78013	-194.4653	125.6851	1.988533	0.6529159	0.7848031
10638	-71.74113	-197.1823	125.4411	1.972372	0.6529159	1.069746
10644	-83.1926	-208.8678	125.6752	2.00418	0.4703118	1.082609
10650	-82.90148	-207.858	124.9565	2.40518	0.5866914	1.200326
10656	-79.91723	-206.2778	126.3606	2.263156	0.1001164	1.093464
10662	-80.11469	-205.7438	125.6291	2.679232	0.3391182	0.5939913
10668	-66.9257	-193.8546	126.9289	1.847797	0.08107881	1.028286
10674	-71.11169	-197.7968	126.6851	2.097903	0.1344945	0.7710744
10680	-76.30558	-201.4924	125.1868	1.434629	0.6061496	1.742644
10686	-70.83622	-196.0058	125.1695	1.435847	0.200113	2.296699
10692	-72.89352	-197.9261	125.0326	1.641311	0.5244105	1.792584
10698	-72.29806	-197.258	124.9599	1.641311	0.5712481	1.792584
10704	-69.727	-196.3935	126.6665	1.468149	0.2327313	1.131605
10710	-64.90978	-189.3243	124.4145	1.327601	1.764039	1.601475
10716	-64.88862	-190.6362	125.7476	1.195857	0.3777967	1.787038
10722	-66.86626	-193.5956	126.7294	1.390505	0.1766672	1.285616
10728	-63.78397	-189.3631	125.5791	1.602684	0.5910738	1.34328
10734	-58.71131	-183.7843	125.073	1.500798	0.4326436	1.967536
10740	-62.51404	-187.0044	124.4904	2.424242	1.435111	0.7532178
10746	-66.44105	-191.2672	124.8261	2.600946	0.9615346	0.4799787
10752	-69.00368	-193.4036	124.3999	2.600556	1.368626	0.6978254
10758	-62.13821	-185.88	123.7418	2.782883	2.184385	0.5594412
10764	-65.10321	-189.2471	124.1439	2.234229	1.960803	0.9734797
10770	-70.31499	-192.9406	122.6256	2.926468	4.545596	0.3775185
10776	-68.19634	-194.093	125.8967	2.567453	0.2780089	0.498666
10782	-65.54537	-191.4413	125.896	2.274671	0.412884	0.5515955
10788	-73.10058	-198.468	125.3674	2.074856	0.6360604	1.064611
10794	-76.59005	-200.1207	123.5306	1.553903	3.668765	1.41774
10800	-76.81733	-200.0938	123.2765	2.211621	3.668765	1.079814
10806	-77.81709	-202.3874	124.5703	1.80141	1.794522	1.079814
10812	-80.14752	-205.2677	125.1202	2.014845	0.5077892	1.479445
10818	-80.56479	-205.4024	124.8376	2.115606	0.9147707	1.199353
10824	-84.14395	-211.276	127.1321	1.867928	0.0423108	0.9943611
10830	-80.64484	-204.8921	124.2472	1.561583	0.9172622	2.034424
10836	-86.72834	-211.4309	124.7026	1.429735	0.8254648	1.885564
10842	-75.31435	-200.0319	124.7175	2.541299	1.123597	0.5807998
10848	-88.00453	-210.356	122.3515	1.482202	8.589913	1.443269
10854	-87.69631	-212.2565	124.5601	1.959165	1.391513	1.200833
10860	-88.89768	-212.4665	123.5689	2.227731	3.129462	0.9816777
10866	-90.77073	-213.7352	122.9645	1.703122	7.861413	0.7970631
10872	-79.99404	-203.9148	123.9208	1.498096	2.688216	1.467911
10878	-82.06455	-207.352	125.2875	1.498096	0.7677762	1.467911
10884	-77.70461	-200.1115	122.4069	3.989302	1.847023	0.1948768
10890	-80.22055	-204.168	123.9475	1.497207	2.061476	1.685159
10896	-78.2012	-200.4273	122.2261	1.88641	3.751381	2.080828
10902	-78.23495	-202.1385	123.9035	3.90159	0.5336469	0.2663789
10908	-76.80422	-201.7402	124.936	3.663033	0.1370333	0.2114244
10914	-74.17829	-198.1583	123.98	2.934111	1.526908	0.3889018
10920	-78.52704	-204.6158	126.0888	2.934111	0.1013462	0.4928648
10926	-72.66767	-196.6231	123.9555	1.929471	1.861001	1.449453
10932	-68.90837	-192.9334	124.0251	1.879957	2.463273	1.162048
10938	-72.37258	-194.956	122.5834	1.873192	7.15316	1.162048
10944	-66.53058	-192.4198	125.8892	1.807699	0.3147451	1.329363
10950	-63.3959	-187.6952	124.2993	1.897691	1.392924	1.458733
10956	-67.10798	-192.1107	125.0027	2.02415	0.5939508	1.460448
10962	-64.09611	-187.4648	123.3686	2.026567	4.303915	0.9601759
10968	-63.70128	-189.8355	126.1342	1.614215	0.136384	1.671828
10974	-61.56617	-187.0411	125.475	2.044307	0.4004482	1.328716
10980	-64.4972	-190.3741	125.8769	1.54403	0.2486206	1.658291
10986	-60.62716	-184.6818	124.0547	1.343753	0.9545045	2.276191
10992	-58.23696	-183.3033	125.0664	1.808659	0.5570387	1.614019
10998	-58.23685	-183.0479	124.8111	1.853218	1.043119	1.33035
11004	-79.91136	-204.0395	124.1282	1.169783	1.37589	2.096171
11010	-69.99975	-195.3624	125.3627	1.580081	0.8367942	1.280246
11016	-72.55595	-196.7308	124.1748	1.954069	2.543183	0.9060758
11022	-76.6886	-202.1703	125.4817	2.227082	0.5540539	0.9164778
11028	-80.11525	-205.1972	125.082	1.790469	0.2603335	2.01471
11034	-75.19879	-200.803	125.6042	1.573133	0.4640051	1.503185
11040	-73.04028	-198.5223	125.482	1.349079	0.5981099	1.601358
11046	-66.11033	-190.4128	124.3024	1.368216	0.8641072	2.163163
11052	-73.0901	-195.9245	122.8343	1.147409	0.3637153	3.637536
11058	-67.6071	-193.9486	126.3415	1.797284	0.1746894	1.27532
11064	-76.05427	-199.4741	123.4198	1.898219	3.983806	1.134569
11070	-87.41373	-212.066	124.6523	1.620159	0.2558723	2.41003
11076	-96.77588	-219.3696	122.5937	1.20768	4.419089	2.139667
11082	-76.31888	-201.1294	124.8105	2.171291	1.194963	0.9141812
11088	-85.02936	-207.465	122.4357	2.467136	5.482665	1.110048
11094	-84.83502	-209.3371	124.502	1.767839	0.4444725	2.154082
11100	-79.44067	-203.8509	124.4102	1.8799	0.4332964	2.154082
11106	-69.93459	-193.4717	123.5371	1.485314	3.682604	1.461527
11112	-73.76291	-195.8963	122.1334	2.084369	3.682604	2.027521
11118	-85.04206	-209.1945	124.1524	1.655962	2.892732	1.068149
11124	-83.87728	-206.8133	122.936	2.07619	3.873635	1.417712
11130	-76.33626	-199.6389	123.3027	1.641039	5.89525	0.9702401
11136	-76.99851	-203.4112	126.4127	2.011468	0.218819	0.8810719
11142	-77.84558	-200.7766	122.931	1.247429	7.584115	1.3216
11148	-80.19567	-202.5435	122.3478	2.088002	6.6505	1.271455
11154	-77.54733	-201.6194	124.0721	2.359514	1.22587	1.382844
11160	-75.3327	-199.9329	124.6002	1.463304	0.5897771	2.135102
11166	-73.06231	-197.3279	124.2656	1.40303	1.326843	1.874437
11172	-74.4814	-200.5268	126.0454	2.532314	0.2339639	0.5029903
11178	-70.86618	-197.8464	126.9802	1.731835	0.1179983	0.933827
11184	-73.51466	-201.1246	127.6099	1.598072	0.04546338	0.7235487
11190	-70.67494	-197.3525	126.6776	2.391247	0.06515496	0.7847125
11196	-67.58203	-193.4439	125.8618	2.508152	0.3020497	0.6483361
11202	-61.2756	-186.698	125.4224	1.594323	0.6306588	1.428013
11208	-73.34846	-195.7086	122.3602	1.647714	9.398989	1.189951
11214	-80.36745	-206.268	125.9005	2.681241	0.2017778	0.7392224
11220	-67.11064	-190.7569	123.6462	1.72271	3.001894	1.399407
11226	-69.31978	-195.0505	125.7307	1.927547	0.2218126	1.538484
11232	-63.03367	-186.3321	123.2985	1.652095	7.085848	0.5219116
11238	-57.65231	-181.5708	123.9185	2.545374	2.309966	0.5068832
11244	-64.54055	-186.6791	122.1386	2.545374	8.131079	0.6941169
11250	-60.21503	-183.7058	123.4908	2.176973	3.402242	1.002369
11256	-64.30554	-188.2925	123.987	2.147257	2.160511	1.098645
11262	-64.14113	-188.0908	123.9497	2.488842	1.756811	1.039523
11268	-64.25583	-189.9674	125.7116	1.842252	0.7686146	0.7423863
11274	-66.10735	-190.2282	124.1209	2.155952	2.395974	0.8167738
11280	-60.50333	-185.7669	125.2636	1.292246	0.7029201	1.695584
11286	-67.19237	-192.6937	125.5013	2.856972	0.162047	1.122617
11292	-65.44322	-190.8223	125.3791	2.593955	0.5298875	0.4842802
11298	-65.32224	-190.3855	125.0633	2.517688	0.5298875	1.082458
11304	-72.17057	-194.7682	122.5977	2.593666	3.158401	1.485526
11310	-67.12326	-191.5968	124.4735	1.403576	0.8735621	2.020605
11316	-74.34366	-199.825	125.4814	1.66152	0.3665448	1.662621
11322	-83.36881	-206.8978	123.529	1.988831	1.596768	1.839056
11328	-74.24704	-197.5367	123.2896	2.027758	1.225529	2.164019
11334	-64.45619	-183.3439	118.8877	2.371556	55.99468	0.7258828
11340	-63.51797	-186.5651	123.0471	2.422955	4.494987	0.8045562
11346	-62.78934	-186.2794	123.4901	1.907698	1.350213	2.043754
11352	-63.9687	-186.5465	122.5778	1.835078	2.493801	2.225418
11358	-68.33102	-191.5859	123.2549	2.178993	0.7930482	2.367566
11364	-73.07971	-198.4191	125.3394	2.199191	0.7505234	0.7959394
11370	-76.59567	-201.0708	124.4752	1.724032	0.5150219	2.121779
11376	-69.5594	-194.5883	125.0289	1.726856	0.5150219	1.746047
11382	-77.54361	-198.689	121.1453	1.792727	20.34332	0.9965832
11388	-66.14903	-192.8586	126.7096	2.287678	0.08504263	0.7535679
11394	-67.27086	-192.3698	125.099	2.479993	0.8217944	0.5262834
11400	-64.61628	-189.1974	124.5811	1.797471	1.750827	1.099447
11406	-68.76752	-193.61	124.8425	2.046395	1.368327	0.8556554
11412	-72.9385	-197.7167	124.7782	2.399871	1.037273	0.8556554
11418	-77.52017	-203.0436	125.5235	2.004033	0.612904	1.01399
11424	-69.63021	-194.6612	125.031	2.517413	0.6782114	0.8973635
11430	-66.61549	-190.8198	124.2043	2.099404	0.2622939	2.37985
11436	-65.4443	-187.9735	122.5292	1.717014	5.690848	1.591962
11442	-64.73961	-189.3933	124.6537	1.472139	1.272214	1.584107
11448	-60.16166	-186.4316	126.2699	2.216473	0.1157012	1.159417
11454	-60.2778	-185.7807	125.5029	2.437047	0.5499364	0.468098
11460	-60.1888	-185.1381	124.9493	2.665824	0.7868872	0.4464652
11466	-68.21611	-193.1448	124.9287	3.060192	0.4822108	0.34299
11472	-74.37026	-199.3634	124.9931	2.455539	0.8999999	0.365772
11478	-66.32051	-193.0266	126.7061	1.914358	0.1311592	0.9768671
11484	-70.94838	-196.3339	125.3855	2.148798	0.6342283	0.9768671
11490	-83.21769	-209.0637	125.846	2.243593	0.3127231	0.985827
11496	-83.63205	-209.705	126.073	1.739726	0.06126135	1.851549
11502	-80.46179	-206.0854	125.6236	1.933715	0.4248208	1.26023
11508	-85.83305	-211.4712	125.6382	1.855719	0.2612157	1.581979
11514	-78.53639	-203.4321	124.8957	1.315053	1.430828	1.425857
11520	-80.89901	-207.0478	126.1488	1.977226	0.3658447	0.8156796
11526	-73.4693	-199.5337	126.0644	2.004625	0.1876625	1.2988
11532	-78.98774	-204.0675	125.0797	1.636398	1.105268	1.239692
11538	-84.25092	-208.4928	124.2419	2.446643	1.135334	1.239692
11544	-86.74158	-209.3468	122.6052	2.487048	6.370749	0.5958238
11550	-82.22644	-206.0284	123.8019	2.632362	2.286523	0.6592928
11556	-77.5943	-202.3356	124.7413	2.119996	1.17094	1.058199
11562	-74.62289	-199.3919	124.769	2.177902	1.391061	0.7555549
11568	-81.97788	-207.6163	125.6385	2.875138	0.2263668	0.7353818
11574	-74.51852	-199.2406	124.7221	2.078323	0.9203108	1.321119
11580	-81.03519	-205.7523	124.7171	2.905726	0.7845299	0.5259902
11586	-77.49577	-199.9449	122.4492	1.797111	10.73106	0.7033347
11592	-77.16936	-201.8114	124.642	2.262489	1.286887	0.9133359
11598	-76.56917	-200.1711	123.6019	1.137149	1.514022	2.388704
11604	-75.43705	-198.7682	123.3312	2.433756	3.991874	0.5079351
11610	-74.62502	-200.2108	125.5858	2.817399	0.2987704	0.4285407
11616	-67.63978	-192.616	124.9762	2.897231	0.5741722	0.3843568
11622	-62.13803	-187.834	125.696	3.150078	0.1383465	0.3843568
11628	-65.69031	-188.9081	123.2178	3.150078	2.433682	0.382754
11634	-71.65739	-193.8922	122.2348	2.626055	7.492275	0.5623398
11640	-70.39526	-195.9653	125.5701	2.25418	0.5890872	0.6915839
11646	-88.25752	-213.8119	125.5544	2.148977	0.5890872	0.8623546
11652	-81.68385	-207.5726	125.8888	1.613909	0.5831607	1.079249
11658	-75.41017	-199.8084	124.3982	2.084833	2.028399	0.8080194
11664	-82.47762	-206.5103	124.0327	2.776277	1.707194	0.5712716
11670	-78.79585	-203.3041	124.5083	2.709406	1.169152	0.5809501
11676	-76.75065	-201.2241	124.4734	2.469605	1.506452	0.5919801
11682	-76.87153	-200.566	123.6944	2.710336	2.423624	0.5209334
11688	-75.14045	-199.6096	124.4692	2.650875	1.296778	0.4844482
11694	-83.46021	-210.0683	126.6081	2.519922	0.07737898	0.4748049
11700	-83.23004	-209.1918	125.9618	2.519922	0.2700645	0.468825
11706	-79.36539	-205.3241	125.9587	2.523482	0.2700645	0.528403
11712	-83.60084	-207.2187	123.6178	2.260379	2.748102	1.063238
11718	-77.37442	-201.7223	124.3479	1.995333	1.8741	1.059639
11724	-66.24163	-190.7755	124.5339	2.107761	1.925117	0.6520514
11730	-65.14784	-192.4993	127.3515	1.657553	0.03889939	1.002071
11736	-63.38438	-190.4233	127.0389	1.811794	0.04447503	1.125602
11742	-67.44737	-193.0367	125.5893	1.504737	0.2567432	1.871668
11748	-67.04481	-191.3793	124.3345	1.84585	1.997372	1.140876
11754	-81.64474	-207.5461	125.9014	2.040958	0.3362956	1.078093
11760	-68.42898	-194.6738	126.2449	1.697463	0.3362956	1.078093
11766	-71.63499	-196.0456	124.4106	1.965337	1.7586	1.09725
11772	-68.48932	-194.7842	126.2949	1.145122	0.2705507	1.604115
11778	-70.50665	-195.0995	124.5928	2.076749	1.074432	1.301936
11784	-75.66746	-199.445	123.7775	2.184697	2.924941	0.8967759
11790	-70.91529	-196.9742	126.0589	2.416886	0.220885	0.8107633
11796	-68.05681	-193.8427	125.7859	2.416886	0.3775184	0.6583406
11802	-69.98501	-192.893	122.908	1.790352	6.654697	1.038572
11808	-68.99898	-193.1471	124.1481	1.408961	0.9452336	2.1801
11814	-68.49044	-192.6992	124.2088	1.162245	4.20578	1.016475
11820	-69.84593	-193.4726	123.6267	1.518686	4.20578	1.22095
11826	-58.44069	-182.4042	123.9635	1.579609	4.20578	0.8276407
11832	-63.7551	-188.2026	124.4474	1.233005	1.234096	1.918649
11838	-64.10559	-188.3201	124.2145	1.359186	3.167754	1.175299
11844	-72.10078	-195.4966	123.3958	1.295001	6.037651	1.175299
11850	-71.3626	-196.1213	124.7587	1.499097	1.046747	1.634932
11856	-69.28949	-191.9715	122.682	1.617885	5.257164	1.634932
11862	-72.34753	-194.6587	122.3112	1.337134	4.634482	2.196519
11868	-70.13557	-194.1682	124.0326	0.9267653	2.077035	2.012034
11874	-66.32993	-189.8992	123.5693	1.239625	3.701424	1.614743
11880	-74.82715	-196.8982	122.071	0.8538943	3.701424	2.838836
11886	-69.72515	-193.1847	123.4596	1.188921	3.550525	1.767702
11892	-70.14266	-193.5911	123.4484	0.9298785	2.147756	2.363112
11898	-69.05488	-189.922	120.8671	1.344506	4.018337	3.200504
11904	-64.40869	-187.7395	123.3308	1.235295	4.018337	1.709812
11910	-65.7076	-188.2405	122.5329	1.104321	7.033077	1.804372
11916	-69.43856	-192.5947	123.1561	1.939032	2.508793	1.764592
11922	-71.49508	-195.2501	123.755	2.278497	2.241049	1.149918
11928	-71.09618	-195.5369	124.4408	2.521184	1.28913	0.8445102
11934	-70.06115	-193.0024	122.9412	2.346662	5.010265	0.8445102
11940	-65.1052	-188.2804	123.1752	1.861051	3.747221	1.433303
11946	-68.47641	-190.7988	122.3224	1.025208	2.618034	2.852139
11952	-64.93305	-187.1391	122.2061	1.311893	2.277573	2.852139
11958	-72.72351	-196.2404	123.5169	2.016899	1.193708	2.040118
11964	-75.32876	-198.4598	123.131	2.383591	3.027339	1.27443
11970	-73.45897	-199.8446	126.3856	1.726651	0.1082713	1.485387
11976	-71.21401	-195.8319	124.6178	1.868323	1.22273	1.341881
11982	-69.44857	-194.2171	124.7685	1.720974	1.369608	1.240608
11988	-77.46626	-203.0548	125.5886	1.951757	0.3212312	1.440531
11994	-73.61195	-200.3305	126.7185	1.686283	0.05901133	1.432894
12000	-72.08278	-197.7994	125.7166	1.771685	0.4099175	1.338993
12006	-75.00116	-199.4227	124.4215	2.520993	1.454212	0.6833986
12012	-82.61266	-205.6458	123.0331	2.520993	2.720457	1.351606
12018	-79.20668	-205.5744	126.3678	2.352635	0.151815	0.7716136
12024	-77.14296	-201.9868	124.8438	2.495071	0.7281048	1.046763
12030	-77.97001	-202.8414	124.8714	2.444458	0.7281048	1.068597
12036	-83.25051	-207.4396	124.1891	1.740242	1.175706	1.782855
12042	-94.45555	-219.975	125.5195	1.201776	0.8776823	1.419823
12048	-81.57911	-207.1035	125.5244	1.676351	0.5002871	1.438861
12054	-80.14111	-205.7016	125.5605	2.426206	0.4190822	0.8595711
12060	-79.6189	-203.6953	124.0764	1.779326	1.962892	1.424338
12066	-69.53893	-196.2674	126.7285	1.708145	0.2806189	0.6100022
12072	-82.72763	-206.8664	124.1388	2.512828	1.954945	0.5767823
12078	-75.08065	-201.2903	126.2096	2.969974	0.06480507	0.4336995
12084	-71.23732	-196.0584	124.821	2.580682	0.9762336	0.578299
12090	-80.78276	-207.4962	126.7134	2.525106	0.04997464	0.6186213
12096	-77.76373	-202.6601	124.8964	2.423492	0.9578026	0.7751455
12102	-79.13021	-204.1568	125.0266	2.402542	0.9578026	0.5371029
12108	-82.55196	-204.8129	122.261	2.965911	5.754914	0.6304546
12114	-75.2579	-199.1404	123.8825	2.223204	2.269331	1.070468
12120	-70.88229	-196.0604	125.1781	1.984061	1.202464	0.6508782
12126	-77.63797	-201.928	124.29	2.534767	1.62065	0.6791958
12132	-78.59455	-204.1331	125.5385	2.609011	0.4266475	0.5355119
12138	-75.23876	-200.329	125.0902	2.345298	0.8008012	0.8499067
12144	-73.88278	-199.0298	125.1471	2.350828	0.8008012	0.7681702
12150	-84.16656	-206.9023	122.7357	2.350828	5.63271	0.8863517
12156	-80.61784	-203.4168	122.799	1.670582	3.501612	1.90322
12162	-86.2512	-210.4996	124.2484	1.566213	1.641641	1.607996
12168	-86.54117	-210.1456	123.6045	2.045061	3.390986	1.024666
12174	-81.52932	-205.8139	124.2845	2.396443	1.332503	1.099049
12180	-80.88673	-205.3455	124.4588	1.843278	1.332503	1.414767
12186	-80.31656	-204.9723	124.6558	2.213732	1.332503	0.9109185
12192	-77.69596	-200.9834	123.2874	2.393903	3.772543	0.8378098
12198	-81.97185	-206.0403	124.0684	1.726747	1.153007	1.888996
12204	-82.78551	-206.8125	124.027	1.484499	1.203085	2.049488
12210	-89.19392	-214.457	125.2631	2.570844	0.6227737	0.4846744
12216	-81.1843	-206.1714	124.9871	2.312031	0.9439368	0.822151
12222	-80.91136	-206.2321	125.3208	2.543465	0.5734459	0.6593741
12228	-85.77511	-210.9157	125.1406	2.23594	0.9705907	0.6593741
12234	-75.6461	-200.6513	125.0052	2.706443	0.6816901	0.6593741
12240	-76.30182	-202.9545	126.6527	2.422823	0.0721517	0.7249194
12246	-76.7862	-202.2004	125.4142	1.643941	0.6158582	1.412161
12252	-70.13504	-194.2653	124.1302	1.876701	2.237034	1.175153
12258	-71.89778	-197.5661	125.6683	2.304024	0.2143956	1.312617
12264	-66.3765	-190.7367	124.3602	2.359284	1.802114	0.6486633
12270	-70.01165	-194.1236	124.1119	2.314387	1.783926	1.034424
12276	-62.1783	-187.5351	125.3568	2.074698	0.6413043	1.067878
12282	-66.47956	-191.4984	125.0189	2.773662	0.6413043	0.5945772
12288	-78.45776	-201.2044	122.7467	3.149771	3.481536	0.3575638
12294	-75.13667	-201.3775	126.2409	2.513248	0.1030835	0.9536225
12300	-73.45218	-197.323	123.8708	2.207189	1.027768	1.775237
12306	-78.01001	-201.8419	123.8319	2.284642	1.73833	1.329574
12312	-85.34077	-206.8857	121.545	1.936067	3.943363	2.443534
12318	-76.11635	-200.9187	124.8024	2.214618	0.4458068	1.644301
12324	-77.51478	-201.2711	123.7564	2.445229	2.163526	1.033674
12330	-75.32891	-200.9035	125.5746	1.604147	0.6403217	1.289072
12336	-84.93194	-207.2211	122.2891	1.524925	2.662207	2.553142
12342	-76.25406	-200.3282	124.0742	1.524925	0.8596889	2.212719
12348	-69.43535	-195.4558	126.0205	1.534648	0.2354749	1.586609
12354	-68.43389	-192.7435	124.3096	1.724635	1.381449	1.586609
12360	-65.82247	-190.6086	124.7861	2.085469	1.399887	0.846754
12366	-61.31757	-188.1942	126.8767	1.22347	0.2258743	1.178666
12372	-60.13755	-186.9722	126.8346	1.216665	0.2303388	1.210086
12378	-72.04055	-196.5417	124.5012	1.246793	1.52355	1.715167
12384	-67.05457	-191.5832	124.5286	1.235125	1.274389	1.838759
12390	-72.13062	-196.9795	124.8489	1.314938	0.8639044	1.834216
12396	-77.71992	-200.5149	122.795	1.127473	5.59716	1.837442
12402	-88.45924	-213.5817	125.1225	2.590513	0.6989515	0.6009263
12408	-88.79486	-214.4294	125.6345	1.999614	0.775188	0.525703
12414	-82.85084	-207.0013	124.1505	1.645491	2.213429	1.360058
12420	-86.39952	-210.228	123.8285	0.8272699	0.6906284	2.92656
12426	-82.07713	-207.0825	125.0053	1.029863	0.6906284	2.06167
12432	-82.3067	-205.2872	122.9805	1.432659	3.300113	1.993244
12438	-85.42495	-209.5102	124.0852	1.401153	3.344159	1.190186
12444	-74.4062	-198.1283	123.7221	1.428015	1.067194	2.363185
12450	-83.69351	-201.9988	118.3053	1.814911	33.03193	2.406776
12456	-67.34902	-191.6152	124.2661	1.338604	1.54113	1.806322
12462	-70.29883	-193.7929	123.4941	0.8701987	1.97101	2.435977
12468	-68.03567	-193.0488	125.0131	1.532459	0.4049875	2.02088
12474	-65.5367	-191.612	126.0753	1.470917	0.3963552	1.313426
12480	-80.05462	-203.6807	123.626	1.758095	3.22186	1.315511
12486	-80.05481	-201.3342	121.2794	1.758095	10.51274	1.791628
12492	-75.66059	-198.1985	122.5379	1.36315	3.773018	2.213675
12498	-80.20818	-205.2823	125.0741	1.400047	0.4413817	2.023415
12504	-77.88807	-199.6813	121.7932	1.750754	4.490842	2.291602
12510	-77.8938	-202.0203	124.1264	0.9553871	0.7639493	2.60982
12516	-73.28777	-197.3107	124.023	0.8103667	0.509381	2.978966
12522	-75.85249	-198.4674	122.6149	1.581771	4.863334	1.785193
12528	-75.70269	-199.4479	123.7452	1.786773	4.715594	0.5537428
12534	-82.85772	-206.4859	123.6282	1.871162	4.292069	0.8477194
12540	-78.6882	-202.5416	123.8534	1.53907	1.444902	1.998472
12546	-83.70137	-208.8394	125.1381	1.979485	1.046952	0.9144287
12552	-83.46237	-208.4789	125.0165	1.851537	1.046952	1.156673
12558	-81.68767	-207.6246	125.937	1.703189	0.4460023	1.156673
12564	-80.54371	-204.9343	124.3906	1.95847	1.237483	1.439104
12570	-83.53795	-207.5916	124.0537	1.904841	2.650731	1.02946
12576	-76.77907	-201.7984	125.0194	1.527577	1.487169	1.112603
12582	-73.43004	-198.5652	125.1352	1.92654	0.8513645	1.165619
12588	-72.96292	-199.7177	126.7547	1.675364	0.1851402	0.9828004
12594	-68.66111	-194.0251	125.364	1.782892	0.7929632	1.150152
12600	-68.77406	-194.0801	125.306	1.944441	1.132304	0.5823273
12606	-76.70462	-202.343	125.6384	1.804445	0.6322482	1.069092
12612	-81.8063	-206.3655	124.5592	1.327585	1.451606	1.654241
12618	-72.67842	-196.9701	124.2917	1.964934	1.02039	1.654241
12624	-70.82887	-194.1264	123.2975	1.473003	1.02039	2.628914
12630	-74.89509	-198.1747	123.2796	1.303208	3.33926	1.868379
12636	-70.82153	-193.8208	122.9993	1.293503	0.8610399	3.020762
12642	-69.0997	-193.7523	124.6526	2.113426	0.8610399	1.399417
12648	-62.61348	-188.8909	126.2774	1.509541	0.3883036	1.122224
12654	-61.75313	-187.6878	125.9346	1.73139	0.4531775	1.122224
12660	-71.39824	-197.7625	126.3643	1.609353	0.4126128	0.8889754
12666	-65.681	-190.1288	124.4478	1.749362	1.060485	1.668922
12672	-61.50221	-186.2074	124.7052	1.492008	1.060485	1.668922
12678	-64.89702	-189.9914	125.0943	1.405461	0.598808	1.834435
12684	-72.12676	-197.5063	125.3795	1.595854	0.3297709	1.834435
12690	-80.61158	-203.1394	122.5279	0.9595718	1.14859	3.328005
12696	-83.67442	-205.8817	122.2073	0.6717383	1.205638	3.653658
12702	-81.71498	-205.3029	123.5879	1.792958	5.268686	0.5230079
12708	-82.335	-205.9012	123.5662	1.758247	5.268686	0.6891782
12714	-79.63213	-204.1092	124.4771	1.41527	0.7054077	2.142727
12720	-82.63832	-207.6134	124.9751	0.9139626	0.545122	2.291435
12726	-77.16101	-203.0034	125.8424	0.7245682	0.545122	1.843814
12732	-81.74206	-207.4304	125.6884	1.605671	0.6115629	1.227047
12738	-78.79267	-202.9614	124.1687	1.733663	3.282512	0.788224
12744	-76.20025	-202.0042	125.8039	0.9720883	0.3793692	1.899761
12750	-69.36763	-193.7548	124.3872	0.9996617	0.4988446	2.652892
12756	-74.90567	-199.6152	124.7095	1.605918	1.497516	1.303829
12762	-71.52	-197.2304	125.7104	1.468416	0.9527689	0.9499392
12768	-85.94616	-210.5838	124.6376	1.654036	1.029011	1.622953
12774	-89.67138	-212.828	123.1567	1.507474	4.136279	1.611689
12780	-87.52641	-213.0158	125.4894	2.080345	0.8252692	0.4449423
12786	-83.38012	-209.9584	126.5783	1.935454	0.2091255	0.8051072
12792	-101.0614	-226.0963	125.0349	1.058035	0.5938153	2.111929
12798	-97.03415	-221.8143	124.7802	1.215272	0.7160197	2.066188
12804	-87.40365	-212.8195	125.4159	1.147247	0.5340956	1.858267
12810	-93.90395	-217.2911	123.3872	1.177925	1.761376	2.391283
12816	-89.58101	-215.818	126.237	0.8932108	0.4304578	1.582391
12822	-78.03146	-203.351	125.3195	1.757247	0.3870868	1.680386
12828	-80.14259	-203.9279	123.7853	1.385891	3.946786	1.271075
12834	-81.70724	-205.4739	123.7667	1.786296	3.645452	1.026088
12840	-84.27644	-206.6812	122.4048	1.945921	3.208467	2.058881
12846	-78.06423	-200.9671	122.9029	1.609655	1.551268	2.514099
12852	-78.12517	-202.0704	123.9452	2.026567	1.551268	1.53912
12858	-77.74112	-203.2937	125.5525	1.754688	0.4000062	1.493664
12864	-84.90988	-211.5388	126.6289	1.563003	0.2018287	1.158854
12870	-87.27091	-211.8997	124.6287	2.163149	1.259758	1.051255
12876	-85.94861	-210.9664	125.0177	1.744015	0.6290123	1.619566
12882	-79.28753	-203.8032	124.5157	1.694057	1.312856	1.497204
12888	-75.60146	-199.8299	124.2284	1.666913	0.3564117	2.500981
12894	-83.98909	-206.9307	122.9417	1.436376	1.400716	2.666844
12900	-82.16944	-206.4293	124.2599	1.802346	0.9607113	1.832743
12906	-85.42139	-208.1244	122.703	1.802874	3.683663	1.832743
12912	-85.53248	-209.1908	123.6583	1.735119	2.277147	1.636891
12918	-91.41525	-216.013	124.5978	2.353854	1.46901	0.6423327
12924	-93.82642	-219.1544	125.3279	2.132481	0.8415028	0.7540877
12930	-90.69175	-215.7997	125.1079	2.340087	0.4598088	1.298251
12936	-93.91058	-218.0852	124.1746	1.547554	1.922488	1.543413
12942	-90.03684	-215.1387	125.1018	1.770119	1.462313	0.7849035
12948	-89.31113	-214.2937	124.9826	2.647033	0.7195521	0.7191366
12954	-90.61605	-212.9217	122.3057	3.13984	5.036251	0.5007985
12960	-79.87587	-205.8176	125.9417	1.72482	0.2904154	1.397882
12966	-80.05035	-204.0165	123.9661	2.160519	2.343429	1.012979
12972	-78.13815	-203.4759	125.3377	2.18108	0.5856294	1.060719
12978	-83.31122	-206.7699	123.4587	2.430317	3.003088	0.9403778
12984	-81.69092	-207.3001	125.6092	2.29185	0.4620054	0.8691903
12990	-82.70876	-208.1459	125.4371	2.325537	0.518492	0.9187875
12996	-77.85521	-202.8978	125.0426	2.188631	0.5095722	1.403621
13002	-84.34965	-208.6528	124.3032	1.983404	0.5095722	2.070224
13008	-85.73149	-208.6466	122.9151	2.393779	3.23199	1.37219
13014	-84.68061	-208.9923	124.3117	2.041674	1.537964	1.248463
13020	-80.83349	-205.3512	124.5177	2.195897	0.940635	1.373084
13026	-83.95213	-208.1932	124.2411	2.083023	0.6084576	1.944395
13032	-81.65977	-206.6445	124.9848	2.057858	0.5149165	1.539877
13038	-79.45744	-205.0711	125.6137	1.688321	0.4676552	1.403331
13044	-84.66216	-207.3916	122.7294	1.556118	1.731487	2.578519
13050	-76.765	-201.5869	124.8219	2.31162	0.979761	0.9683956
13056	-78.7485	-203.676	124.9275	1.891731	1.129625	1.131086
13062	-67.00804	-194.4222	127.4142	1.513777	0.05421502	1.006823
13068	-71.22338	-195.9054	124.682	1.559889	0.571502	2.035657
13074	-80.88748	-202.9602	122.0727	1.50573	8.21856	1.680953
13080	-74.74814	-197.6878	122.9397	1.654895	4.054817	1.680953
13086	-77.24881	-201.6873	124.4385	2.114588	1.629494	1.010783
13092	-68.89586	-193.8761	124.9803	2.381861	0.7728064	0.9688141
13098	-73.89897	-199.3247	125.4257	2.623928	0.3539493	0.9338036
13104	-69.30492	-193.3512	124.0462	2.089766	1.399578	1.500874
13110	-69.11243	-193.8747	124.7623	1.902999	1.318231	1.123793
13116	-68.85721	-193.4378	124.5806	1.805852	1.318231	1.357758
13122	-77.32875	-197.7361	120.4074	1.777852	28.03298	1.162522
13128	-73.39627	-195.5528	122.1566	1.777852	8.033789	1.444487
13134	-75.93045	-201.7004	125.7699	1.596646	0.6933179	1.063027
13140	-71.36965	-194.9105	123.5408	1.935007	2.590104	1.459766
13146	-71.65664	-195.5026	123.8459	1.747998	2.020212	1.594961
13152	-67.10212	-190.8871	123.785	2.178967	3.330853	0.6565952
13158	-76.12961	-200.4607	124.3311	2.299589	1.833559	0.766756
13164	-65.85703	-190.7495	124.8924	2.098712	1.3187	0.7746577
13170	-82.56898	-204.0566	121.4876	2.574126	12.52835	0.4888716
13176	-79.86589	-203.2964	123.4305	2.429089	3.683916	0.5840099
13182	-78.47216	-202.7964	124.3242	1.437866	1.819938	1.560718
13188	-81.94189	-204.919	122.9771	1.222313	2.885529	2.245779
13194	-81.62592	-207.0863	125.4604	3.32922	0.1602575	0.5784923
13200	-85.40494	-209.799	124.3941	0.9438993	0.6196541	2.568695
13206	-73.73249	-198.0987	124.3662	0.9421952	0.3433551	2.878503
13212	-80.13666	-202.7057	122.5691	0.8214292	1.553664	3.19393
13218	-78.74356	-203.436	124.6924	0.9724252	1.460301	1.805796
13224	-80.41148	-205.7804	125.3689	2.231152	0.6577255	0.8696236
13230	-78.63696	-203.5429	124.9059	2.375798	0.9236374	0.8696236
13236	-76.06755	-202.4947	126.4271	1.932772	0.1868518	1.046746
13242	-87.38984	-212.4024	125.0125	1.48875	0.7984035	1.650223
13248	-96.29545	-221.2117	124.9162	1.825802	0.563011	1.702688
13254	-97.09633	-221.3862	124.2898	2.234302	1.716942	0.9806209
13260	-94.62013	-219.7788	125.1587	1.81967	0.7423585	1.342497
13266	-89.73319	-213.0627	123.3295	1.282606	0.7621263	2.898223
13272	-78.65699	-203.6383	124.9813	1.989907	0.8820899	1.214177
13278	-82.04444	-206.7102	124.6657	1.788915	0.559811	1.904937
13284	-91.44192	-215.5229	124.0809	2.591199	1.571484	0.9297063
13290	-86.51692	-210.4871	123.9702	2.212397	1.512444	1.400619
13296	-77.44042	-201.9771	124.5366	1.826484	0.9831846	1.604212
13302	-78.74563	-202.2102	123.4646	2.256463	2.282267	1.389954
13308	-82.56612	-203.6661	121.0999	1.865485	14.43932	1.470613
13314	-85.33716	-207.3437	122.0065	1.404501	8.146443	1.807741
13320	-77.07289	-201.4717	124.3988	1.76824	2.258892	1.016979
13326	-78.43553	-199.7393	121.3038	1.866654	16.86213	1.085396
13332	-72.24883	-196.0184	123.7695	2.803364	2.107107	0.5248599
13338	-82.13074	-206.8172	124.6864	2.319187	1.12169	0.9590267
13344	-82.1807	-207.5095	125.3288	1.725223	0.3594271	1.735966
13350	-82.33435	-204.5731	122.2388	2.4622	8.348304	0.5391183
13356	-80.88193	-204.9911	124.1092	2.222519	2.256209	0.8393918
13362	-81.6368	-206.6459	125.0091	1.575719	1.557798	1.028923
13368	-83.17726	-209.9414	126.7642	2.157852	0.121646	0.6031391
13374	-81.5163	-208.1238	126.6075	2.028242	0.2084045	0.5880916
13380	-91.92491	-217.9715	126.0465	2.574274	0.2179758	0.4746543
13386	-95.82688	-220.4809	124.6541	2.235584	1.543807	0.6579626
13392	-80.84709	-206.8355	125.9885	2.411859	0.2044606	0.9529561
13398	-81.44368	-207.562	126.1183	1.849101	0.2044606	1.339749
13404	-91.12013	-215.3246	124.2044	1.546673	0.3622582	2.583224
13410	-88.69626	-214.4499	125.7537	2.247831	0.2807714	1.14006
13416	-86.92295	-212.6471	125.7241	1.610016	0.1227112	1.99252
13422	-87.68287	-211.7046	124.0218	2.919625	1.378167	0.2977542
13428	-87.42393	-207.2716	119.8477	2.961093	25.90206	0.4695349
13434	-78.91285	-203.7088	124.796	2.369551	0.6315458	1.309763
13440	-86.89872	-211.1309	124.2322	2.237976	1.528641	1.154138
13446	-87.7943	-211.3872	123.5929	1.735427	3.134242	1.38801
13452	-84.57064	-207.2362	122.6655	1.889529	0.7245855	2.960793
13458	-82.28852	-205.7579	123.4694	2.542444	1.47932	1.548276
13464	-82.46819	-207.3241	124.8559	2.608792	0.9034277	0.6188187
13470	-83.6208	-208.7171	125.0963	2.818484	0.5573459	0.5944974
13476	-90.21467	-214.2543	124.0396	3.351864	0.9018142	0.3088771
13482	-82.53811	-205.8854	123.3473	2.232513	4.001792	0.8650049
13488	-78.87017	-205.356	126.4858	2.320527	0.152024	0.6142292
13494	-72.38795	-195.4008	123.0129	3.069176	3.030051	0.3651544
13500	-76.77318	-202.7221	125.9489	2.449049	0.2582347	0.7804665
13506	-75.25796	-200.4679	125.21	1.181524	0.5438745	1.964102
13512	-79.97921	-204.8386	124.8594	1.847718	1.466665	0.9731832
13518	-82.12095	-207.7642	125.6432	1.407363	0.233449	1.94293
13524	-79.88594	-204.4751	124.5892	2.288214	1.119874	1.086271
13530	-82.45079	-204.6262	122.1754	2.299777	9.166324	0.7347369
13536	-80.37147	-201.6799	121.3084	2.039886	12.18874	1.390703
13542	-77.90578	-202.0737	124.1679	1.70034	1.85298	1.46598
13548	-84.38135	-207.3888	123.0074	1.596169	3.889658	1.714205
13554	-79.55452	-203.76	124.2055	1.762489	1.058503	1.830729
13560	-80.47467	-205.2016	124.7269	1.983496	1.058503	1.280952
13566	-75.57765	-200.7574	125.1798	1.754387	1.19315	0.9667865
13572	-67.43743	-190.1097	122.6723	2.074039	6.750795	0.9696856
13578	-72.68783	-196.0436	123.3558	1.531276	3.65976	1.568664
13584	-69.80696	-191.9773	122.1703	1.396786	3.724863	2.437283
13590	-76.34329	-199.7144	123.3711	1.119478	5.382702	1.469494
13596	-75.13582	-200.3781	125.2423	1.721566	0.3068533	1.877482
13602	-82.86742	-208.7877	125.9203	1.841891	0.2632976	1.37509
13608	-78.80119	-201.7951	122.9939	1.641851	6.397924	1.149512
13614	-66.48816	-191.7726	125.2844	1.670186	1.048572	1.076873
13620	-65.6124	-188.1235	122.5111	1.464387	5.031793	1.904254
13626	-62.37039	-186.7101	124.3397	1.667694	2.276265	1.156416
13632	-64.15011	-190.7296	126.5795	2.080633	0.1129764	1.008049
13638	-77.00809	-200.1555	123.1474	1.634922	4.174654	1.515568
13644	-75.4752	-202.0624	126.5872	1.994329	0.1419929	0.9758849
13650	-71.07881	-196.2578	125.179	2.026668	0.5095624	1.423378
13656	-71.73692	-196.9436	125.2067	1.840947	0.518756	1.531548
13662	-71.47389	-197.1662	125.6924	1.901562	0.2489811	1.531548
13668	-72.53754	-198.4902	125.9527	2.013134	0.3662509	0.9945066
13674	-70.54818	-194.2371	123.689	2.08734	3.623933	0.7833958
13680	-74.15621	-197.0616	122.9054	2.940376	3.753404	0.5300781
13686	-65.13848	-191.4332	126.2947	2.066504	0.3175782	0.5749314
13692	-63.0651	-188.6041	125.539	2.508708	0.3405399	0.9658493
13698	-66.84421	-191.9142	125.07	2.508708	0.6365977	0.926591
13704	-72.72005	-195.5757	122.8557	2.4554	5.510557	0.4430592
13710	-72.75737	-196.6338	123.8764	2.553206	2.336653	0.6081332
13716	-71.25676	-195.3241	124.0674	2.97514	1.320564	0.6913023
13722	-79.18637	-203.4061	124.2197	2.559029	1.577769	0.7974702
13728	-82.74015	-207.1386	124.3985	2.556386	1.405483	0.7261145
13734	-91.08903	-216.0551	124.9661	2.398529	0.855705	0.8592463
13740	-89.86337	-214.5952	124.7318	3.117136	0.5466696	0.7554607
13746	-93.87149	-218.411	124.5396	3.253295	0.4931938	0.9310589
13752	-86.83231	-212.5853	125.753	2.901997	0.2054633	0.541562
13758	-88.28346	-211.557	123.2736	1.858729	4.035997	1.278321
13764	-83.15877	-208.4404	125.2816	2.097111	0.3073869	1.584657
13770	-79.65468	-203.8022	124.1475	1.585994	2.774851	1.182778
13776	-78.91911	-203.2251	124.306	1.790649	2.625001	0.8983501
13782	-74.8655	-201.4931	126.6277	1.592642	0.1243216	1.352658
13788	-72.37258	-198.7979	126.4253	2.010804	0.2165739	0.8745888
13794	-72.50086	-198.2056	125.7047	1.396801	0.6047387	1.390887
13800	-75.65063	-201.1209	125.4703	1.381801	1.311099	0.9485062
13806	-87.04166	-212.0707	125.029	1.638122	1.553801	0.9485062
13812	-72.32792	-197.5662	125.2383	2.046057	1.068838	0.6493602
13818	-80.08197	-205.9203	125.8383	1.661636	0.7665142	0.8208834
13824	-81.91544	-205.0126	123.0972	1.7316	7.565304	0.6193447
13830	-81.84659	-204.494	122.6474	1.762546	8.49536	0.9594651
13836	-81.58117	-204.0019	122.4207	1.77442	9.885071	0.9377408
13842	-83.75095	-209.3694	125.6185	2.181774	0.4818772	0.9435212
13848	-81.28517	-205.3058	124.0206	2.377191	2.439075	0.5035548
13854	-76.11115	-200.2139	124.1027	2.009858	2.546391	0.9223357
13860	-74.08181	-197.7416	123.6597	2.430406	2.546391	0.9464801
13866	-71.98102	-196.4864	124.5054	2.494656	1.422288	0.6096613
13872	-73.89162	-196.8597	122.9681	2.340002	4.853862	0.8734198
13878	-72.48839	-195.988	123.4996	1.994392	4.853862	0.540261
13884	-60.61008	-185.6836	125.0735	1.730868	0.9822113	1.265483
13890	-54.85255	-181.0151	126.1625	1.657236	0.5420236	0.8061657
13896	-66.85849	-192.1726	125.3141	2.364794	0.5420236	0.9681599
13902	-70.35605	-195.8524	125.4964	2.080811	0.7591348	0.7239114
13908	-77.79953	-201.1939	123.3944	2.567693	3.418151	0.569594
13914	-78.14224	-202.7243	124.5821	2.567693	1.261363	0.5090099
13920	-72.55431	-198.2605	125.7062	2.595779	0.3490047	0.4780636
13926	-68.45041	-192.4899	124.0395	3.247156	1.104229	0.4703878
13932	-71.81991	-195.1008	123.2809	1.332677	3.021972	1.934825
13938	-65.32171	-188.7581	123.4364	1.170298	3.021972	1.939465
13944	-64.48135	-188.7428	124.2614	0.9914965	3.444986	1.350822
13950	-64.84928	-188.5464	123.6971	1.04642	3.444986	1.728902
13956	-79.90646	-203.7101	123.8036	1.338923	3.444986	1.436879
13962	-76.96244	-199.4606	122.4982	1.16226	9.70144	1.431199
13968	-71.40913	-196.3263	124.9172	1.93671	0.8523648	1.337858
13974	-77.24512	-201.142	123.8969	1.264059	0.8831872	2.474724
13980	-79.94541	-202.4355	122.4901	1.801497	9.242069	0.9470462
13986	-80.46488	-203.7106	123.2458	1.832524	5.20071	1.014984
13992	-77.27775	-201.7847	124.507	1.766349	1.912345	1.102857
13998	-71.46202	-195.6499	124.1879	1.140701	2.8695	1.474245
14004	-71.48246	-194.2095	122.727	0.8768376	4.19776	2.312294
14010	-72.85307	-197.7877	124.9346	1.987359	1.420919	0.7583511
14016	-72.83221	-198.7951	125.9629	1.743904	0.5733224	0.8858043
14022	-74.08993	-195.5088	121.4189	1.271097	5.272665	2.686038
14028	-72.47064	-195.5222	123.0516	1.466627	5.272665	1.470755
14034	-70.00246	-195.8065	125.8041	1.406161	0.6975609	1.198313
14040	-67.67027	-192.3234	124.6531	1.130728	1.55339	1.674471
14046	-65.8034	-190.7989	124.9955	0.9356844	2.330884	1.19777
14052	-64.76352	-189.4784	124.7149	1.349583	2.330884	1.078779
14058	-63.67886	-189.1404	125.4615	1.581505	0.8907017	1.143616
14064	-70.01512	-192.7798	122.7646	1.797202	4.923272	1.51053
14070	-69.45731	-192.7707	123.3134	1.096954	4.702104	1.667824
14076	-69.97453	-191.8902	121.9157	1.919993	10.45753	1.193646
14082	-71.90507	-195.9517	124.0466	1.191612	2.753293	1.580121
14088	-69.8439	-193.6129	123.769	1.58544	2.753293	1.494029
14094	-81.18794	-199.131	117.9431	2.373573	70.75153	1.217859
14100	-69.18082	-191.6284	122.4476	1.681067	4.467033	1.912494
14106	-69.95155	-194.335	124.3834	1.419018	1.460003	1.709795
14112	-63.24644	-187.8543	124.6079	2.294512	1.460003	0.7432896
14118	-74.14906	-197.1168	122.9677	1.506757	5.177745	1.522873
14124	-76.45402	-201.2981	124.8441	1.984747	1.364318	0.9277332
14130	-67.79346	-194.1817	126.3883	2.214538	0.2177918	0.4068348
14136	-73.18426	-197.7461	124.5619	1.950336	1.79149	0.9425428
14142	-67.46853	-193.7749	126.3064	1.592846	0.1616604	1.496562
14148	-79.1092	-203.3531	124.2439	1.769057	1.302219	1.64789
14154	-75.35171	-200.907	125.5553	1.886966	0.5737682	1.146892
14160	-76.82738	-198.2704	121.443	2.08169	13.10557	1.146892
14166	-79.47062	-203.7323	124.2617	2.056354	2.253386	0.8578837
14172	-78.90575	-204.6147	125.709	1.737466	0.6211641	1.080325
14178	-82.9842	-205.1007	122.1165	1.53504	4.711212	2.17972
14184	-89.85189	-214.7703	124.9185	2.79097	0.6397357	0.7598511
14190	-98.0202	-223.2945	125.2743	2.516964	0.6397357	0.6049029
14196	-102.8538	-228.1238	125.27	2.458413	0.6331504	0.745283
14202	-72.66797	-197.0894	124.4214	2.115357	0.8094646	1.615255
14208	-76.29292	-201.0455	124.7526	2.84203	0.8094646	0.5052058
14214	-74.40434	-199.7872	125.3829	2.18791	0.7482317	0.7545361
14220	-72.55848	-197.5401	124.9816	2.073011	0.7482317	1.274879
14226	-77.1673	-202.053	124.8857	1.776249	0.9373473	1.416035
14232	-72.63146	-197.1649	124.5334	1.483649	1.079995	1.782688
14238	-68.65699	-191.9329	123.2759	1.407407	0.8636729	2.78304
14244	-69.04729	-192.353	123.3057	1.333084	0.7249973	2.910029
14250	-66.96502	-189.7724	122.8074	1.556174	5.532167	1.535485
14256	-58.69964	-180.6872	121.9875	1.99854	8.014897	1.407482
14262	-60.64922	-184.9259	124.2766	2.159995	1.714641	1.067626
14268	-62.07544	-185.0367	122.9613	1.497083	5.205372	1.529262
14274	-59.2303	-183.4705	124.2402	1.661381	3.011126	0.9231106
14280	-65.64023	-186.9987	121.3585	1.769145	18.42977	0.9787888
14286	-64.21521	-188.7604	124.5452	1.632876	1.273237	1.545053
14292	-68.35495	-191.4521	123.0971	1.208223	2.497001	2.293475
14298	-63.9136	-189.4881	125.5745	1.320248	0.5071729	1.656702
14304	-68.03338	-191.4103	123.3769	1.254169	1.850084	2.313587
14310	-66.97376	-192.9395	125.9658	1.443119	0.4784601	1.303846
14316	-74.49167	-198.2362	123.7445	1.504037	2.198669	1.769296
14322	-68.44246	-194.7986	126.3561	1.830064	0.2578043	1.021423
14328	-72.30696	-197.988	125.681	1.713805	0.6772768	1.056364
14334	-73.6279	-199.5247	125.8968	1.727706	0.6851584	0.7927528
14340	-78.45412	-203.6893	125.2351	2.043499	0.7732198	1.051033
14346	-76.99027	-200.766	123.7758	2.170366	3.321542	0.6976225
14352	-66.922	-193.0263	126.1043	1.903898	0.5024997	0.5726969
14358	-68.28774	-194.5424	126.2546	2.139147	0.2903176	0.6564449
14364	-68.23806	-193.9612	125.7231	2.707435	0.2903176	0.4573847
14370	-78.36931	-201.2632	122.8939	2.739905	0.4051305	2.603198
14376	-75.67045	-199.6792	124.0087	1.245294	1.482556	2.071571
14382	-67.33917	-192.6423	125.3031	1.412766	0.3336697	2.004195
14388	-68.85201	-194.0986	125.2466	0.9569529	0.3336697	2.337208
14394	-73.60922	-199.6693	126.06	1.036168	0.2307292	1.917153
14400	-74.01228	-198.9177	124.9055	1.864072	1.29792	1.042338
14406	-74.72178	-197.9019	123.1801	1.434284	1.348237	2.546111
14412	-73.72346	-198.3122	124.5888	1.094193	1.876773	1.592671
14418	-78.25367	-204.9437	126.69	1.824967	0.1196535	1.120036
14424	-87.67878	-213.9734	126.2947	2.754382	0.07585167	0.739141
14430	-84.42901	-210.6279	126.1989	2.570305	0.1605555	0.6340229
14436	-96.83153	-222.597	125.7655	2.369811	0.3123766	0.9391037
14442	-93.2448	-219.6918	126.447	2.917749	0.02841389	0.503339
14448	-92.9416	-217.9091	124.9675	3.257845	0.3283648	0.2918445
14454	-93.87516	-218.4293	124.5542	2.213478	1.763322	0.4214742
14460	-90.95811	-216.8658	125.9077	1.955775	0.2917188	1.236566
14466	-84.91206	-209.8215	124.9094	2.639508	0.3195837	1.436757
14472	-87.34568	-209.1284	121.7828	1.250879	13.13166	1.537239
14478	-88.91933	-213.1148	124.1955	1.111724	0.8887826	2.378765
14484	-92.06002	-215.2403	123.1802	2.798903	3.370705	0.4324956
14490	-83.47594	-207.7397	124.2637	2.012447	1.659832	1.241763
14496	-87.53896	-209.9763	122.4374	1.062569	1.736595	3.054297
14502	-78.75371	-202.8221	124.0684	1.998973	1.926973	1.273252
14508	-79.00988	-203.2561	124.2462	1.737479	1.144924	1.76421
14514	-79.16489	-201.9029	122.738	1.543614	1.380995	2.735415
14520	-83.81977	-208.9594	125.1396	1.688853	0.8337647	1.374707
14526	-85.01416	-209.7492	124.735	1.666437	1.992392	0.9291605
14532	-82.08221	-208.2362	126.154	2.094795	0.2971702	0.8500552
14538	-69.49142	-194.796	125.3045	1.560488	0.8920072	1.293488
14544	-67.832	-193.098	125.266	1.620144	0.8920072	1.276175
14550	-67.87571	-193.3738	125.4981	1.598993	0.4656377	1.560697
14556	-69.77438	-195.2814	125.507	1.248104	0.2257242	2.152525
14562	-72.3119	-196.4095	124.0976	1.106493	1.888058	1.922813
14568	-67.48432	-191.9516	124.4673	1.295488	1.888058	1.528829
14574	-66.23541	-192.8349	126.5995	1.375898	0.3358807	1.047674
14580	-81.48566	-201.972	120.4864	2.299148	1.209116	3.706022
14586	-71.14919	-194.5483	123.3991	1.470953	1.993451	2.102972
14592	-70.28824	-195.7137	125.4255	1.293043	1.163325	1.192849
14598	-68.76668	-193.8908	125.1241	1.721091	1.328119	0.9411584
14604	-69.59871	-193.5931	123.9944	2.315558	2.506041	0.684019
14610	-79.14622	-204.8112	125.665	2.079807	0.288008	1.340736
14616	-77.00005	-200.9384	123.9384	2.025515	1.637361	1.500077
14622	-77.71507	-203.0774	125.3624	2.061195	0.5396869	1.20854
14628	-79.811	-203.7759	123.9649	2.077958	1.084264	1.761927
14634	-77.75883	-200.1277	122.3688	1.917976	5.104048	1.674177
14640	-75.7351	-200.3139	124.5788	1.780038	2.04453	0.9423119
14646	-73.33923	-197.147	123.8077	2.172782	3.029477	0.8213661
14652	-85.64044	-211.5564	125.9159	2.351335	0.2991342	0.8213661
14658	-81.1492	-205.388	124.2388	2.077328	2.417476	0.7471242
14664	-79.67416	-206.0673	126.3932	1.770211	0.3570486	0.790249
14670	-83.11994	-206.1229	123.003	2.318614	5.3055	0.6760794
14676	-78.72185	-200.431	121.7092	1.925524	12.25735	1.146342
14682	-80.29633	-204.7149	124.4186	2.149782	1.771498	0.8950267
14688	-76.6742	-198.1783	121.5041	1.789588	13.61294	1.289787
14694	-80.61417	-204.1858	123.5717	1.939807	3.606934	1.079001
14700	-82.5718	-208.1533	125.5815	1.530461	0.5149296	1.488086
14706	-83.71853	-208.1901	124.4716	0.9750271	0.9020332	2.280862
14712	-80.77692	-206.5984	125.8215	1.241238	0.09828156	2.23545
14718	-68.79788	-192.0856	123.2877	1.557217	1.943513	2.1388
14724	-75.69475	-200.9265	125.2317	1.81145	1.009952	1.028522
14730	-74.35832	-199.5856	125.2273	1.597012	0.5629739	1.644054
14736	-69.11345	-193.8715	124.758	2.650181	0.5629739	1.190861
14742	-77.57678	-201.8096	124.2328	1.960155	0.5629739	2.076477
14748	-80.74032	-206.0537	125.3134	1.418968	0.439806	1.851288
14754	-78.86154	-204.9495	126.088	2.009466	0.2060669	1.229371
14760	-83.60627	-209.113	125.5068	1.890596	0.3177356	1.553768
14766	-89.50688	-214.6075	125.1006	2.769413	0.5801749	0.6233256
14772	-76.84484	-200.2853	123.4405	2.058402	2.600557	1.438346
14778	-82.00723	-206.8618	124.8545	1.971164	1.426742	0.8768609
14784	-72.48525	-197.5161	125.0308	1.528641	0.8839198	1.536905
14790	-73.30737	-196.912	123.6046	2.297905	2.808933	1.013225
14796	-71.91515	-197.0158	125.1007	1.570444	0.8653054	1.468637
14802	-80.9492	-203.4701	122.5209	1.959521	3.232672	1.966118
14808	-73.19755	-197.0622	123.8647	2.273944	1.809017	1.274687
14814	-66.92243	-190.3675	123.445	1.624158	4.24229	1.274687
14820	-79.86077	-201.6394	121.7787	2.169765	6.089125	1.735108
14826	-80.58342	-203.5861	123.0027	1.507996	4.076776	1.735108
14832	-78.87376	-203.7446	124.8709	1.67993	1.096015	1.380425
14838	-78.52449	-203.5446	125.0201	2.424551	0.5530035	1.172506
14844	-73.7542	-199.0053	125.2511	2.594971	0.5870455	0.655033
14850	-74.86504	-198.0208	123.1558	2.80092	3.42283	0.583105
14856	-83.51146	-206.5962	123.0847	2.2355	4.206938	1.06498
14862	-75.67372	-198.919	123.2453	2.022301	4.167736	1.125093
14868	-77.85241	-201.2789	123.4265	2.218026	3.681748	0.918206
14874	-80.08559	-204.8731	124.7875	2.280974	1.246298	0.7493382
14880	-83.62733	-208.1913	124.564	1.595348	1.40287	1.481392
14886	-83.56238	-207.7757	124.2133	1.70294	2.279113	1.233486
14892	-84.84724	-208.7758	123.9286	2.146801	2.279113	1.09387
14898	-85.96021	-209.3734	123.4132	1.946658	4.145328	1.046384
14904	-81.84458	-203.1745	121.3299	1.372496	10.20599	2.049981
14910	-74.50701	-196.4378	121.9308	1.697089	9.435613	1.489024
14916	-71.64446	-194.0365	122.3921	1.630688	5.019112	1.874492
14922	-64.75774	-185.3445	120.5868	1.502989	8.851601	2.583147
14928	-64.27051	-187.5473	123.2767	1.59293	2.735069	1.846444
14934	-71.91908	-194.5931	122.6741	2.423483	6.357816	0.5882553
14940	-62.25689	-185.3488	123.0919	2.203862	5.143247	0.7867105
14946	-63.34332	-188.2641	124.9208	2.120312	1.354025	0.6401006
14952	-66.11707	-189.609	123.4919	2.120312	4.359919	0.6401006
14958	-82.04455	-205.0664	123.0219	2.076712	5.577606	0.8886688
14964	-71.99873	-195.0257	123.0269	2.185076	4.986841	0.9384927
14970	-73.73693	-198.2914	124.5545	1.538561	2.89165	0.7477598
14976	-69.51795	-195.196	125.678	1.49423	0.1433268	2.049009
14982	-72.85222	-195.7185	122.8663	2.18593	6.550757	0.5931761
14988	-67.43632	-192.6466	125.2103	2.871661	0.4645812	0.4940078
14994	-70.25557	-193.2148	122.9592	2.661243	4.369264	0.4023584
15000	-66.39967	-191.4273	125.0276	1.979152	1.26535	0.8129011
15006	-68.95921	-192.8691	123.9099	1.830838	2.801237	1.166132
15012	-68.58987	-190.8624	122.2725	1.870147	2.076392	2.536345
15018	-66.06004	-190.0587	123.9986	1.625968	4.229081	0.6979488
15024	-78.45064	-203.2761	124.8255	1.478868	1.379225	1.384122
15030	-75.61437	-200.13	124.5156	1.383739	3.122141	0.8733633
15036	-66.37592	-191.8512	125.4753	2.420946	0.5684818	0.4121686
15042	-68.28658	-191.7823	123.4957	1.545366	3.685507	1.446466
15048	-70.78332	-196.4315	125.6482	2.419627	0.4653882	0.584237
15054	-65.6356	-191.2235	125.5879	1.969179	0.8284461	0.5934772
15060	-66.94253	-192.4174	125.4748	1.238055	1.257223	1.126287
15066	-66.96293	-192.6234	125.6605	1.465217	0.1535908	2.055864
15072	-68.79686	-192.997	124.2002	1.36687	0.1535908	3.028951
15078	-66.99955	-189.613	122.6134	1.455655	1.064738	3.028951
15084	-62.9468	-189.1833	126.2365	1.76917	0.3108477	1.071706
15090	-67.97725	-191.8802	123.9029	1.985076	3.504663	0.6755507
15096	-72.2738	-194.9758	122.702	2.418857	6.0661	0.6920209
15102	-67.77346	-191.2765	123.5031	2.418857	3.460227	0.6396611
15108	-73.28277	-197.6739	124.3911	2.396914	1.466792	0.8854554
15114	-73.22692	-198.1884	124.9615	3.032198	0.5150595	0.4586039
15120	-77.32507	-202.5097	125.1846	2.831303	0.4892655	0.3985383
15126	-84.43868	-208.5441	124.1054	2.994561	1.266992	0.3642694
15132	-82.39555	-208.1418	125.7463	1.603359	0.7974616	0.9510186
15138	-77.65545	-203.1639	125.5084	1.912958	0.9213043	0.6724452
15144	-73.55809	-199.2423	125.6842	1.938946	0.3750846	1.285043
15150	-66.18716	-192.3454	126.1583	2.341735	0.2366949	0.7115913
15156	-59.56787	-185.1849	125.617	2.520183	0.3924871	0.7235606
15162	-66.52126	-192.1489	125.6277	2.000337	0.7112564	0.7386184
15168	-74.12911	-199.4449	125.3158	2.312179	0.7112564	0.7386184
15174	-63.46232	-188.8091	125.3468	2.081832	0.7112564	0.979357
15180	-74.83879	-196.5212	121.6824	2.056184	8.276084	1.55735
15186	-76.42276	-200.0371	123.6143	1.933238	0.7590186	2.321408
15192	-84.66392	-209.6655	125.0016	1.740056	0.5876588	1.676767
15198	-85.08512	-210.2614	125.1763	2.708531	0.5876588	0.4876318
15204	-81.77684	-206.1899	124.413	2.165282	1.873892	0.8043011
15210	-85.34385	-209.5313	124.1874	1.80778	3.316391	0.5920052
15216	-85.41962	-207.9949	122.5753	2.084547	8.453782	0.6198262
15222	-75.53403	-198.4717	122.9377	1.790317	7.491462	0.8133901
15228	-73.12549	-196.0252	122.8997	2.152919	4.514264	1.217469
15234	-80.94173	-200.706	119.7642	2.366657	35.34236	0.7641739
15240	-74.19625	-196.2712	122.0749	2.173623	9.654657	0.9199795
15246	-68.19275	-190.7664	122.5736	1.677187	8.57606	1.100241
15252	-67.94843	-190.7173	122.7689	1.389657	8.57606	1.182373
15258	-74.59425	-200.308	125.7138	1.080372	1.40606	0.9299753
15264	-74.34836	-197.6403	123.292	1.563162	7.497338	0.5810683
15270	-73.33513	-196.5971	123.262	1.332265	7.497338	0.9652526
15276	-82.48336	-203.6647	121.1813	1.493664	3.662492	2.998118
15282	-87.10944	-211.3926	124.2831	2.452356	1.443261	0.9620286
15288	-95.58331	-220.1472	124.5639	2.435706	1.103984	0.9820873
15294	-77.7169	-202.1758	124.4589	1.390748	0.7454004	2.137536
15300	-90.27609	-216.2757	125.9996	2.181417	0.333714	0.8319881
15306	-87.11077	-210.8221	123.7114	2.203512	3.087062	0.8721404
15312	-79.2961	-204.8959	125.5998	1.948735	0.5482607	1.085857
15318	-85.85578	-208.5719	122.7161	2.252871	5.221907	1.112729
15324	-77.97381	-204.6275	126.6537	1.559287	0.05740232	1.582443
15330	-83.34329	-206.9325	123.5893	1.370294	1.106615	2.460015
15336	-64.04646	-190.2521	126.2056	1.603859	0.0639945	1.844578
15342	-71.81351	-196.9236	125.1101	1.407428	0.3912076	2.057074
15348	-74.68867	-198.7404	124.0517	1.76422	1.669099	1.593448
15354	-78.07262	-201.1936	123.121	0.9207146	0.6521661	3.322868
15360	-77.52298	-202.3218	124.7988	0.529675	0.8367375	2.402065
15366	-75.69772	-198.7641	123.0664	0.6615746	0.5505585	3.592588
15372	-80.91785	-205.603	124.6851	2.125616	0.8018362	1.41744
15378	-85.40168	-210.3622	124.9605	2.361944	0.8018362	0.9739186
15384	-92.67653	-216.3367	123.6602	2.02712	1.627325	1.706198
15390	-97.40902	-215.7354	118.3264	0.6771285	1.851312	5.56593
15396	-76.8501	-202.4233	125.5732	1.151281	0.3925901	1.917025
15402	-78.51193	-202.2309	123.7189	2.122889	1.643633	1.587172
15408	-80.49701	-204.0657	123.5687	2.000251	1.541609	1.830804
15414	-66.01755	-191.7438	125.7262	1.816058	0.2480287	1.571469
15420	-63.77972	-188.611	124.8313	2.545804	0.9577572	0.6840908
15426	-78.37354	-203.5563	125.1828	2.774457	0.5136744	0.6598228
15432	-77.1666	-202.7337	125.5671	2.349286	0.5136744	0.7325438
15438	-79.68732	-203.9186	124.2313	2.257784	2.135222	0.7098338
15444	-76.42348	-200.4982	124.0747	3.103414	1.225094	0.4653347
15450	-74.13146	-200.1335	126.002	2.380387	0.2738762	0.7459635
15456	-70.14744	-195.2184	125.071	2.264144	0.9946335	0.6921092
15462	-69.45865	-193.7858	124.3271	2.264144	1.943203	0.724441
15468	-72.06483	-195.9289	123.864	2.376584	2.702237	0.6341788
15474	-75.90893	-195.5153	119.6064	2.515189	37.3899	0.5596162
15480	-73.31416	-194.9999	121.6857	2.481784	11.71042	0.4559337
15486	-75.61787	-200.1971	124.5793	2.481784	1.314553	0.6652387
15492	-86.6716	-212.2873	125.6157	1.771492	0.5750005	1.193347
15498	-85.52378	-210.976	125.4522	1.93365	0.5758544	1.193347
15504	-65.38279	-190.8156	125.4328	2.317539	0.6015927	0.7787628
15510	-78.70648	-201.9739	123.2675	2.618066	3.418017	0.3207574
15516	-66.21674	-191.2073	124.9905	2.309245	1.089584	0.4664659
15522	-73.1882	-195.7574	122.5692	2.309245	6.704442	0.8323124
15528	-72.28656	-193.8922	121.6056	2.198431	13.96605	0.7262442
15534	-64.16991	-188.3993	124.2294	1.711911	2.800425	0.9780871
15540	-52.07028	-176.293	124.2227	1.602569	2.800425	1.090539
15546	-61.5962	-183.2187	121.6225	0.8470585	5.896817	2.723142
15552	-65.25699	-186.4778	121.2208	1.131006	5.527551	2.851437
15558	-69.16012	-191.714	122.5539	1.227563	5.527551	1.945433
15564	-72.58387	-195.1641	122.5802	1.267398	5.310167	1.939303
15570	-72.80396	-193.0411	120.2372	1.976855	27.60898	1.161751
15576	-74.61366	-198.3168	123.7031	2.419572	2.87452	0.7126031
15582	-72.25712	-195.0688	122.8116	2.544521	5.102716	0.7126031
15588	-79.0355	-204.2716	125.2362	2.463273	0.7086528	0.6038715
15594	-78.39527	-199.9741	121.5788	1.968801	9.10981	1.588979
15600	-71.94347	-195.2407	123.2972	2.081182	5.060288	0.6945184
15606	-66.40181	-189.7076	123.3058	1.978821	4.454822	1.024123
15612	-69.44372	-193.8603	124.4166	1.8147	2.480191	0.8209797
15618	-66.43998	-188.5918	122.1518	2.220248	9.32105	0.8405486
15624	-69.95488	-193.1781	123.2232	1.800909	3.303836	1.566603
15630	-72.89118	-195.8067	122.9155	1.708506	2.009112	2.25668
15636	-71.87329	-194.5534	122.6801	2.121677	5.237376	1.254033
15642	-67.14848	-192.8418	125.6933	1.463677	0.8768279	1.052973
15648	-64.52652	-187.8654	123.3388	1.22666	3.100595	1.945074
15654	-71.01262	-192.6434	121.6308	1.264813	0.89488	3.8178
15660	-74.01147	-196.149	122.1375	2.080564	1.476288	2.729813
15666	-74.30238	-196.667	122.3646	2.271895	0.8854325	2.796944
15672	-75.12524	-199.7714	124.6461	1.131324	1.63648	1.637377
15678	-67.61284	-192.6203	125.0075	1.851821	0.8780118	1.310572
15684	-67.6983	-194.2786	126.5803	1.740181	0.1265807	1.264552
15690	-69.25781	-193.2245	123.9667	2.036145	1.193689	1.72035
15696	-73.087	-198.0211	124.9341	2.303576	0.8735034	0.9770167
15702	-81.51109	-203.9481	122.437	3.450994	0.9320822	1.971177
15708	-73.44676	-198.4786	125.0318	1.929483	0.9320822	1.176462
15714	-70.09683	-195.7008	125.604	2.152641	0.229148	1.449187
15720	-67.52251	-192.4707	124.9482	2.201841	0.9510802	0.9816629
15726	-62.71219	-189.0559	126.3437	1.741167	0.3241489	0.9643531
15732	-68.62524	-192.3883	123.763	1.890429	1.816299	1.641383
15738	-63.54552	-187.4506	123.905	1.426079	1.852793	1.851255
15744	-63.13057	-186.6171	123.4865	1.622148	4.723573	1.113474
15750	-66.64732	-190.7377	124.0904	2.850097	1.370505	0.787525
15756	-68.35428	-194.2405	125.8862	2.480927	0.3180263	0.5416071
15762	-62.65739	-187.7087	125.0513	2.29908	0.9974759	0.6572416
15768	-65.81327	-190.8736	125.0603	1.414546	1.259413	1.326003
15774	-68.06469	-191.1808	123.1161	1.14989	1.073003	2.905839
15780	-61.03315	-186.3014	125.2682	0.9986288	0.7710113	1.837594
15786	-58.84905	-183.0092	124.1601	1.767493	1.065256	1.854002
15792	-56.87407	-182.6354	125.7614	1.446431	0.542985	1.380267
15798	-66.70662	-189.2078	122.5012	1.850942	4.737374	1.701836
15804	-62.82165	-187.4898	124.6681	1.613589	1.408058	1.384338
15810	-54.48881	-179.3429	124.8541	1.575358	0.3702274	2.142358
15816	-61.80268	-187.7803	125.9776	1.321367	0.3640289	1.553058
15822	-64.4249	-187.3438	122.9189	1.762702	1.373058	2.491925
15828	-59.17007	-184.1098	124.9398	2.034845	1.373058	0.7348616
15834	-62.64568	-188.8865	126.2408	1.532191	0.2512289	1.390891
15840	-60.68405	-187.001	126.3169	1.399354	0.2839012	1.371157
15846	-65.86097	-192.1947	126.3337	1.242887	0.4015907	1.280467
15852	-70.14208	-195.2788	125.1367	1.691773	0.6341661	1.565666
15858	-61.59775	-185.3225	123.7247	1.596338	0.8001605	2.433487
15864	-62.26859	-188.7256	126.457	1.303498	0.1416836	1.649317
15870	-72.39773	-196.7614	124.3637	1.559012	1.072728	1.852516
15876	-76.71342	-198.4378	121.7244	1.75388	2.739973	2.738025
15882	-69.28286	-195.2121	125.9292	1.711066	0.2179685	1.559797
15888	-62.38534	-189.0594	126.6741	1.972211	0.09626014	1.087896
15894	-71.21253	-194.5728	123.3602	1.710462	3.119705	1.586713
15900	-63.77625	-190.8792	127.103	1.75803	0.04980674	1.091911
15906	-71.03704	-194.7455	123.7084	1.782494	1.422449	1.943945
15912	-66.16973	-191.4206	125.2509	1.560039	0.2042284	2.156255
15918	-73.75924	-199.2546	125.4953	1.566627	0.7725026	1.244123
15924	-70.05904	-193.2943	123.2352	1.734862	4.275049	1.346355
15930	-80.11904	-204.0864	123.9673	2.521545	2.25729	0.4626621
15936	-79.66108	-204.9505	125.2894	2.187375	0.7887962	0.8161404
15942	-85.90513	-212.5639	126.6587	1.991672	0.1458681	0.8864497
15948	-81.28748	-208.032	126.7445	1.588411	0.3211572	0.6338547
15954	-77.31806	-203.0387	125.7207	1.992144	0.3211572	1.304955
15960	-65.87279	-191.1897	125.3169	1.07771	1.10819	1.491589
15966	-69.71921	-197.0019	127.2827	1.556421	0.06206668	1.055261
15972	-70.69937	-197.3498	126.6504	1.234895	0.1026158	1.668801
15978	-66.73074	-190.88	124.1492	1.947445	0.7126469	2.001921
15984	-70.12915	-194.6854	124.5563	1.952114	0.9305086	1.537618
15990	-79.0601	-205.2147	126.1546	1.770833	0.2230902	1.33047
15996	-82.41088	-207.0025	124.5917	1.822741	0.4223633	2.085913
16002	-78.82277	-202.4715	123.6487	1.525509	1.142402	2.303416
16008	-78.9756	-202.2848	123.3092	1.377192	2.300281	2.111639
16014	-81.8499	-205.4198	123.5699	2.95544	2.082066	0.3429431
16020	-71.27779	-196.0989	124.8211	3.128346	0.5002836	0.3334189
16026	-75.99199	-200.1968	124.2048	2.747452	1.494262	0.418812
16032	-79.67854	-203.4834	123.8049	2.05719	3.605118	0.6526506
16038	-70.47804	-196.3319	125.8539	2.528005	0.2961065	0.6526336
16044	-75.1658	-197.7279	122.5621	3.311465	2.950991	0.2102829
16050	-82.75906	-204.3741	121.615	3.0548	7.993639	0.3081976
16056	-81.10161	-206.1076	125.006	3.224822	0.3049542	0.2625177
16062	-69.57078	-194.6774	125.1066	4.16846	0.02647438	0.3110307
16068	-68.68881	-192.4962	123.8074	3.684903	0.4934963	0.1424732
16074	-74.58449	-197.1565	122.572	4.113606	1.173092	0.1424732
16080	-71.03462	-194.1824	123.1478	4.021006	0.9073503	0.2000635
16086	-68.19621	-191.1972	123.001	3.507295	1.970354	0.2768659
16092	-76.23211	-201.2042	124.9721	2.717062	0.7105202	0.625085
16098	-82.01524	-206.8483	124.8331	3.033166	0.5695117	0.6672955
16104	-71.73493	-195.8575	124.1226	2.942087	1.138775	0.2505174
16110	-69.28837	-194.3976	125.1092	3.010077	0.4298666	0.619548
16116	-82.03615	-205.5103	123.4741	2.349898	3.594901	0.3251264
16122	-72.58416	-199.0178	126.4336	2.773305	0.05760533	0.600379
16128	-57.25695	-183.8832	126.6262	2.121893	0.1413441	0.7847747
16134	-54.99713	-181.8152	126.818	1.488707	0.3366231	0.6142687
16140	-52.23412	-175.7898	123.5557	2.090213	4.358306	0.4975624
16146	-57.69285	-183.1203	125.4275	2.559537	0.5121867	0.5915495
16152	-58.52963	-184.8433	126.3137	1.233136	0.2599838	1.54535
16158	-62.18592	-187.6436	125.4576	1.250196	0.2220576	2.18989
16164	-68.62155	-194.8037	126.1821	1.197804	0.8150363	0.8955227
16170	-69.10255	-196.0956	126.9931	1.455941	0.1899771	0.9475998
16176	-58.98087	-185.528	126.5472	1.565122	0.2008528	1.229856
16182	-59.49072	-185.1752	125.6845	1.861171	0.7179121	0.8395764
16188	-63.53773	-189.4575	125.9198	2.293365	0.3925321	0.4727997
16194	-68.30634	-193.7422	125.4358	2.668069	0.446202	0.4308582
16200	-84.19309	-208.7032	124.5101	2.973203	0.9066895	0.5348579
16206	-82.15376	-206.0758	123.922	2.930686	1.638814	0.5804386
16212	-64.54938	-189.4516	124.9022	1.702283	1.783937	0.8430587
16218	-63.7058	-188.2692	124.5634	2.202502	1.783937	0.4673379
16224	-67.24389	-188.8804	121.6365	2.202165	14.33779	0.4792145
16230	-60.99838	-186.4767	125.4784	1.925924	0.34471	1.504828
16236	-68.2317	-192.9223	124.6906	1.651549	1.146287	1.504828
16242	-69.18428	-194.7193	125.5351	2.131607	0.6667912	0.7681619
16248	-62.55774	-187.9201	125.3623	2.342384	0.6667912	0.709244
16254	-63.79548	-188.938	125.1425	1.838562	0.6667912	1.417188
16260	-65.59783	-191.385	125.7871	1.733944	0.5640392	1.088824
16266	-63.05103	-185.8548	122.8038	1.264197	3.472076	2.176694
16272	-66.24962	-191.351	125.1014	0.9131809	0.3542315	2.429058
16278	-71.38414	-194.5265	123.1423	0.9808691	0.3542315	3.566826
16284	-75.38726	-199.0189	123.6317	1.334558	3.286726	1.613714
16290	-72.66496	-198.3884	125.7234	2.340755	0.3987051	0.8112491
16296	-72.65709	-198.0773	125.4202	1.791519	0.6299527	1.273877
16302	-77.00008	-203.6741	126.674	1.352317	0.3697977	0.9236747
16308	-73.07852	-197.8562	124.7777	1.545157	0.6542434	1.901878
16314	-77.22808	-199.68	122.4519	2.201668	6.714621	1.068613
16320	-77.92615	-202.4338	124.5077	2.096266	1.633259	0.9564307
16326	-83.60282	-207.038	123.4352	2.026482	2.855084	1.376655
16332	-75.77947	-199.8429	124.0634	1.597301	2.195855	1.471993
16338	-73.77799	-198.535	124.757	2.260427	1.352957	0.6896144
16344	-73.00913	-198.0693	125.0602	1.589368	1.185934	1.234466
16350	-83.80192	-209.7307	125.9288	2.410997	0.3318044	0.5085553
16356	-80.60438	-204.5333	123.9289	2.053735	2.880721	0.8955461
16362	-75.5281	-199.0479	123.5198	2.661506	2.880721	0.4340845
16368	-88.13773	-211.3495	123.2117	3.221575	2.359303	0.4513039
16374	-74.06878	-197.1111	123.0423	1.861797	6.230018	0.9274069
16380	-73.49106	-197.686	124.1949	1.900952	1.928468	1.248877
16386	-80.44096	-200.0542	119.6132	1.549087	16.54503	2.528496
16392	-77.12991	-201.0132	123.8833	1.907393	0.6037238	2.298125
16398	-80.71549	-205.4303	124.7148	1.613058	0.5269846	2.024364
16404	-85.58478	-209.6506	124.0658	2.031646	2.72688	0.84151
16410	-81.28177	-205.6825	124.4007	1.608723	1.643624	1.462477
16416	-83.04393	-205.489	122.4451	1.681223	5.408977	1.729694
16422	-77.03645	-202.4402	125.4037	1.039509	0.8809916	1.624272
16428	-79.78935	-206.4529	126.6636	1.329487	0.1276588	1.517345
16434	-76.17774	-202.0845	125.9067	1.326716	0.7903378	1.074283
16440	-73.72362	-197.5328	123.8091	1.31774	1.027827	2.401928
16446	-74.07732	-199.4536	125.3763	0.7503329	0.5677129	2.115319
16452	-72.21176	-197.785	125.5733	0.9200265	0.2042694	2.360211
16458	-64.58722	-189.3757	124.7885	1.363816	0.3406259	2.360211
16464	-66.86856	-191.3717	124.5031	0.753869	2.584342	1.623813
16470	-67.51119	-192.5609	125.0497	0.7929613	1.441793	1.691037
16476	-65.50734	-191.6315	126.1241	0.782483	0.556341	1.591836
16482	-70.57047	-196.0983	125.5278	0.8825457	0.7738075	1.735594
16488	-75.94341	-200.1701	124.2267	0.7280921	0.7095904	2.729938
16494	-76.22239	-201.7118	125.4895	1.722756	0.7332872	1.156826
16500	-64.66306	-190.1116	125.4486	1.886325	0.7332872	1.044352
16506	-70.50505	-193.349	122.8439	1.524628	1.578938	2.591425
16512	-80.76088	-205.9296	125.1687	1.462566	0.2561273	2.180152
16518	-82.21728	-204.7653	122.5481	1.922876	3.847896	1.816831
16524	-87.49668	-211.738	124.2414	1.654442	2.078862	1.34008
16530	-83.34681	-206.5731	123.2262	0.5030967	0.4506388	3.687661
16536	-85.27723	-212.0159	126.7386	1.690173	0.08990407	1.299311
16542	-86.09812	-212.6441	126.546	1.645034	0.1377864	1.335726
16548	-85.052	-211.5487	126.4967	1.540484	0.1377864	1.455646
16554	-82.61266	-209.2608	126.6481	1.199524	0.1377864	1.596617
16560	-84.20488	-206.1486	121.9437	2.018162	11.81927	0.8801044
16566	-87.66878	-209.5049	121.8361	2.115447	5.460145	1.841742
16572	-80.74862	-205.1167	124.3681	1.741557	0.90328	1.841742
16578	-71.87069	-196.693	124.8223	2.03652	0.90328	1.288534
16584	-75.52261	-198.1078	122.5852	2.05082	2.178461	2.187065
16590	-77.21123	-202.3902	125.179	1.077296	0.172945	2.569676
16596	-77.84565	-203.3304	125.4848	0.8307198	0.1552264	2.569676
16602	-72.87284	-193.9938	121.121	2.475949	15.82618	0.7225123
16608	-85.00794	-208.4533	123.4453	2.723796	2.822061	0.6707226
16614	-81.29222	-204.4593	123.1671	2.87784	2.822061	0.8531002
16620	-77.02804	-200.1843	123.1562	2.547041	4.061704	0.6516812
16626	-71.98892	-197.0597	125.0708	1.930647	0.6341965	1.435928
16632	-74.54262	-197.745	123.2024	2.364048	2.364405	1.475853
16638	-80.47962	-202.6409	122.1613	2.053653	6.712342	1.435862
16644	-71.35376	-194.9463	123.5925	2.207169	2.980338	1.040396
16650	-67.62888	-192.5477	124.9188	1.542034	1.42022	1.231653
16656	-67.95218	-193.8367	125.8845	2.018326	0.2984677	1.189528
16662	-77.1656	-200.7988	123.6332	1.960929	3.533832	1.025966
16668	-78.01549	-202.245	124.2295	1.903416	1.972693	1.195072
16674	-84.07762	-209.1854	125.1078	1.691592	1.36847	0.95562
16680	-78.81685	-204.1635	125.3466	1.894958	0.8787908	0.9669647
16686	-74.17641	-197.8861	123.7097	2.13238	2.729335	1.104714
16692	-75.50893	-199.0963	123.5874	1.991805	3.334214	1.1115
16698	-82.40552	-206.8548	124.4492	1.719303	1.712125	1.301575
16704	-91.08139	-213.0108	121.9294	1.50104	6.960319	1.955755
16710	-85.2019	-211.3451	126.1432	1.587155	0.07572972	1.860247
16716	-88.20113	-214.5896	126.3885	1.925812	0.05915672	1.500987
16722	-89.10209	-214.9001	125.7981	2.174738	0.05565561	1.760078
16728	-75.77563	-202.0195	126.2439	1.527613	0.09895825	1.760078
16734	-77.08759	-201.8406	124.753	1.664237	1.65597	1.12175
16740	-77.21537	-202.3183	125.103	1.446406	1.261677	1.263766
16746	-73.61048	-195.9971	122.3867	1.806581	8.635687	1.142579
16752	-72.04542	-196.6486	124.6032	1.477921	1.916013	1.267348
16758	-79.7433	-204.2979	124.5546	1.834663	2.44398	0.557546
16764	-81.96579	-205.9334	123.9676	2.149212	2.883336	0.7160547
16770	-79.74219	-205.6064	125.8642	1.945757	0.615643	0.6432869
16776	-76.59709	-203.0435	126.4464	1.71385	0.376833	0.7362201
16782	-76.194	-200.8206	124.6266	1.496561	2.490309	0.9404847
16788	-79.10786	-205.7626	126.6547	1.438778	0.3153418	0.9758275
16794	-78.35904	-204.6098	126.2508	1.045954	0.4761834	1.395993
16800	-75.40637	-200.7595	125.3531	0.7732167	0.4761834	2.211169
16806	-66.04488	-190.8167	124.7718	0.6997814	0.7559308	2.372082
16812	-65.49849	-191.1668	125.6683	0.4277156	0.136212	2.746549
16818	-70.63614	-196.4388	125.8027	0.7911957	0.1495891	2.407755
16824	-62.15647	-188.5214	126.3649	1.466626	0.2769801	1.292354
16830	-63.23904	-189.0214	125.7824	1.387563	0.8973491	1.018731
16836	-60.61666	-187.3168	126.7002	1.572292	0.3347202	0.6957806
16842	-63.90049	-188.6882	124.7878	1.903886	1.490166	0.971158
16848	-69.65985	-196.1723	126.5124	1.559666	0.1514481	1.391093
16854	-68.68982	-192.9695	124.2797	1.167628	0.4797336	2.635375
16860	-62.91473	-189.6704	126.7556	1.527664	0.2286396	1.002142
16866	-61.0505	-186.6928	125.6423	1.201673	0.6547766	1.533251
16872	-59.18714	-183.998	124.8108	0.7158563	0.3654141	2.717536
16878	-52.63167	-175.9259	123.2942	1.607938	2.821955	1.79702
16884	-65.40819	-190.722	125.3138	1.355282	0.3153271	2.062125
16890	-64.29674	-189.2062	124.9095	1.32035	0.9986402	1.68876
16896	-61.3364	-187.7818	126.4454	1.577174	0.2604793	1.166028
16902	-63.70716	-188.3054	124.5982	1.968094	2.004368	0.7056576
16908	-60.39787	-186.1236	125.7257	1.90204	0.7669776	0.4120036
16914	-59.73036	-184.3216	124.5913	1.404886	2.090165	1.253169
16920	-56.76224	-180.843	124.0808	1.275011	1.343661	2.074925
16926	-61.43305	-186.805	125.372	1.312022	0.5684863	1.737741
16932	-72.52001	-197.3578	124.8378	1.441817	0.2838119	2.361431
16938	-75.04107	-200.7187	125.6776	1.525701	0.5020241	1.434705
16944	-72.36421	-198.2687	125.9044	1.59718	0.5020241	1.193514
16950	-70.62605	-197.0246	126.3985	1.524287	0.5020241	0.7518888
16956	-78.10833	-203.1165	125.0082	1.769428	0.5774693	1.66185
16962	-75.20901	-201.7252	126.5162	2.471982	0.1073112	0.5739973
16968	-80.66038	-203.9337	123.2733	2.398056	3.07136	1.124013
16974	-82.50802	-204.1302	121.6222	2.466931	10.29815	0.9809859
16980	-78.87939	-205.2254	126.346	2.368284	0.1828227	0.584705
16986	-83.96675	-210.3115	126.3448	2.35014	0.1828227	0.638008
16992	-94.80736	-216.4265	121.6191	2.509688	10.24489	0.9483152
16998	-76.31741	-200.1393	123.8219	2.635685	2.107591	0.7813577
17004	-75.71661	-199.6246	123.908	2.342736	2.648542	0.6664141
17010	-75.50261	-200.3813	124.8787	2.541324	0.9659134	0.5420972
17016	-85.4762	-206.0246	120.5484	3.065384	16.3971	0.5018659
17022	-69.35955	-193.1062	123.7467	1.89049	3.794063	0.8815228
17028	-67.25216	-192.2514	124.9993	1.7555	0.9955212	1.295192
17034	-80.18511	-202.3638	122.1787	1.919307	4.771751	1.87134
17040	-69.63023	-193.5976	123.9674	1.777083	2.169137	1.419152
17046	-71.28583	-194.1959	122.9101	2.105979	3.258872	1.585513
17052	-76.61324	-197.7073	121.0941	1.34075	14.23252	1.867349
17058	-66.37435	-189.3764	123.002	1.977571	5.289685	1.086287
17064	-66.51258	-191.5234	125.0108	1.900557	1.217661	0.968317
17070	-60.23243	-184.649	124.4166	1.846135	1.360321	1.428023
17076	-54.97019	-177.4903	122.5201	2.217753	6.897794	0.9451507
17082	-66.44833	-188.9044	122.4561	1.898427	8.884658	0.9451549
17088	-66.25445	-190.0951	123.8406	2.027208	3.463449	0.7367177
17094	-60.71691	-186.3783	125.6613	2.040535	0.4224062	1.140094
17100	-56.62734	-181.7696	125.1422	0.9081906	0.705258	2.039003
17106	-62.30328	-187.4557	125.1524	1.340669	0.6441547	1.794696
17112	-53.33014	-177.118	123.7878	1.4971	2.905508	1.495296
17118	-53.5462	-178.0844	124.5382	1.436451	1.488087	1.570898
17124	-67.56259	-191.2521	123.6896	1.655888	1.488087	2.008303
17130	-69.91355	-193.5152	123.6016	1.123212	1.702055	2.314618
17136	-69.06147	-193.6477	124.5862	1.613799	0.6811063	1.960362
17142	-70.17473	-189.1961	119.0213	1.665156	70.83521	0.8545938
17148	-67.51157	-189.7054	122.1939	1.783841	7.714036	1.458429
17154	-86.00844	-209.5056	123.4972	1.943054	4.081394	0.9880048
17160	-72.47553	-196.5462	124.0707	1.969878	1.12915	1.734387
17166	-75.7705	-197.9153	122.1448	2.669232	5.733045	1.13252
17172	-73.43428	-197.0848	123.6506	2.279069	2.966278	0.9132857
17178	-74.00008	-196.2526	122.2525	2.148139	8.986901	0.8743152
17184	-78.81662	-199.4769	120.6603	2.547277	20.68009	0.5524003
17190	-75.29459	-202.1896	126.8951	1.640134	0.2257179	0.7028894
17196	-74.79034	-197.7023	122.9119	1.912102	5.608561	1.151566
17202	-79.6484	-206.0233	126.3749	1.770631	0.212334	1.172583
17208	-73.8652	-199.7524	125.8872	2.111068	0.5134365	0.472079
17214	-82.8148	-205.6386	122.8238	1.84322	4.660732	1.488844
17220	-76.20586	-201.5184	125.3125	2.305048	0.6794393	0.8119639
17226	-76.96561	-202.7607	125.795	2.08399	0.2213337	1.371234
17232	-76.14444	-198.587	122.4426	1.919529	9.068992	0.9022155
17238	-72.47535	-195.0079	122.5326	2.400646	6.196747	0.903941
17244	-69.32518	-195.6827	126.3575	1.296912	0.3114108	1.369116
17250	-66.13535	-192.1627	126.0274	1.786789	0.6083892	0.6566262
17256	-76.21553	-200.2819	124.0664	2.82553	1.494768	0.3307174
17262	-65.34004	-190.0002	124.6601	2.82553	0.8536169	0.3480808
17268	-72.31558	-196.6299	124.3143	2.00224	1.60288	1.240766
17274	-70.5415	-195.1968	124.6553	1.679475	1.756228	1.135942
17280	-76.01201	-200.0203	124.0083	1.300542	2.923155	1.471438
17286	-77.58873	-201.7903	124.2016	2.011601	2.241527	0.9800108
17292	-56.16253	-182.7359	126.5734	1.853602	0.2526571	0.7596285
17298	-61.68804	-186.3226	124.6346	2.010189	1.268441	1.178147
17304	-66.14707	-191.1682	125.0211	1.7097	1.268441	1.101478
17310	-67.59173	-189.4436	121.8519	1.92377	11.96316	1.053205
17316	-59.28721	-185.9373	126.6501	1.92377	0.1772117	0.8521385
17322	-60.42517	-185.9885	125.5633	1.66658	0.5281903	1.38122
17328	-59.26262	-183.4331	124.1705	1.831267	2.163702	1.213885
17334	-61.79879	-186.2125	124.4137	1.934567	1.271294	1.4178
17340	-61.64976	-186.954	125.3042	1.932456	0.4645424	1.457694
17346	-60.54122	-184.2478	123.7066	1.956617	2.005979	1.550252
17352	-60.51836	-186.1801	125.6618	1.608904	0.6186463	1.23819
17358	-60.91567	-185.507	124.5913	2.031803	1.807634	0.7999089
17364	-56.13042	-181.641	125.5106	2.488867	0.5108662	0.5496702
17370	-61.4128	-187.4607	126.0479	1.937766	0.5108662	0.6024231
17376	-60.5242	-187.063	126.5388	1.858066	0.2732772	0.7258053
17382	-62.39284	-187.5395	125.1467	2.625848	0.6018696	0.3151641
17388	-69.04508	-192.8102	123.7651	2.461877	2.242862	0.2155238
17394	-64.08013	-189.208	125.1279	2.607055	0.5189668	0.2219638
17400	-72.62057	-197.9424	125.3219	3.014445	0.3331021	0.4804191
17406	-70.00512	-194.8535	124.8484	2.607441	0.7966152	0.271335
17412	-59.00341	-184.8648	125.8614	3.343902	0.02980796	0.271335
17418	-60.21048	-185.6388	125.4283	3.343902	0.110816	0.2410888
17424	-64.26564	-189.0571	124.7915	3.476378	0.2376356	0.2055952
17430	-69.8305	-193.8865	124.056	3.034481	1.096559	0.2441283
17436	-67.11504	-190.589	123.474	2.087175	4.231557	0.7932958
17442	-68.3639	-195.0381	126.6742	2.29064	0.111938	0.5898264
17448	-79.44507	-204.5463	125.1012	2.494727	0.6917383	0.8189298
17454	-75.2076	-199.8116	124.604	2.38629	1.311901	0.7835325
17460	-73.3669	-197.814	124.4471	2.320817	1.520645	0.8625469
17466	-86.78706	-212.3569	125.5699	2.255373	0.494663	0.8924537
17472	-81.52041	-204.1981	122.6777	2.255373	5.218485	1.145769
17478	-80.11285	-203.308	123.1951	1.905655	2.960325	1.613557
17484	-89.04309	-212.6729	123.6298	2.106026	2.018693	1.490647
17490	-79.59421	-202.4146	122.8204	1.760431	1.712764	2.40149
17496	-82.68933	-205.1826	122.4932	1.850522	5.460767	1.563755
17502	-79.2736	-203.2289	123.9553	2.017338	1.538908	1.545074
17508	-84.59485	-206.8692	122.2743	2.03305	8.160539	1.117959
17514	-73.21941	-197.8002	124.5808	2.208571	1.323541	1.002526
17520	-74.27079	-198.7403	124.4695	1.423802	1.221789	1.77998
17526	-70.45407	-194.9789	124.5248	1.743598	0.938488	1.705103
17532	-77.82674	-202.2268	124.4001	1.677757	0.9417698	1.835519
17538	-83.50963	-207.1003	123.5906	1.725117	1.485567	2.029268
17544	-79.82888	-205.7441	125.9152	1.786666	0.4890491	1.030962
17550	-78.20652	-203.6161	125.4096	1.638575	0.8576013	1.171279
17556	-75.07688	-200.5704	125.4935	1.882843	0.3441239	1.526571
17562	-88.43822	-208.4727	120.0345	0.8338529	3.708292	4.042622
17568	-85.25868	-206.269	121.0103	1.424898	0.9590476	4.042622
17574	-85.6668	-209.1975	123.5307	2.644816	2.39426	0.9360281
17580	-85.46753	-206.3435	120.876	1.377055	1.148202	4.042622
17586	-83.09618	-201.8512	118.755	2.007465	57.11068	1.209901
17592	-71.12094	-196.4639	125.3429	2.668928	0.4778991	0.6697323
17598	-75.09507	-199.8559	124.7608	2.574511	1.01729	0.6471369
17604	-72.49357	-198.6329	126.1393	2.574511	0.1761845	0.64289
17610	-83.3103	-206.8643	123.554	2.971544	2.131056	0.3788919
17616	-77.72965	-200.8037	123.0741	3.148366	2.738495	0.3836785
17622	-73.467	-196.544	123.077	3.036988	3.053453	0.4633836
17628	-74.94466	-198.4467	123.502	2.886126	2.444724	0.4436935
17634	-75.21277	-198.7979	123.5851	2.769381	2.493373	0.5961462
17640	-71.96821	-194.0252	122.0569	3.300923	4.612401	0.2417991
17646	-72.88143	-195.6249	122.7435	3.300923	2.739116	0.2418964
17652	-68.64478	-192.6348	123.99	2.960885	1.248439	0.2418964
17658	-65.18438	-189.0106	123.8262	3.189666	1.248439	0.2767827
17664	-68.97096	-193.8916	124.9206	3.021982	0.533461	0.3959102
17670	-64.21765	-189.494	125.2764	2.57256	0.6124616	0.5081075
17676	-70.53772	-192.6175	122.0798	2.206458	10.90384	0.5006663
17682	-59.91222	-186.1023	126.19	1.92493	0.4214932	0.6644431
17688	-66.73268	-187.4452	120.7125	2.699539	18.43401	0.4777817
17694	-70.49891	-194.5129	124.014	2.836652	1.510135	0.3046096
17700	-70.03936	-195.3299	125.2905	2.541248	0.6169179	0.5777141
17706	-76.98672	-201.914	124.9272	2.741459	0.6169179	0.8555952
17712	-75.68849	-200.4706	124.7822	1.777468	1.524049	1.076061
17718	-77.48621	-200.6184	123.1322	2.516517	3.490054	0.9880388
17724	-76.02835	-201.8183	125.7899	1.921275	0.3100849	1.326393
17730	-70.76317	-195.6436	124.8804	2.813017	0.7182584	0.4246817
17736	-74.47735	-197.4918	123.0145	2.170679	5.568744	0.7836141
17742	-75.9442	-199.6625	123.7183	1.162335	4.663559	1.322325
17748	-81.98409	-203.1776	121.1935	1.812667	4.663559	2.597027
17754	-75.36241	-198.6278	123.2654	1.862375	4.274474	1.217139
17760	-65.30779	-191.2861	125.9783	2.182605	0.3494297	0.8146777
17766	-66.87114	-189.912	123.0408	1.473347	5.417805	1.444503
17772	-74.58122	-198.0487	123.4675	1.413062	1.823759	2.16361
17778	-69.64637	-193.8863	124.24	1.62162	1.147916	1.846755
17784	-63.75568	-187.0389	123.2833	1.487183	2.934986	1.853505
17790	-63.73702	-187.9341	124.1971	1.301767	1.892835	1.717518
17796	-63.93619	-187.9672	124.031	1.6301	1.240303	1.928144
17802	-61.8543	-186.5717	124.7174	1.747168	1.339845	1.280886
17808	-66.8782	-192.4964	125.6182	1.479932	0.7101415	1.278628
17814	-75.38055	-198.1592	122.7787	1.462003	8.155165	1.177934
17820	-73.24945	-197.9381	124.6887	1.764486	1.083128	1.46502
17826	-65.43993	-191.8492	126.4093	2.123636	0.2367809	0.6488727
17832	-72.26867	-196.2863	124.0176	1.558845	4.177328	0.7962867
17838	-66.39024	-192.9489	126.5587	1.847645	0.2516321	0.7923928
17844	-68.43114	-194.4502	126.019	1.418759	0.3910377	1.407319
17850	-72.29317	-196.3385	124.0453	1.599327	1.229673	1.945346
17856	-75.68161	-200.8116	125.13	2.358406	0.6594836	0.9881416
17862	-77.02096	-199.7564	122.7355	2.880476	4.43996	0.5490124
17868	-87.42115	-211.0792	123.658	2.623143	2.671188	0.5490124
17874	-77.18441	-200.1098	122.9254	1.810966	5.869124	1.171244
17880	-68.79855	-193.7975	124.9989	2.256108	1.129487	0.5747944
17886	-64.76509	-190.8695	126.1044	2.925265	0.0824588	0.3293204
17892	-77.46891	-201.9759	124.507	2.22195	1.843373	0.5281281
17898	-73.82673	-199.4973	125.6706	1.947544	0.7700215	0.6164949
17904	-73.18272	-198.5577	125.375	1.75901	0.6033842	1.366919
17910	-65.96681	-191.9406	125.9738	1.968887	0.2435176	1.271192
17916	-70.37531	-196.314	125.9387	1.423729	0.4832589	1.334699
17922	-73.47377	-198.9744	125.5006	1.389124	0.7856261	1.370823
17928	-79.15458	-202.744	123.5894	1.148912	2.828185	1.907291
17934	-86.01298	-212.174	126.161	0.9821801	0.617665	1.343406
17940	-83.40859	-204.9276	121.519	0.9830347	0.617665	4.238471
17946	-70.27414	-195.6282	125.3541	1.316169	0.5152463	1.805326
17952	-69.38187	-194.9087	125.5268	1.629195	0.6381262	1.31003
17958	-68.32067	-192.1103	123.7897	2.360821	2.970867	0.4747849
17964	-68.54119	-194.637	126.0958	2.708406	0.1478963	0.6535435
17970	-68.90283	-194.9268	126.024	2.590674	0.2061129	0.6587086
17976	-67.47703	-192.7396	125.2626	2.137298	0.983736	0.5533361
17982	-67.56308	-193.7793	126.2162	2.188209	0.3008068	0.5533361
17988	-75.79807	-200.4949	124.6969	2.373233	1.283002	0.6969538
17994	-69.23433	-192.4924	123.2581	2.033513	3.686496	1.246747
18000	-72.88526	-195.2617	122.3764	1.817667	7.973605	1.246747
18006	-66.37569	-192.0209	125.6452	2.011275	0.6423738	0.8265462
18012	-73.66656	-196.316	122.6494	2.011275	2.476508	2.069471
18018	-66.22328	-192.1081	125.8848	2.055295	0.2938003	1.166709
18024	-68.13726	-191.4552	123.318	2.339692	3.970156	0.7791889
18030	-66.55214	-192.1252	125.5731	1.831053	0.5517116	1.209171
18036	-64.8931	-191.0757	126.1826	2.336101	0.2096044	0.7966328
18042	-64.8659	-188.5752	123.7093	2.314953	2.970926	0.7966328
18048	-64.24408	-188.5827	124.3386	2.358907	1.867362	0.6011899
18054	-61.29045	-185.2022	123.9118	2.777702	1.867362	0.6231039
18060	-57.94818	-182.2231	124.2749	2.388849	1.867362	0.6786244
18066	-61.34426	-185.4636	124.1193	2.241054	2.296683	0.7733372
18072	-61.93248	-185.9255	123.993	2.259594	2.522396	0.7640327
18078	-70.39651	-192.3598	121.9633	2.597955	6.130566	1.266266
18084	-64.98593	-190.0852	125.0993	1.777098	0.7151629	1.448751
18090	-70.15815	-194.5379	124.3798	2.23727	1.421591	1.093602
18096	-68.31442	-191.1825	122.8681	2.715681	3.424214	1.075282
18102	-62.01903	-185.3932	123.3742	2.191731	3.424214	1.091842
18108	-64.23193	-188.9441	124.7122	1.664646	2.008664	0.945355
18114	-67.93119	-190.7524	122.8212	1.830172	6.976534	1.016253
18120	-63.32616	-187.5255	124.1993	1.949457	1.369703	1.508785
18126	-67.30006	-192.856	125.5559	2.320204	0.5902643	0.5524448
18132	-68.34663	-192.8654	124.5187	2.040033	1.619394	1.012071
18138	-67.07577	-193.4341	126.3584	1.427288	0.2137488	1.460124
18144	-66.30982	-188.5364	122.2266	1.859788	7.651281	1.384108
18150	-79.29341	-199.0414	119.748	1.661635	44.41392	1.077064
18156	-73.0805	-196.1042	123.0237	2.208832	4.77746	0.9795958
18162	-77.90993	-199.5472	121.6373	2.108562	13.70162	0.8495885
18168	-72.65701	-196.6122	123.9552	2.304174	2.70888	0.5693951
18174	-61.92177	-185.413	123.4912	2.74664	2.70888	0.3867584
18180	-66.68743	-189.9079	123.2205	2.671498	3.462243	0.3438046
18186	-68.70658	-192.7047	123.9981	2.222464	2.340799	0.9168753
18192	-66.35881	-192.2695	125.9107	2.222464	0.266073	1.0524
18198	-66.1139	-191.1128	124.9989	1.775365	0.8871072	1.370409
18204	-68.74934	-193.6753	124.926	1.769166	0.8871072	1.431961
18210	-71.87775	-196.4456	124.5679	1.459537	2.25248	1.149896
18216	-67.16741	-191.2071	124.0397	2.224275	1.84265	1.149896
18222	-65.39918	-191.1104	125.7112	1.687653	0.3696233	1.469879
18228	-59.10672	-183.8705	124.7638	1.424823	1.299712	1.521031
18234	-63.13638	-187.5408	124.4044	1.563058	1.299712	1.681825
18240	-60.47743	-185.2201	124.7426	1.070284	2.419689	1.259136
18246	-61.66411	-185.9265	124.2624	1.161086	1.295835	2.055798
18252	-60.532	-184.5431	124.0111	1.471649	2.474828	1.496921
18258	-66.99934	-191.4729	124.4736	1.009743	0.4266674	2.671104
18264	-67.09719	-192.1572	125.06	1.238128	0.4266674	2.156792
18270	-69.18288	-194.9934	125.8105	1.254833	0.4266674	1.634567
18276	-67.13875	-191.5576	124.4188	1.259621	0.4216633	2.556196
18282	-64.0158	-187.0834	123.0676	0.7907215	3.744909	2.24762
18288	-64.82942	-189.3966	124.5672	1.110385	2.035011	1.527095
18294	-70.37398	-193.1946	122.8206	0.9888984	1.893725	2.807664
18300	-85.72539	-207.6441	121.9187	2.987747	7.240709	0.4242247
18306	-76.00638	-200.0392	124.0328	2.689664	1.854822	0.4789586
18312	-76.07794	-198.504	122.4261	2.928118	5.346103	0.5615768
18318	-77.45117	-197.3587	119.9076	2.85664	26.55617	0.4760169
18324	-80.35678	-205.5314	125.1746	1.656472	1.280961	0.9956262
18330	-83.18591	-207.888	124.702	1.961337	1.93609	0.5749943
18336	-85.74282	-209.6488	123.906	2.136875	3.169497	0.3942746
18342	-85.72732	-208.0272	122.2999	1.447321	4.923592	2.077049
18348	-87.51345	-212.0435	124.5301	1.223439	1.744397	1.602471
18354	-70.4043	-194.4673	124.063	2.165426	2.043728	1.072432
18360	-79.19718	-205.2026	126.0054	2.449217	0.2376429	0.7768866
18366	-86.31879	-209.2835	122.9647	3.188449	2.964603	0.4749376
18372	-77.19664	-203.2021	126.0055	2.293537	0.3508384	0.5082432
18378	-79.87568	-204.5727	124.697	1.426319	0.7142508	1.982745
18384	-71.96656	-197.5206	125.554	1.706103	0.6251793	1.239282
18390	-72.85561	-197.7357	124.8801	2.02516	1.232504	0.9614569
18396	-67.43147	-192.9768	125.5453	2.324935	0.5585193	0.6913467
18402	-59.96169	-186.1329	126.1712	1.992609	0.263949	1.028035
18408	-67.76035	-192.0026	124.2423	1.891959	0.5744922	2.103652
18414	-63.65612	-188.873	125.2169	1.566079	0.5342808	1.705231
18420	-61.73152	-187.9517	126.2202	2.028941	0.1774195	1.174678
18426	-70.52982	-194.7623	124.2325	2.099334	1.693936	1.174678
18432	-62.1293	-188.1685	126.0392	2.159102	0.3007008	0.8993816
18438	-65.45786	-191.8967	126.4388	2.253262	0.1762456	0.3508195
18444	-74.68363	-197.0558	122.3722	2.910411	5.437096	0.6840072
18450	-81.7527	-207.4745	125.7218	1.796005	0.7112144	0.8830443
18456	-83.10259	-207.8659	124.7633	1.599723	1.184591	1.463395
18462	-79.84402	-204.3687	124.5246	1.620795	1.452266	1.463395
18468	-87.20121	-212.7277	125.5265	1.330919	0.71497	1.463395
18474	-87.02341	-212.7693	125.7459	1.551881	0.3946763	1.508488
18480	-77.33927	-201.2484	123.9091	1.431792	0.5203106	2.659645
18486	-89.99127	-206.0227	116.0315	0.935563	1.97857	6.633242
18492	-70.18103	-196.56	126.379	1.374505	0.4431449	1.057922
18498	-69.56172	-195.4676	125.9059	1.577478	0.781753	0.8184561
18504	-71.35352	-196.5513	125.1978	1.285973	1.030602	1.480012
18510	-79.80465	-199.9856	120.1809	1.088863	1.263481	4.542496
18516	-72.45325	-195.8866	123.4333	1.041427	2.276004	2.257203
18522	-73.10666	-196.2915	123.1848	1.279121	2.276004	2.264158
18528	-74.58077	-196.5182	121.9374	1.39292	3.024763	2.752029
18534	-74.84177	-197.9654	123.1236	0.8196054	3.024763	2.371092
18540	-71.51806	-194.6845	123.1664	0.9062701	3.024763	2.288654
18546	-71.47919	-197.0999	125.6207	1.767744	0.7744425	0.939104
18552	-78.56546	-199.9141	121.3486	1.361429	12.37853	1.836228
18558	-68.56683	-194.4666	125.8998	1.655276	0.6376274	0.9503772
18564	-71.90925	-195.5058	123.5965	1.897877	3.153046	1.247948
18570	-72.54855	-193.962	121.4135	1.86795	19.73953	0.584236
18576	-74.9209	-199.636	124.7151	1.731296	2.279505	0.6411144
18582	-78.18571	-203.1739	124.9882	1.386665	2.226603	0.804503
18588	-69.98256	-196.3328	126.3502	1.619225	0.5293317	0.5514235
18594	-70.78382	-195.2485	124.4646	1.362054	3.092547	0.9664122
18600	-68.97221	-192.2202	123.248	1.668051	6.599854	0.8140252
18606	-75.51013	-199.1236	123.6134	1.741966	5.367006	0.4884563
18612	-81.83751	-206.1868	124.3493	1.362551	3.974711	0.6920602
18618	-69.90312	-195.5357	125.6326	1.573473	1.168113	0.6187113
18624	-71.88832	-198.6702	126.7818	1.130005	0.356591	1.066294
18630	-77.75653	-202.8095	125.053	1.569612	1.275964	1.191932
18636	-82.36772	-207.5889	125.2212	1.805675	1.275964	0.7738104
18642	-65.57243	-189.005	123.4326	0.7219604	1.941521	2.577978
18648	-71.44078	-198.4287	126.9879	1.062339	0.06980583	1.656295
18654	-72.70617	-198.1566	125.4504	1.922858	0.7700372	0.9607245
18660	-74.53235	-198.6382	124.1059	1.953768	0.8057924	1.950205
18666	-70.03034	-194.1898	124.1595	1.731613	2.451476	1.17931
18672	-70.50418	-196.1279	125.6237	1.970313	0.8000575	0.580492
18678	-73.78489	-199.7052	125.9203	1.817949	0.4587048	1.046156
18684	-68.6249	-194.2799	125.655	1.494973	0.9336693	1.000052
18690	-68.08312	-191.6397	123.5566	1.920325	3.789274	1.04986
18696	-69.29034	-194.4328	125.1424	1.466756	1.494549	1.049598
18702	-77.662	-202.7731	125.1111	1.747691	0.554636	1.628381
18708	-76.95655	-202.5908	125.6342	1.987745	0.5501061	1.01296
18714	-80.51152	-205.6024	125.0909	2.742223	0.5836703	0.6900547
18720	-80.58499	-205.322	124.737	1.959213	1.840219	0.3772321
18726	-87.97284	-211.4596	123.4867	2.587231	2.145588	0.1555723
18732	-89.25803	-213.639	124.381	2.060768	2.145588	0.300008
18738	-85.06765	-209.1862	124.1185	2.018852	2.991321	0.4485841
18744	-78.36047	-203.4173	125.0568	2.506964	0.7389233	0.7812549
18750	-73.89712	-196.2991	122.4019	2.346077	7.133747	0.8785403
18756	-69.25978	-194.7654	125.5056	2.136527	0.5918328	0.9271889
18762	-67.23094	-192.3467	125.1157	2.319984	0.7256329	0.9530046
18768	-74.9988	-199.6236	124.6248	2.319984	1.350001	0.8036043
18774	-74.04546	-197.9874	123.9419	2.254808	2.57858	0.8036043
18780	-82.61802	-208.1015	125.4835	2.233288	0.6393155	0.7498251
18786	-96.53546	-220.4777	123.9423	2.169064	1.59733	1.408858
18792	-83.2249	-206.4381	123.2132	2.176994	1.50815	1.96859
18798	-93.10427	-217.0602	123.9559	1.431245	1.27352	2.091912
18804	-79.3394	-200.1919	120.8525	2.482904	1.141087	3.421229
18810	-70.22126	-193.4322	123.2109	1.621258	2.740388	1.870413
18816	-70.92862	-194.0698	123.1411	1.744951	2.740388	1.833508
18822	-73.42798	-197.1527	123.7247	1.654831	3.286463	1.298404
18828	-70.95882	-192.9835	122.0247	1.497744	4.067953	2.391002
18834	-74.4868	-195.4895	121.0027	1.673484	4.067953	2.912845
18840	-76.49762	-198.6636	122.166	1.530757	5.862505	1.945633
18846	-70.90681	-196.2864	125.3796	1.621999	0.250297	1.945633
18852	-70.52665	-194.2607	123.734	1.527335	1.031816	2.31411
18858	-64.14438	-187.9537	123.8093	1.821452	1.252448	1.941681
18864	-67.50763	-191.5206	124.013	1.709888	1.891658	1.556723
18870	-64.4551	-189.8165	125.3614	2.073765	0.6734769	1.022328
18876	-62.41614	-188.7659	126.3497	2.460119	0.1323803	0.7431383
18882	-64.55405	-190.4062	125.8522	2.35306	0.2757029	0.9567194
18888	-73.60333	-199.4233	125.8199	2.124881	0.3966184	0.9539821
18894	-76.73758	-202.5648	125.8272	1.900391	0.3966184	1.160598
18900	-80.18021	-206.0463	125.8661	1.323671	0.5528106	1.382482
18906	-80.59138	-205.3797	124.7884	1.912264	0.3897885	1.93681
18912	-78.57771	-204.8122	126.2344	1.914399	0.3723781	0.7666471
18918	-85.38834	-211.2208	125.8324	2.319266	0.3723781	0.762539
18924	-84.74323	-208.5974	123.8541	2.676426	2.168768	0.5710243
18930	-87.7337	-212.0934	124.3597	1.64083	1.488434	1.551659
18936	-82.75338	-207.6152	124.8618	1.818366	0.4240725	1.906454
18942	-67.76592	-190.9371	123.1712	2.158464	4.315315	1.022657
18948	-66.51827	-190.0312	123.5129	2.158464	3.485405	0.966606
18954	-73.04276	-195.0029	121.9601	2.617832	8.987195	0.583064
18960	-69.80896	-192.2991	122.4902	2.618147	6.370466	0.5121742
18966	-66.20485	-189.9076	123.7028	2.415997	2.601003	0.8861021
18972	-67.72431	-191.345	123.6207	1.945833	2.604543	1.384515
18978	-65.88764	-189.3456	123.458	1.304711	0.6986108	2.855572
18984	-69.89741	-194.8142	124.9168	1.850853	0.8921161	1.371303
18990	-72.82564	-196.2905	123.4649	1.534518	2.270036	1.913997
18996	-69.98128	-193.2874	123.3061	1.425014	0.8213789	2.783204
19002	-79.11446	-202.1131	122.9987	1.214159	1.178821	2.879438
19008	-78.16227	-201.384	123.2217	1.288874	1.762935	2.425044
19014	-79.26592	-203.785	124.5191	1.140031	1.321295	1.883994
19020	-79.18142	-201.3635	122.1821	1.206658	3.853593	2.520649
19026	-70.15752	-193.7559	123.5984	1.603903	0.9525713	2.402209
19032	-70.37763	-195.1175	124.7399	1.238278	0.5632442	2.216243
19038	-77.83921	-201.7286	123.8894	0.6286574	0.7158672	2.989726
19044	-82.47403	-205.4821	123.008	1.695295	2.892052	1.911922
19050	-74.5039	-197.7933	123.2894	1.540481	5.804017	1.102083
19056	-74.04647	-198.5719	124.5254	1.66295	1.964589	1.151004
19062	-69.49073	-193.7721	124.2814	1.184302	3.948656	1.007147
19068	-64.65393	-189.8145	125.1606	1.290342	1.109044	1.448344
19074	-67.24461	-192.3732	125.1286	0.9092946	0.8053883	1.965131
19080	-67.60536	-192.039	124.4336	0.9629375	0.8912944	2.320273
19086	-71.8188	-196.7989	124.9801	0.8425967	0.3408473	2.566711
19092	-63.80896	-190.3814	126.5724	1.272355	0.1739702	1.506902
19098	-74.35715	-198.2231	123.8659	1.520463	3.823263	1.122717
19104	-73.13085	-198.9968	125.866	1.512438	0.6243907	1.138107
19110	-69.44954	-195.148	125.6984	1.522185	0.6243907	1.273016
19116	-72.47672	-198.284	125.8073	1.439978	1.062199	0.7287725
19122	-75.80475	-200.1182	124.3134	1.34464	1.062199	2.037415
19128	-78.68318	-202.2081	123.525	1.278311	5.355419	1.226313
19134	-81.61275	-206.8777	125.265	1.519106	0.2003311	2.181225
19140	-76.3856	-200.2616	123.876	1.805581	2.56277	1.308941
19146	-70.609	-196.5839	125.9749	2.002561	0.296086	1.128804
19152	-74.86774	-200.7347	125.8669	2.097492	0.3282102	1.073909
19158	-74.18706	-199.9033	125.7163	1.764873	0.8795303	0.6419742
19164	-73.49185	-197.9185	124.4266	1.575697	2.933947	0.8450889
19170	-73.08591	-195.8121	122.7262	2.065233	7.060626	0.8450889
19176	-65.10721	-191.0821	125.9749	1.870184	0.1251217	1.63287
19182	-62.91919	-189.9951	127.076	1.302586	0.2387867	0.8699882
19188	-67.47671	-193.9688	126.4921	2.024531	0.2394076	0.6679699
19194	-63.85752	-190.7124	126.8549	1.700686	0.2394076	0.5633119
19200	-67.77497	-194.0117	126.2367	1.369498	0.5291433	1.059894
19206	-71.64461	-198.625	126.9804	1.637905	0.0690117	1.222223
19212	-71.2114	-196.1921	124.9807	2.208012	0.8816025	1.017158
19218	-71.6253	-197.0005	125.3752	1.965571	0.4059195	1.459762
19224	-73.78997	-199.0705	125.2805	1.984668	0.9742271	0.8256247
19230	-70.18101	-196.0595	125.8785	1.709362	0.6641198	0.8737464
19236	-69.63449	-195.2861	125.6516	1.70466	0.6641198	1.108584
19242	-75.5765	-200.7615	125.185	2.156064	0.6754504	1.108584
19248	-68.88075	-194.8486	125.9678	2.195396	0.4075382	0.6138425
19254	-68.13075	-193.2404	125.1097	2.392444	0.5704388	1.097405
19260	-69.13598	-192.0555	122.9195	2.313595	5.472174	0.7505939
19266	-72.49319	-196.6437	124.1505	2.353479	2.063369	0.7505939
19272	-65.1276	-191.6021	126.4745	1.881907	0.06296336	1.454979
19278	-69.80904	-195.8052	125.9962	2.328114	0.1949936	1.056866
19284	-69.31817	-194.5592	125.241	2.931657	0.4137913	0.4751287
19290	-67.92805	-192.7505	124.8224	2.93886	0.6209776	0.3298827
19296	-68.66928	-192.6143	123.945	2.941949	1.458968	0.3034353
19302	-63.64428	-189.9887	126.3444	2.463175	0.1106168	0.8592073
19308	-58.86092	-184.7253	125.8643	2.201138	0.3552496	0.9136119
19314	-62.43925	-186.3005	123.8613	1.95176	1.713138	1.574023
19320	-68.41378	-193.0144	124.6006	2.415149	0.8434136	1.213043
19326	-63.85574	-188.1082	124.2524	2.141656	1.641017	1.151498
19332	-72.29115	-194.777	122.4858	1.644166	4.458824	1.91331
19338	-70.40114	-195.455	125.0538	1.889555	0.3615729	1.809903
19344	-69.38782	-194.9559	125.568	1.229024	0.4373098	1.809903
19350	-74.47651	-200.1091	125.6326	1.748239	0.2915966	1.609948
19356	-66.60234	-192.0762	125.4739	1.673564	0.4903387	1.491888
19362	-74.00009	-198.3489	124.3488	1.116355	2.140492	1.638635
19368	-62.01159	-186.3906	124.379	1.150558	2.140492	1.591978
19374	-74.59545	-197.526	122.9305	1.02879	2.733496	2.441698
19380	-77.69302	-203.1486	125.4556	1.59384	1.057268	0.9762396
19386	-77.92499	-203.9559	126.031	2.114187	0.2268965	1.136557
19392	-72.63011	-197.298	124.6679	1.795867	1.009475	1.510705
19398	-72.98407	-198.2077	125.2236	1.438816	0.6341463	1.685625
19404	-74.91609	-199.8891	124.973	2.493954	0.9160648	0.5686263
19410	-71.87236	-196.9435	125.0711	1.966802	1.268332	0.767095
19416	-78.59561	-201.5057	122.91	2.233938	6.189482	0.55999
19422	-71.96551	-197.9227	125.9572	2.542354	0.2609405	0.5621566
19428	-75.54686	-197.8774	122.3305	2.006852	8.718653	0.9929709
19434	-80.59982	-206.1987	125.5989	1.591007	1.069661	0.8014031
19440	-71.9464	-194.6182	122.6718	2.305165	4.871776	1.191858
19446	-65.07312	-190.2499	125.1768	2.305691	0.7955179	0.7981409
19452	-72.56903	-195.1222	122.5532	1.706412	6.957774	1.359737
19458	-71.48483	-196.5336	125.0487	1.466419	0.4716767	1.960442
19464	-77.30059	-199.8087	122.5081	1.176055	0.5261615	3.640257
19470	-78.14435	-204.238	126.0936	1.46437	0.4353722	1.243548
19476	-71.62136	-198.4693	126.8479	1.363644	0.1442126	1.30043
19482	-67.16788	-194.0978	126.9299	1.408225	0.05572629	1.495927
19488	-61.52711	-187.5635	126.0363	2.384493	0.2530543	0.7670152
19494	-66.52199	-192.8352	126.3133	2.353365	0.1686519	0.7670152
19500	-81.1391	-205.666	124.5269	1.441054	1.706775	1.461636
19506	-75.88757	-201.2228	125.3352	2.095974	0.1602383	1.834869
19512	-67.33634	-190.4999	123.1636	1.961959	4.624342	1.124811
19518	-71.25062	-196.2565	125.0059	2.274032	1.008972	0.7580646
19524	-62.55657	-188.4503	125.8937	2.362781	0.3417128	0.6973887
19530	-64.00463	-189.9548	125.9502	2.043841	0.3633014	0.9719597
19536	-62.18188	-188.6738	126.4919	1.997609	0.1537653	1.026263
19542	-57.29031	-183.6048	126.3145	1.704915	0.3359683	1.004589
19548	-63.97842	-188.8117	124.8333	1.972114	1.12988	1.143256
19554	-68.00668	-194.3348	126.3281	2.025796	0.1565572	1.143256
19560	-64.7249	-190.0499	125.325	1.573657	0.6540107	1.49316
19566	-71.41676	-196.107	124.6902	1.571182	0.5217647	2.073828
19572	-82.94006	-207.09	124.15	1.950234	1.888453	1.265471
19578	-78.32848	-203.905	125.5765	2.629113	0.3861196	0.6112912
19584	-90.22292	-214.4666	124.2437	2.96012	1.169818	0.620521
19590	-80.28214	-204.2102	123.9281	2.96012	1.603235	0.4807955
19596	-77.75938	-203.1496	125.3902	2.50319	0.5202106	0.7515332
19602	-80.26566	-206.3252	126.0596	2.042933	0.2316002	1.162809
19608	-90.23733	-216.9694	126.732	1.86243	0.1724983	0.8455302
19614	-87.4785	-211.64	124.1615	2.026391	2.062954	1.099767
19620	-79.10725	-202.3613	123.2541	1.817167	5.529567	0.9327122
19626	-81.42074	-206.308	124.8872	1.907001	0.5525343	1.677028
19632	-75.85474	-199.8659	124.0112	1.353358	2.22637	1.677028
19638	-84.60471	-205.8296	121.2248	1.073198	2.22637	3.590965
19644	-94.56222	-218.9459	124.3837	1.554034	0.8905701	1.967691
19650	-87.5849	-209.5549	121.97	1.639789	1.671663	3.014387
19656	-93.31118	-215.2016	121.8904	1.552335	3.026117	2.682802
19662	-102.1077	-222.6205	120.5128	1.509385	17.43395	1.914883
19668	-82.02618	-207.0859	125.0597	0.9915792	0.3440616	2.419436
19674	-80.38861	-205.0423	124.6536	1.121525	0.7953116	2.146584
19680	-78.57389	-203.052	124.4781	1.937552	1.68707	1.104107
19686	-78.43569	-202.3565	123.9208	1.235599	1.68707	2.040882
19692	-78.33232	-199.4715	121.1392	1.268097	1.68707	3.714967
19698	-69.9778	-194.799	124.8212	1.018186	0.205492	2.764435
19704	-78.72271	-199.6817	120.959	1.268142	6.281469	2.815045
19710	-71.67835	-196.0947	124.4164	0.9856612	1.773835	1.83692
19716	-73.19193	-196.768	123.5761	1.047364	1.837829	2.323344
19722	-76.00496	-201.1051	125.1001	1.128319	0.1863718	2.560495
19728	-74.06104	-199.9532	125.8922	1.115607	0.3054072	1.84978
19734	-73.21125	-198.2718	125.0605	0.9942027	2.382814	1.062857
19740	-74.1469	-198.1482	124.0012	1.54191	2.382814	1.486307
19746	-83.23477	-205.3043	122.0695	1.743112	9.607638	1.323686
19752	-74.9534	-197.2628	122.3094	1.542921	9.607638	1.291563
19758	-77.71227	-200.4852	122.7729	1.886571	8.141248	0.731891
19764	-85.60753	-204.5495	118.9419	1.885019	54.08497	1.247545
19770	-69.48518	-194.1945	124.7094	2.191154	1.274958	0.9285016
19776	-67.72267	-189.5104	121.7878	1.243331	9.604367	1.893779
19782	-73.50819	-199.9366	126.4284	1.614994	0.2562393	1.157252
19788	-77.97307	-201.5256	123.5525	1.339111	4.246527	1.415006
19794	-66.37451	-190.6093	124.2348	1.628843	1.95338	1.422631
19800	-71.97533	-196.938	124.9627	1.728828	0.9015728	1.422631
19806	-85.30643	-208.7358	123.4294	2.415356	3.720882	0.5895058
19812	-93.50924	-216.1096	122.6003	1.813988	3.240367	2.008235
19818	-89.85178	-212.5466	122.6949	1.979642	2.92698	1.92113
19824	-97.05057	-219.9507	122.9002	2.94035	3.746756	0.5714748
19830	-86.20477	-212.2708	126.066	2.619098	0.1933973	0.5714748
19836	-82.4003	-207.3182	124.9179	2.57521	0.8631121	0.6555715
19842	-60.66393	-185.7691	125.1051	2.60763	0.6410482	0.7522428
19848	-65.47746	-190.4577	124.9802	2.983628	0.5351895	0.5256185
19854	-75.03642	-201.0688	126.0324	3.179605	0.0589509	0.5569338
19860	-80.53815	-203.2334	122.6952	3.093385	3.867227	0.6040318
19866	-81.20362	-206.8071	125.6035	3.01555	0.2155131	0.5744369
19872	-83.79254	-206.7322	122.9397	2.426575	4.657393	0.8725335
19878	-85.24711	-207.8366	122.5895	2.084522	3.719434	1.706634
19884	-76.83732	-200.5652	123.7279	2.402761	1.82895	1.270881
19890	-76.34129	-202.247	125.9057	1.712254	0.5044761	1.086247
19896	-81.0853	-204.269	123.1837	1.316791	2.352132	2.214971
19902	-76.9307	-201.1702	124.2395	1.695692	1.067046	1.847681
19908	-86.48196	-209.64	123.158	2.183266	1.410053	2.050108
19914	-69.22921	-194.0386	124.8094	2.088055	0.2485936	2.018292
19920	-72.94837	-199.1717	126.2233	2.442591	0.1718737	0.752655
19926	-75.42397	-201.2734	125.8494	2.162203	0.3133152	1.060765
19932	-65.53964	-191.9513	126.4116	1.788701	0.2937749	0.9152613
19938	-71.61018	-194.2347	122.6245	2.287438	3.77662	1.519381
19944	-77.0064	-203.297	126.2905	1.712154	0.3013282	1.094763
19950	-78.4975	-201.8188	123.3213	1.4307	0.5946664	2.94869
19956	-74.60401	-198.9867	124.3827	2.111334	2.177259	0.6573262
19962	-69.8491	-195.326	125.4769	2.482984	0.5315083	0.5782454
19968	-75.99251	-202.0662	126.0737	2.624932	0.1909727	0.541247
19974	-72.65877	-196.4876	123.8288	1.27024	2.739656	1.684961
19980	-67.65826	-193.6223	125.964	2.548685	0.2406955	0.6689904
19986	-71.43276	-192.9374	121.5047	2.45737	7.620135	1.484293
19992	-64.5317	-190.7284	126.1967	2.343	0.2078518	0.7747669
19998	-67.94711	-194.2222	126.275	2.230323	0.1877601	0.8934111
20004	-72.98933	-196.8026	123.8132	1.78738	3.459015	1.046825
20010	-75.27855	-200.314	125.0355	2.179174	1.17255	0.5810142
20016	-72.63195	-197.558	124.926	2.179174	1.17255	0.7882461
20022	-69.74178	-193.8909	124.1491	2.54581	1.819996	0.675756
20028	-78.93531	-204.6806	125.7453	2.764481	0.2154397	0.7859496
20034	-77.73985	-204.1113	126.3715	2.718798	0.08412885	0.4392814
20040	-72.54933	-197.4847	124.9353	2.286612	0.8042121	1.069686
20046	-91.54184	-213.9305	122.3887	2.004407	6.726351	1.292768
20052	-83.18504	-208.7495	125.5645	1.655365	0.3041552	1.70421
20058	-88.10295	-208.6499	120.5469	1.268703	17.14434	2.071909
20064	-83.76294	-205.4838	121.7208	1.153136	6.16449	2.432273
20070	-84.16251	-207.5163	123.3538	1.598178	1.260844	2.379123
20076	-92.50388	-216.0131	123.5092	1.424193	1.774907	2.149464
20082	-83.20761	-208.6895	125.4819	1.861385	1.041861	0.4546286
20088	-92.3594	-215.9377	123.5783	2.367183	3.286557	0.3290276
20094	-74.60506	-197.8722	123.2671	1.376126	2.586846	2.045534
20100	-79.29291	-201.8316	122.5386	1.76662	6.070814	1.479029
20106	-75.07877	-198.9523	123.8735	2.130029	3.225571	0.660876
20112	-81.97352	-202.9264	120.9529	1.640139	3.62028	3.056363
20118	-74.27977	-198.3441	124.0644	1.421609	1.797057	1.768539
20124	-70.40053	-194.147	123.7465	1.650843	3.793503	1.122257
20130	-78.74901	-199.6614	120.9124	1.708054	3.158926	3.146064
20136	-71.09202	-195.9472	124.8551	1.882591	0.618181	1.647921
20142	-77.21503	-201.3817	124.1666	1.50934	0.7193219	2.271074
20148	-80.38826	-204.9986	124.6104	1.72278	0.2395864	2.398706
20154	-74.6127	-201.4104	126.7977	2.092086	0.05355224	1.047215
20160	-74.83933	-201.5702	126.7309	2.565458	0.0404678	0.5882911
20166	-74.7882	-200.3656	125.5774	2.202306	0.5663818	0.8095547
20172	-76.49695	-201.8389	125.342	2.130216	0.2607247	1.598692
20178	-76.34728	-200.5918	124.2445	2.067839	2.129077	0.9407791
20184	-75.52333	-201.1011	125.5777	2.103492	0.3770777	1.233522
20190	-83.31243	-209.0682	125.7557	1.743391	0.4755156	1.233522
20196	-82.41757	-207.2478	124.8302	1.564554	1.582173	1.186588
20202	-84.22349	-209.2897	125.0663	1.563727	0.747539	1.601751
20208	-78.52974	-201.7686	123.2388	1.392718	0.583386	3.030966
20214	-70.95682	-195.0419	124.085	1.778858	1.254382	1.781156
20220	-72.24505	-198.136	125.891	1.636192	0.2442073	1.589917
20226	-75.27064	-201.5727	126.3021	1.797703	0.2442073	1.13515
20232	-91.24502	-214.8267	123.5817	1.378816	1.496531	2.255756
20238	-92.94656	-218.4141	125.4675	1.189099	0.4127468	1.936712
20244	-80.92903	-206.7594	125.8304	1.347357	0.6462373	1.283162
20250	-79.95254	-206.6934	126.7408	1.718562	0.1464194	1.079493
20256	-85.70116	-209.3446	123.6434	1.653206	4.558174	0.9806425
20262	-83.55423	-206.164	122.6098	1.082935	1.676059	2.962802
20268	-89.4132	-213.4206	124.0074	1.150811	0.6434789	2.659207
20274	-86.62731	-212.4414	125.8141	1.542909	0.3142219	1.589173
20280	-94.95466	-216.9708	122.0162	2.00251	8.947998	1.245609
20286	-80.35793	-203.2625	122.9045	2.00251	5.767802	1.03813
20292	-83.27486	-207.2577	123.9829	1.803448	1.972507	1.473006
20298	-77.51166	-201.4265	123.9148	1.707634	2.336468	1.444243
20304	-70.35545	-196.7608	126.4054	1.784456	0.2130378	1.131623
20310	-83.25504	-208.1289	124.8739	1.695642	1.677396	0.9609934
20316	-71.83663	-198.1815	126.3449	1.678398	0.1688608	1.383125
20322	-68.29631	-193.6505	125.3542	1.597011	0.458265	1.675573
20328	-72.88823	-197.8147	124.9265	0.8626933	1.903579	1.502081
20334	-68.95767	-194.0154	125.0578	1.121946	1.518212	1.399568
20340	-70.27316	-193.9966	123.7235	1.446157	5.675702	0.7671517
20346	-68.41913	-191.1178	122.6986	1.986822	5.675702	1.255574
20352	-67.04296	-191.0633	124.0204	1.425333	2.11912	1.661153
20358	-61.87133	-185.5299	123.6586	1.496313	3.329673	1.46135
20364	-65.2177	-190.7575	125.5398	1.087794	0.9514265	1.431166
20370	-69.64345	-194.9192	125.2757	1.132079	0.5442847	1.952713
20376	-62.40856	-188.7764	126.3679	1.476489	0.1355362	1.60501
20382	-71.22597	-198.3404	127.1145	1.214538	0.1963298	1.048525
20388	-82.08822	-205.9091	123.8209	1.500272	3.912537	1.153323
20394	-81.94286	-205.9049	123.962	1.150637	0.3633644	2.971284
20400	-75.05923	-199.6368	124.5776	1.481342	0.27557	2.512862
20406	-87.56014	-211.7656	124.2054	1.465576	0.8961853	2.139935
20412	-82.86544	-206.1543	123.2888	1.156531	0.7254355	3.025995
20418	-62.74984	-186.6811	123.9312	1.532112	1.553356	1.897197
20424	-71.20246	-197.1286	125.9262	1.650581	0.09790495	1.897197
20430	-65.20215	-189.8202	124.618	1.572567	1.703742	1.288151
20436	-66.02998	-190.8427	124.8127	1.415431	1.001647	1.687834
20442	-69.70173	-191.6408	121.9391	1.730956	7.238972	1.751631
20448	-69.2962	-192.9878	123.6916	1.368097	4.616336	1.185008
20454	-69.16274	-191.83	122.6673	1.938428	8.163873	0.8031139
20460	-74.2913	-197.8573	123.566	1.876675	3.952823	1.028408
20466	-80.6476	-203.6911	123.0435	1.644567	4.27874	1.560598
20472	-78.8511	-202.1592	123.3081	2.151669	4.27874	0.8989693
20478	-84.1457	-208.2012	124.0555	1.557173	2.974057	1.211292
20484	-75.46379	-201.1993	125.7355	2.187997	0.3186614	1.130728
20490	-66.53749	-193.3096	126.7721	2.005607	0.09618089	0.9595882
20496	-70.36524	-195.6923	125.3271	2.347404	0.6208899	0.8417207
20502	-61.61461	-187.1882	125.5736	2.10084	0.6208899	0.8417207
20508	-73.35569	-201.0589	127.7032	1.130481	0.1077666	0.8417207
20514	-60.41621	-186.3322	125.916	1.777509	0.7251488	0.4573878
20520	-61.28988	-188.1542	126.8643	1.541551	0.1312184	1.177366
20526	-59.21394	-185.3708	126.1568	1.177399	0.6240744	1.177366
20532	-73.0149	-198.6186	125.6037	1.392158	0.6174642	1.458186
20538	-77.15987	-202.5228	125.3629	1.22805	0.7219928	1.653092
20544	-74.1332	-198.5432	124.41	1.222985	1.246615	1.943526
20550	-72.67416	-195.3487	122.6745	1.415143	6.670361	1.537267
20556	-64.88734	-190.9655	126.0781	1.278703	0.4563667	1.375901
20562	-67.43082	-193.5409	126.1101	1.204658	0.257094	1.718055
20568	-67.29133	-191.9807	124.6893	1.45233	1.845099	1.253377
20574	-64.00038	-188.3215	124.3211	1.52369	1.055272	1.91684
20580	-67.85525	-192.4653	124.61	1.036581	1.900953	1.608325
20586	-62.03463	-188.2563	126.2217	0.7782864	0.6253671	1.446542
20592	-69.85899	-193.2724	123.4134	0.461816	0.6253671	3.442437
20598	-65.59047	-190.3547	124.7642	0.5492828	0.2823677	2.959003
20604	-75.33397	-198.444	123.11	0.9678527	1.468894	2.818693
20610	-69.38124	-195.3802	125.999	1.173412	0.4974407	1.464061
20616	-61.79992	-188.9932	127.1933	1.506427	0.1278369	0.9056529
20622	-63.46626	-189.7937	126.3275	1.407612	0.3346736	1.262376
20628	-61.29801	-187.3757	126.0777	1.563291	0.3346736	1.338806
20634	-62.3412	-188.3009	125.9597	1.250347	0.277855	1.755058
20640	-69.29816	-191.7291	122.4309	1.009095	2.310961	2.888726
20646	-72.39033	-197.2413	124.8509	1.103839	0.2409443	2.632593
20652	-73.11914	-197.5914	124.4723	0.9959605	0.7937196	2.345265
20658	-82.07153	-208.1011	126.0296	2.157781	0.3533731	0.7675251
20664	-91.3757	-217.4419	126.0662	1.92282	0.2984714	1.113332
20670	-80.36661	-206.6201	126.2535	1.971691	0.2286898	1.0585
20676	-74.59151	-200.7936	126.2021	1.985503	0.2089497	1.144172
20682	-72.70382	-198.9986	126.2948	1.925134	0.3406169	0.7594738
20688	-71.69256	-197.0774	125.3848	1.184195	0.6481085	1.737954
20694	-68.2106	-194.0277	125.8171	1.426101	0.2742953	1.737954
20700	-77.7716	-204.4852	126.7136	2.135156	0.08595794	0.9320211
20706	-79.44597	-203.9696	124.5236	1.797257	2.073731	0.9646308
20712	-74.75239	-199.7605	125.0081	1.802259	0.9381731	1.297804
20718	-74.34639	-197.5817	123.2353	1.631808	4.973962	1.260071
20724	-68.73094	-193.6655	124.9346	1.402025	1.210525	1.466244
20730	-79.65434	-203.0482	123.3939	1.23739	2.222158	2.174719
20736	-79.52259	-205.2198	125.6972	1.907793	0.4346801	1.204849
20742	-66.85006	-191.8571	125.007	1.915981	1.301659	0.8786528
20748	-72.87213	-196.2408	123.3687	2.36211	3.172117	1.029801
20754	-68.10604	-192.7965	124.6904	1.110742	0.2592568	2.697672
20760	-67.65108	-191.1668	123.5157	1.436162	3.25444	1.633337
20766	-66.29901	-191.9081	125.6091	1.594583	0.8098037	1.080613
20772	-63.49233	-187.4285	123.9362	2.103544	2.887688	0.8235722
20778	-60.82734	-185.509	124.6816	2.155234	0.6565845	1.536669
20784	-65.04009	-189.6941	124.654	1.208962	2.038209	1.384471
20790	-65.23665	-190.6046	125.368	1.856418	0.8228859	1.04673
20796	-67.90493	-192.07	124.1651	2.420306	1.666289	0.952251
20802	-74.29888	-198.2088	123.9099	1.102021	1.4619	2.239206
20808	-75.29841	-198.9829	123.6845	1.371463	2.149789	1.919843
20814	-70.64613	-192.852	122.2059	1.664391	3.204462	2.370336
20820	-65.20288	-190.6915	125.4886	1.523224	1.082586	0.9899545
20826	-67.76965	-193.5895	125.8199	1.938734	0.662558	0.6087258
20832	-63.06524	-186.2425	123.1772	1.63956	6.886323	0.8593394
20838	-65.37612	-188.8483	123.4722	1.665972	3.856137	1.323285
20844	-65.19199	-186.0667	120.8747	2.113563	21.7593	0.8061925
20850	-63.02603	-186.8369	123.8108	2.10257	2.385661	1.188757
20856	-68.56492	-191.9449	123.38	2.004196	5.069391	0.6791534
20862	-70.25923	-192.3657	122.1065	2.253268	10.26856	0.6122414
20868	-75.06643	-199.7056	124.6392	1.286729	2.37196	1.18402
20874	-77.26643	-201.0738	123.8074	2.18962	2.752103	0.9428096
20880	-83.61254	-206.8473	123.2348	1.778986	4.352484	1.291434
20886	-74.84943	-198.1047	123.2553	1.832031	5.049395	1.046615
20892	-76.48917	-197.1001	120.611	2.886521	16.87843	0.3385521
20898	-70.3619	-192.3113	121.9494	2.606279	9.188268	0.5128496
20904	-66.67535	-192.0258	125.3504	2.162819	0.8395769	0.6686466
20910	-59.9537	-186.1525	126.1988	2.540905	0.1751089	0.5815747
20916	-65.23433	-191.5606	126.3263	2.467203	0.1619917	0.5274386
20922	-67.08567	-190.8284	123.7428	2.687648	2.365606	0.4528886
20928	-62.65117	-186.8284	124.1772	2.257929	2.365606	0.5001776
20934	-61.65405	-187.9783	126.3242	1.776486	0.3633629	0.8536228
20940	-60.87795	-186.6887	125.8108	2.082766	0.5556983	0.6543691
20946	-70.61342	-196.1189	125.5055	2.199691	0.6835049	0.6676212
20952	-66.82476	-193.0753	126.2505	2.266782	0.08089632	1.260018
20958	-69.38093	-194.4053	125.0244	2.762375	0.6489268	0.5784423
20964	-74.40929	-198.1149	123.7056	2.114239	2.733557	1.123159
20970	-66.44391	-190.7801	124.3362	1.917493	1.707823	1.233591
20976	-70.63852	-195.1562	124.5177	1.917493	1.364906	1.288596
20982	-63.69398	-189.2103	125.5163	1.884627	0.2848202	1.607102
20988	-68.37286	-191.7914	123.4186	1.779029	4.14057	1.194444
20994	-69.15592	-194.383	125.2271	1.618554	0.9396023	1.267661
21000	-65.10493	-189.4315	124.3265	1.569814	1.053237	1.883213
21006	-63.46838	-188.6765	125.2081	2.139314	0.7014773	1.071052
21012	-64.43273	-189.7988	125.3661	1.981305	0.7014773	1.071052
21018	-60.12534	-185.8348	125.7094	1.899054	0.4653825	1.15445
21024	-62.38109	-187.8379	125.4568	2.920801	0.3090785	0.5853062
21030	-64.73313	-190.0938	125.3607	2.736052	0.4526938	0.4466661
21036	-66.37377	-191.9828	125.6091	3.317737	0.07563452	0.2415406
21042	-69.99651	-195.5499	125.5534	2.742932	0.2902915	0.2810324
21048	-64.42268	-189.588	125.1654	2.037496	1.178426	0.6022552
21054	-64.59541	-189.9084	125.313	2.176262	0.9032339	0.5042897
21060	-73.3255	-200.2504	126.9249	1.986679	0.09661	0.8020854
21066	-69.62782	-194.4997	124.8719	2.584704	0.7599227	0.8831133
21072	-63.57534	-189.3096	125.7343	2.001147	0.6317504	0.7374987
21078	-65.62964	-189.6346	124.0049	2.122102	2.945216	0.6459531
21084	-67.24506	-192.2862	125.0412	1.973872	0.9184999	1.141884
21090	-59.56265	-185.071	125.5084	2.155103	0.6643065	0.7774309
21096	-56.09668	-181.7496	125.6529	2.107549	0.5795146	0.8089073
21102	-67.96172	-189.8287	121.867	2.391105	10.10347	0.8249526
21108	-66.02976	-192.358	126.3282	1.562277	0.4759656	0.8530115
21114	-69.70693	-193.9437	124.2368	1.885236	0.3374046	2.383804
21120	-73.54258	-197.5658	124.0232	1.026433	4.425829	1.242905
21126	-76.59656	-199.4025	122.8059	0.9199208	2.31734	2.712704
21132	-83.0206	-209.4232	126.4026	1.479725	0.2559326	1.294052
21138	-75.82838	-200.5752	124.7468	1.256958	1.650488	1.463178
21144	-77.75034	-201.4192	123.6688	0.8343809	1.062319	2.768002
21150	-86.20213	-210.7737	124.5716	0.7680289	1.419588	2.04637
21156	-84.06581	-206.4621	122.3963	1.719416	1.855361	2.634611
21162	-74.97777	-199.6978	124.7201	0.9774567	0.3414172	2.643416
21168	-77.27016	-203.3538	126.0837	1.64611	0.07313127	1.869017
21174	-70.69677	-195.513	124.8162	1.593282	2.223126	0.7591009
21180	-73.37254	-196.139	122.7665	1.55789	1.507549	2.650388
21186	-71.83131	-196.3823	124.551	1.281954	1.654795	1.588075
21192	-72.21444	-197.2985	125.084	1.721533	0.8447243	1.382896
21198	-77.75832	-201.3517	123.5934	1.721533	2.206765	1.719701
21204	-76.99151	-199.5098	122.5183	0.9803947	6.505318	1.976965
21210	-75.82502	-200.2329	124.4079	1.022217	0.4164657	2.715464
21216	-78.34284	-199.9154	121.5725	1.341766	8.771414	2.06625
21222	-90.04536	-214.0741	124.0287	0.9214338	1.714521	2.164226
21228	-88.83209	-212.3709	123.5388	1.769271	4.030223	1.129571
21234	-94.3842	-215.7574	121.3732	1.826922	2.825785	2.883604
21240	-90.0183	-214.7672	124.7489	1.246069	1.253174	1.689802
21246	-82.69394	-207.2704	124.5764	1.419551	1.488846	1.554776
21252	-81.79224	-206.2214	124.4291	1.673039	1.350337	1.554776
21258	-77.46666	-203.4092	125.9425	1.779086	0.289053	1.357207
21264	-77.01192	-202.3707	125.3588	1.719777	0.8631527	1.139032
21270	-74.73509	-200.2379	125.5029	2.679615	0.336916	0.821354
21276	-70.58055	-196.9911	126.4105	1.853714	0.3004384	0.821354
21282	-71.16181	-196.7708	125.609	1.748866	0.3344532	1.555702
21288	-72.48097	-197.4693	124.9884	1.748866	0.7124126	1.555702
21294	-91.73746	-215.7155	123.978	1.669704	2.798207	1.246725
21300	-91.12009	-217.0861	125.966	2.047362	0.3992458	0.8724922
21306	-93.39258	-218.388	124.9954	2.100396	1.100577	0.8815996
21312	-85.5921	-210.7195	125.1274	1.290387	0.7692242	1.73427
21318	-85.37182	-210.727	125.3552	1.694705	0.5698577	1.470161
21324	-89.12243	-212.6069	123.4845	1.490818	0.968884	2.533986
21330	-89.97805	-214.0037	124.0256	1.776298	1.221481	1.843291
21336	-77.54965	-203.3925	125.8429	1.867296	0.3243634	1.301344
21342	-84.87777	-207.7207	122.843	1.436021	1.057311	2.907006
21348	-76.62421	-201.3491	124.7249	1.643226	0.3787404	2.171081
21354	-86.68439	-209.4463	122.7619	2.268176	4.981913	1.117345
21360	-76.02166	-201.0373	125.0156	1.478643	0.8941211	1.576706
21366	-83.63018	-209.7024	126.0722	3.226902	0.04272417	0.5052354
21372	-77.74016	-203.077	125.3368	2.638289	0.4057918	0.9020121
21378	-85.66723	-210.3976	124.7303	1.829713	0.3311373	2.110779
21384	-84.32787	-207.8548	123.5269	1.93485	2.935856	1.348704
21390	-81.3077	-204.3785	123.0708	2.577532	4.268265	0.3944161
21396	-83.27198	-208.6679	125.3959	2.515869	0.3971538	0.2076873
21402	-81.97761	-204.8114	122.8338	2.468974	4.473716	0.2030397
21408	-75.17861	-201.3206	126.1419	2.468974	0.1818145	0.2937146
21414	-69.42203	-195.2009	125.7789	1.630495	0.9795997	0.5045099
21420	-68.33064	-193.1458	124.8152	1.878771	1.470489	0.9837201
21426	-74.19891	-201.0566	126.8576	1.66153	0.1575761	0.9837201
21432	-78.43302	-204.8686	126.4355	1.789323	0.1807134	1.186598
21438	-77.0098	-201.2583	124.2484	1.069658	2.455897	1.624999
21444	-80.71866	-204.273	123.5544	1.456679	1.676368	2.141143
21450	-77.35199	-202.4949	125.1429	1.326162	0.6016149	1.852718
21456	-70.84178	-196.8515	126.0097	1.594776	0.5218914	1.072435
21462	-64.35335	-189.9291	125.5758	1.804543	0.5193408	1.271826
21468	-66.2782	-191.5631	125.2849	1.541141	0.9214173	1.299421
21474	-66.06225	-191.9484	125.8861	1.323374	0.8794921	0.9988494
21480	-67.48049	-194.4357	126.9553	2.316096	0.03830944	0.6740954
21486	-70.27588	-196.0036	125.7278	1.529122	0.4204212	1.502416
21492	-72.43927	-197.8664	125.4272	1.279526	0.8655221	1.441356
21498	-75.65634	-199.4587	123.8024	1.532977	0.8655221	2.377199
21504	-81.79074	-206.0007	124.2099	1.224356	0.484548	2.638403
21510	-79.31515	-204.7894	125.4743	1.654436	0.7708087	1.189231
21516	-78.50329	-203.2789	124.7756	0.9830236	0.7708087	2.176477
21522	-76.57577	-202.4547	125.8789	1.397245	0.3571132	1.580326
21528	-75.41517	-201.4495	126.0343	1.355512	0.5554559	1.216402
21534	-88.39755	-213.2063	124.8087	2.110661	1.342601	0.843442
21540	-76.08336	-201.1507	125.0673	2.146768	1.071438	0.7655996
21546	-72.0128	-196.7776	124.7648	1.872379	1.927166	0.6588227
21552	-64.84428	-188.9752	124.1309	2.355893	2.123598	0.7243922
21558	-63.17904	-188.3616	125.1825	2.027254	1.104928	0.7243922
21564	-60.25773	-182.9285	122.6708	1.502339	4.299645	1.91779
21570	-66.21962	-190.7486	124.529	0.8544266	0.5675286	2.5879
21576	-72.56966	-197.3007	124.731	1.216485	0.5671997	2.232156
21582	-83.9175	-208.6528	124.7353	1.759763	0.678703	1.760728
21588	-73.37004	-199.2538	125.8837	1.168391	0.4412975	1.624843
21594	-77.21448	-202.152	124.9375	1.487608	0.8968802	1.624843
21600	-84.15038	-208.5594	124.409	1.604436	1.407213	1.587174
21606	-73.65161	-199.1447	125.4931	1.881939	0.5734283	1.205761
21612	-75.85271	-198.2811	122.4284	2.042806	7.290808	1.123807
21618	-89.13879	-210.1896	121.0508	2.432778	17.36298	0.6385908
21624	-101.4629	-225.6212	124.1584	1.949599	1.821171	1.293471
21630	-82.22584	-205.751	123.5252	2.629467	2.782996	0.7270598
21636	-83.10693	-204.5313	121.4243	2.072847	9.979081	1.521114
21642	-78.50507	-204.3158	125.8107	1.850858	0.4360306	1.153633
21648	-87.3482	-211.7757	124.4275	2.441133	1.43764	0.8141722
21654	-84.50095	-207.6007	123.0998	1.610225	1.462758	2.43093
21660	-78.86531	-203.8885	125.0232	1.669604	0.6087455	1.689634
21666	-89.13576	-213.2625	124.1268	1.808074	2.173929	1.265249
21672	-85.13099	-209.4941	124.3631	2.111729	2.173929	0.3438753
21678	-79.71794	-202.0611	122.3432	1.119002	2.461988	2.828588
21684	-82.30066	-206.2416	123.9409	1.666971	2.069161	1.564103
21690	-93.62521	-218.2379	124.6127	2.13827	1.306085	1.053678
21696	-83.14278	-208.131	124.9883	1.899846	0.68786	1.466838
21702	-92.12681	-216.2074	124.0806	1.921018	1.426204	1.58516
21708	-83.32212	-205.9799	122.6577	2.855106	4.033153	0.9288543
21714	-87.16607	-210.2694	123.1034	1.746106	5.791551	1.086929
21720	-95.8379	-214.551	118.7131	2.066197	72.00023	0.6685853
21726	-84.21073	-207.8875	123.6768	1.920601	4.414171	0.6352355
21732	-76.8528	-201.6176	124.7648	1.887041	1.634725	0.9035466
21738	-73.48385	-198.8441	125.3603	1.478115	1.634725	0.6297254
21744	-66.46194	-191.0605	124.5986	1.862811	2.313148	0.5221502
21750	-72.82923	-195.476	122.6468	2.460592	6.358536	0.5457131
21756	-71.521	-194.6072	123.0862	2.453114	4.622908	0.3953403
21762	-68.27615	-192.7461	124.47	2.179362	1.456193	1.038446
21768	-71.01038	-195.7402	124.7299	2.179362	1.047765	1.119249
21774	-69.27233	-194.0105	124.7382	2.327851	1.047765	0.9685579
21780	-75.03727	-198.7019	123.6646	1.817545	1.047765	2.161943
21786	-82.97177	-207.3429	124.3711	1.316971	1.09099	1.999344
21792	-78.79868	-202.5765	123.7778	1.815407	1.55294	1.808445
21798	-78.75905	-202.7367	123.9776	1.360344	1.671772	1.926409
21804	-77.80805	-202.9034	125.0953	1.210102	0.6023581	1.962899
21810	-70.53465	-195.9064	125.3717	1.312845	1.156029	1.227325
21816	-69.85457	-193.0934	123.2388	1.505804	4.245672	1.526604
21822	-68.15765	-192.127	123.9694	1.684036	2.273701	1.445731
21828	-64.46593	-190.0385	125.5726	1.172736	1.032314	1.273099
21834	-63.46912	-186.2168	122.7477	0.8616463	3.440068	2.476606
21840	-75.82049	-197.6442	121.8237	1.382921	8.386401	1.91715
21846	-68.32271	-191.9295	123.6068	2.313705	2.962055	0.9253338
21852	-72.92427	-195.1028	122.1785	2.080816	9.692546	0.9011701
21858	-68.58975	-193.067	124.4773	1.98295	2.167268	0.728136
21864	-71.13626	-194.0837	122.9474	2.080344	4.078261	1.351311
21870	-68.05015	-191.3436	123.2935	1.414463	3.753528	1.673923
21876	-68.2152	-189.4392	121.224	0.864488	3.753528	3.32709
21882	-71.22762	-195.068	123.8404	0.8972397	2.349612	2.061074
21888	-68.17052	-194.8225	126.652	1.509231	0.1940034	1.20584
21894	-68.64825	-193.2601	124.6119	1.818448	1.051637	1.504848
21900	-62.83691	-188.5197	125.6828	1.954879	0.6414451	0.8514629
21906	-80.96997	-207.0344	126.0644	1.969255	0.08827373	1.606659
21912	-81.50572	-207.9148	126.4091	1.669503	0.08827373	1.57387
21918	-72.35338	-199.2858	126.9324	1.825611	0.1389951	0.7828526
21924	-80.14198	-202.4	122.258	2.310359	8.992551	0.609669
21930	-83.03636	-208.3175	125.2811	1.897555	0.7523066	1.16546
21936	-77.5488	-200.6573	123.1085	1.59235	6.527654	1.063196
21942	-74.5473	-198.3653	123.818	1.841538	3.368219	1.023496
21948	-79.16086	-204.0132	124.8523	1.582061	1.247447	1.366229
21954	-86.2125	-208.5683	122.3558	1.779715	4.152404	1.974983
21960	-83.32267	-206.6256	123.303	1.584702	4.57696	1.337416
21966	-84.18034	-205.5996	121.4193	2.277867	8.347976	1.578103
21972	-78.06231	-200.5286	122.4663	1.550092	8.347976	1.33474
21978	-63.87643	-187.647	123.7705	1.550092	3.649139	1.23374
21984	-65.56583	-189.6679	124.1021	2.277483	1.876586	1.02317
21990	-61.23929	-185.0005	123.7613	2.083468	3.172679	0.9119545
21996	-64.92921	-187.3926	122.4633	1.501741	3.172679	2.318262
22002	-66.69627	-190.1343	123.438	1.80991	1.798713	1.930969
22008	-66.4074	-188.8451	122.4377	2.15094	6.506308	1.169251
22014	-67.05352	-190.0048	122.9513	2.15094	3.411733	1.477252
22020	-72.9448	-197.4777	124.5329	2.115479	1.260748	1.180648
22026	-71.82921	-196.366	124.5368	2.098894	0.9362516	1.43713
22032	-72.16765	-198.8011	126.6334	1.797264	0.1330952	1.149441
22038	-71.18793	-195.3324	124.1445	1.992839	1.631647	1.369969
22044	-62.87371	-188.84	125.9663	2.260937	0.3369348	0.7603365
22050	-60.94102	-186.796	125.855	1.980601	0.3369348	1.172922
22056	-67.62258	-191.9519	124.3294	2.453232	1.102773	1.185115
22062	-68.28724	-192.3129	124.0257	2.250534	2.537543	0.7162098
22068	-67.77433	-192.1373	124.363	2.068488	1.154941	1.431203
22074	-74.63117	-199.0463	124.4151	2.304113	1.391692	1.018449
22080	-70.83091	-194.9713	124.1404	2.493297	1.89396	0.7034278
22086	-66.26187	-190.1857	123.9238	2.493297	2.265635	0.7115351
22092	-57.86658	-183.3855	125.519	2.470219	0.4727883	0.7253159
22098	-70.36906	-193.493	123.124	2.389668	4.700522	0.3905932
22104	-64.71331	-190.7176	126.0043	2.093249	0.4386459	0.3865302
22110	-66.2054	-190.4944	124.289	1.725907	1.760363	1.398504
22116	-61.78103	-187.6212	125.8402	1.772535	0.6641479	0.8440103
22122	-66.90673	-191.216	124.3093	1.659588	2.803442	0.9480606
22128	-68.91397	-192.3817	123.4677	1.070987	0.3388683	3.342977
22134	-75.94264	-196.1689	120.2262	0.9197709	0.2314125	5.410032
22140	-70.22166	-192.9888	122.7672	0.9321881	0.8792213	3.360731
22146	-64.82488	-188.488	123.6632	1.030284	1.495633	2.426
22152	-74.74004	-199.0087	124.2687	1.655546	1.861655	1.418996
22158	-71.25125	-196.5412	125.29	1.093347	0.3286995	2.22908
22164	-68.69155	-191.0214	122.3298	1.489511	3.349005	2.366381
22170	-72.11944	-195.7667	123.6473	0.837999	1.328432	2.635944
22176	-71.66046	-196.4544	124.794	1.114389	1.945599	1.391569
22182	-72.5217	-197.1895	124.6678	1.028327	1.945599	1.552347
22188	-63.94653	-189.9332	125.9867	1.31769	0.4915509	1.369667
22194	-75.32802	-200.0176	124.6896	1.812771	1.892488	0.8835059
22200	-65.62603	-190.2681	124.6421	1.455468	1.123469	1.697823
22206	-73.59522	-198.3022	124.707	1.664402	0.1076932	2.645613
22212	-79.31254	-203.6652	124.3526	1.198709	2.801929	1.324245
22218	-76.24086	-200.8209	124.58	1.010279	0.4178566	2.615231
22224	-71.70875	-194.6819	122.9731	1.050052	1.113088	3.029286
22230	-77.35531	-201.9949	124.6396	2.31278	1.12522	1.00989
22236	-77.28584	-201.9893	124.7035	2.025751	0.8780708	1.413294
22242	-82.53776	-205.8639	123.3261	1.211439	1.292429	2.621757
22248	-76.91566	-202.2057	125.2901	1.759111	0.3800065	1.709886
22254	-76.89866	-199.3034	122.4047	1.636992	4.454738	1.973586
22260	-65.35269	-189.9816	124.6289	1.537665	0.4619613	2.201027
22266	-69.52875	-194.9339	125.4051	1.859131	0.4619613	1.440079
22272	-75.47727	-198.9634	123.4861	1.822295	3.037308	1.434636
22278	-71.57562	-196.3898	124.8141	1.932971	0.9393805	1.347643
22284	-74.74374	-200.5123	125.7686	1.799749	0.4024344	1.285908
22290	-74.43462	-198.923	124.4884	1.255741	0.8508354	2.124923
22296	-66.93754	-190.6744	123.7369	1.539535	1.302179	2.148894
22302	-79.97144	-202.5011	122.5296	1.25555	5.240155	1.993792
22308	-83.10739	-202.7931	119.6857	2.020179	6.091781	3.155031
22314	-79.61252	-203.3752	123.7627	2.502187	2.536816	0.3214105
22320	-74.52724	-197.4144	122.8872	2.227926	3.194555	1.531558
22326	-72.76811	-196.6804	123.9123	1.853572	1.43433	1.749144
22332	-66.07427	-189.8244	123.7502	1.529109	2.195201	1.749144
22338	-65.42361	-189.0845	123.6609	1.889006	2.286002	1.518949
22344	-63.11691	-187.6215	124.5046	1.889006	1.309316	1.357863
22350	-71.84046	-194.6031	122.7627	1.919027	5.533448	1.288591
22356	-70.34141	-193.2556	122.9142	2.029117	4.593104	1.288591
22362	-70.17692	-195.3281	125.1511	1.425115	0.7651775	1.624961
22368	-67.3859	-190.7226	123.3367	1.463088	2.1073	2.106072
22374	-68.53007	-192.358	123.8279	1.837868	3.430206	0.9936378
22380	-69.75439	-193.1707	123.4163	1.862369	4.641715	0.9733043
22386	-60.26912	-185.7555	125.4864	1.822124	0.6926838	1.1174
22392	-56.85439	-182.3763	125.5219	2.197132	0.6926838	0.6072703
22398	-57.1408	-181.9755	124.8347	1.592398	0.6926838	1.795142
22404	-60.69841	-186.691	125.9926	1.342568	0.6926838	1.093103
22410	-54.87304	-180.5789	125.7059	1.768089	0.6312169	1.040883
22416	-61.12155	-185.1505	124.029	1.717718	3.4357	0.9059753
22422	-57.58569	-181.5102	123.9245	1.769341	3.4357	0.9628312
22428	-74.59558	-196.4921	121.8965	1.479167	2.544896	2.85634
22434	-71.09946	-193.478	122.3785	1.745205	3.361081	2.168069
22440	-64.89771	-190.1068	125.2091	1.889837	0.7850416	1.200056
22446	-57.08845	-180.7348	123.6464	2.206228	3.185867	0.8971767
22452	-58.79107	-180.1682	121.3772	2.669499	12.64489	0.4891116
22458	-61.48691	-185.4397	123.9528	2.57327	2.173556	0.4291349
22464	-59.00207	-184.4249	125.4228	2.263375	0.7311125	0.5435847
22470	-60.25877	-184.6867	124.428	2.476596	1.277207	0.9220816
22476	-61.5676	-186.3279	124.7603	2.318057	1.277207	0.6908274
22482	-70.47877	-195.1005	124.6217	2.851594	0.7791639	0.2693321
22488	-76.62519	-197.7391	121.114	3.721941	6.1548	0.1978052
22494	-64.71681	-188.6317	123.9149	3.293622	0.9563706	0.2351362
22500	-63.73299	-187.1066	123.3736	2.793038	2.935668	0.4874999
22506	-67.49342	-191.8324	124.3389	3.125898	0.791375	0.2729822
22512	-64.1841	-188.6325	124.4484	2.855048	1.057218	0.3883232
22518	-64.43846	-188.9449	124.5065	2.386441	1.51348	0.6938831
22524	-63.6393	-189.5507	125.9115	2.059165	0.515802	0.6215249
22530	-65.24171	-187.4219	122.1802	2.807214	6.789996	0.3918898
22536	-67.99298	-192.1318	124.1388	2.567123	1.880884	0.5259533
22542	-67.10864	-193.2573	126.1487	1.767038	0.3639624	1.048147
22548	-68.58873	-193.1789	124.5902	2.231927	0.8053895	1.405367
22554	-68.50323	-190.5972	122.0939	1.733148	9.076988	1.382421
22560	-64.67115	-190.8061	126.1349	1.520396	0.4658622	1.111773
22566	-66.78445	-190.2116	123.4271	2.430597	3.639108	0.3859298
22572	-62.61842	-188.6961	126.0777	2.907283	0.09809581	0.3557623
22578	-68.28697	-193.6901	125.4031	2.598803	0.4962499	0.3940811
22584	-73.14229	-198.165	125.0227	1.896489	1.520582	0.629419
22590	-67.04746	-191.2272	124.1798	2.298168	1.520582	1.152439
22596	-61.7159	-186.2469	124.531	1.702743	1.409562	1.420664
22602	-65.07625	-189.4118	124.3355	2.101995	1.409562	1.258013
22608	-65.7837	-190.8876	125.1039	2.271066	0.6066118	1.163618
22614	-61.16894	-186.7492	125.5803	2.271066	0.5625017	0.7135562
22620	-61.82946	-187.3765	125.5471	2.219987	0.5625017	0.8332461
22626	-64.73056	-188.4238	123.6932	2.31929	3.275877	0.5875855
22632	-77.92324	-201.7512	123.828	2.434462	2.718035	0.5280153
22638	-66.28985	-190.3503	124.0604	1.960775	1.625196	1.463125
22644	-70.25896	-196.4522	126.1933	2.029055	0.08338254	1.483431
22650	-69.98508	-195.1905	125.2055	1.711823	0.8335175	1.30408
22656	-72.19108	-196.8739	124.6828	1.555505	1.604864	1.30408
22662	-63.4226	-188.6581	125.2355	1.831789	1.136209	0.8767326
22668	-63.21887	-189.2325	126.0137	1.649188	0.3546249	1.286835
22674	-59.97124	-184.3957	124.4244	1.58698	0.9681598	1.862332
22680	-53.58953	-176.9473	123.3578	1.54224	4.578431	1.327178
22686	-59.55432	-183.3033	123.749	2.024451	1.535251	1.691158
22692	-62.45376	-188.8463	126.3925	2.120066	0.1793796	0.9147398
22698	-69.61562	-189.4291	119.8135	2.407087	33.88537	0.7489781
22704	-70.42667	-193.6721	123.2454	2.477575	2.557419	1.277253
22710	-57.82811	-184.1697	126.3416	1.77724	0.1004137	1.505058
22716	-57.18916	-183.1764	125.9872	1.632186	0.1532752	1.720528
22722	-60.48207	-186.0348	125.5527	1.776088	0.289898	1.650413
22728	-64.43468	-191.1172	126.6825	1.387852	0.3076693	1.016537
22734	-61.90766	-186.7724	124.8648	1.320469	0.6670628	1.982825
22740	-64.41828	-187.0936	122.6753	1.280854	3.99592	2.127907
22746	-67.50133	-192.8597	125.3584	1.229794	0.4399425	1.948998
22752	-64.22173	-189.5236	125.3019	1.360441	0.4399425	1.898892
22758	-71.65648	-195.2687	123.6122	1.493315	2.740199	1.680146
22764	-67.00893	-192.7163	125.7074	2.256263	0.4236302	0.8767176
22770	-67.89384	-191.6149	123.7211	1.801074	3.513856	1.100915
22776	-65.36725	-191.8168	126.4496	1.776817	0.2253625	1.066055
22782	-67.61814	-194.4154	126.7973	1.694281	0.2253625	0.772257
22788	-69.11623	-192.5568	123.4405	1.818156	2.059897	1.816002
22794	-72.66351	-197.3522	124.6887	2.747216	0.9262292	0.6298778
22800	-68.77797	-192.3948	123.6169	2.413973	2.697974	0.9331899
22806	-64.38903	-188.1987	123.8097	2.133682	3.281185	0.7288027
22812	-56.09938	-181.2645	125.1651	1.247173	1.066357	1.507827
22818	-59.65484	-186.046	126.3912	1.296738	0.3852949	1.214044
22824	-60.46467	-185.9264	125.4617	1.624501	0.4112145	1.640296
22830	-64.63136	-189.7636	125.1322	1.654101	1.176474	1.122895
22836	-57.06521	-181.583	124.5178	1.945327	1.176474	1.39182
22842	-61.28774	-186.0651	124.7773	1.840184	1.790514	0.8214273
22848	-57.55238	-183.1968	125.6445	2.366116	0.2947312	1.101703
22854	-62.29687	-188.058	125.7611	2.466281	0.2947312	0.8821765
22860	-63.4867	-189.3716	125.8849	2.649518	0.2501503	0.4912356
22866	-68.26939	-193.9943	125.7249	3.15516	0.1356574	0.4407237
22872	-64.7681	-190.1703	125.4022	2.907394	0.2582795	0.8906047
22878	-59.06134	-182.8971	123.8357	2.080542	2.029516	1.346355
22884	-60.6004	-186.9753	126.3749	2.235844	0.1911717	0.7438547
22890	-59.23421	-185.0207	125.7865	2.645879	0.2513177	0.7568259
22896	-61.20438	-187.3255	126.1211	2.232706	0.3126018	0.6298587
22902	-59.00564	-185.6145	126.6089	2.337658	0.09072953	0.789594
22908	-62.83035	-189.808	126.9776	1.810465	0.07461506	1.046271
22914	-62.82691	-189.696	126.8691	1.57962	0.2279941	0.8200115
22920	-63.64901	-189.4581	125.809	1.24981	0.6250014	1.401562
22926	-55.25547	-180.7705	125.515	1.361288	1.471138	0.7695316
22932	-55.76858	-182.2613	126.4927	1.400565	0.527716	0.7333264
22938	-70.50085	-197.0794	126.5785	1.515602	0.3287422	0.9440164
22944	-68.48833	-192.5747	124.0864	1.764485	3.642542	0.3768781
22950	-71.54332	-194.5013	122.958	1.98765	5.287368	1.117927
22956	-73.41075	-198.835	125.4243	2.376162	0.5777551	0.7572253
22962	-69.30424	-193.4083	124.104	1.779939	2.685603	1.084742
22968	-75.185	-199.0171	123.8321	1.948505	2.685603	1.177437
22974	-70.34232	-195.6576	125.3153	2.735729	0.4825668	0.4920631
22980	-70.26106	-192.9399	122.6789	2.355064	6.265624	0.7564992
22986	-68.55895	-193.6563	125.0974	2.15278	1.097165	0.6650893
22992	-66.32	-190.3534	124.0334	2.822112	1.590154	0.6604143
22998	-70.5937	-196.2854	125.6917	1.398346	0.6988387	1.29725
23004	-68.4285	-192.4917	124.0632	3.003678	1.181437	0.2726004
23010	-75.06392	-198.4833	123.4193	1.791174	1.446988	2.117618
23016	-62.7675	-187.6355	124.868	1.331819	1.446988	1.424839
23022	-64.17615	-189.4191	125.243	2.382175	0.78368	0.4971913
23028	-61.58875	-186.3673	124.7785	1.908228	1.885547	0.5997014
23034	-67.82695	-193.0072	125.1802	2.306989	0.7894598	0.8014309
23040	-77.81057	-201.226	123.4154	2.523247	3.480017	0.4365894
23046	-80.25364	-204.9285	124.6749	2.729666	0.9586502	0.6236279
23052	-67.57449	-193.2637	125.6892	1.772802	0.602136	1.091167
23058	-70.36451	-193.4933	123.1288	1.070788	2.710464	2.296105
23064	-69.69345	-192.6068	122.9133	1.286293	2.710464	2.296105
23070	-78.63602	-203.1899	124.5539	1.981237	0.2247723	2.296105
23076	-66.43819	-190.992	124.5538	2.198762	1.651005	0.7632211
23082	-68.20667	-191.6383	123.4316	1.955441	4.240564	0.9892815
23088	-68.84726	-195.0395	126.1923	1.792886	0.3597982	0.988369
23094	-70.55538	-196.139	125.5836	1.589605	0.8043359	1.11453
23100	-69.3262	-194.206	124.8798	1.931269	1.037625	1.213764
23106	-73.20952	-199.366	126.1565	1.521678	0.2714379	1.424614
23112	-75.66866	-199.4514	123.7828	2.098192	1.920603	1.424479
23118	-79.28454	-203.4204	124.1359	2.389936	1.920603	0.8349697
23124	-68.03657	-193.0146	124.9781	3.065093	0.4818001	0.4349361
23130	-69.02256	-193.5558	124.5332	3.306294	0.4231324	0.1997914
23136	-66.00619	-191.3082	125.302	3.067425	0.3176643	0.530683
23142	-62.88573	-187.9653	125.0795	3.048578	0.3937752	0.321915
23148	-56.89037	-182.6879	125.7975	3.082157	0.128312	0.3784182
23154	-65.78587	-191.6692	125.8833	3.3047	0.01803012	0.24622
23160	-70.51662	-196.1465	125.6298	2.00676	0.5309374	1.028025
23166	-69.53617	-195.1221	125.5859	1.867751	0.7580699	0.8890523
23172	-61.84364	-187.7922	125.9485	2.309645	0.36556	0.5756351
23178	-60.41077	-185.3838	124.973	1.937023	1.037333	1.127626
23184	-58.62669	-183.7948	125.1681	2.039911	1.037333	0.8182956
23190	-56.65552	-182.7444	126.0889	2.24844	0.3326418	0.5196925
23196	-54.36752	-178.5667	124.1991	1.800352	1.580034	1.503272
23202	-51.40558	-177.5483	126.1428	1.383419	0.3372657	1.424394
23208	-53.39502	-179.2406	125.8456	2.01665	0.5734875	0.6633298
23214	-52.75632	-178.2884	125.5321	2.371452	0.5721001	0.5503941
23220	-62.51963	-186.0287	123.5091	2.371452	3.611192	0.6015826
23226	-69.15799	-194.2545	125.0965	2.155219	0.8226357	0.1962961
23232	-72.81083	-196.0561	123.2453	1.553005	5.663125	1.162052
23238	-71.61589	-194.1703	122.5544	1.518155	5.663125	1.721404
23244	-62.45859	-189.2393	126.7807	1.642211	0.06281018	1.404424
23250	-68.21049	-192.5855	124.375	2.081085	1.806656	0.9906403
23256	-62.06437	-185.6895	123.6251	2.551118	2.889623	0.4302192
23262	-56.67419	-181.4245	124.7503	2.006851	1.630441	0.7767449
23268	-63.55583	-188.522	124.9662	1.623188	1.388364	1.14184
23274	-67.53376	-192.3208	124.787	1.7534	1.388364	1.184796
23280	-68.86172	-194.3776	125.5159	1.705118	0.7068733	1.178595
23286	-70.43309	-195.2278	124.7947	2.116459	0.7068733	1.430271
23292	-63.92501	-188.308	124.383	2.485942	1.499283	0.7497826
23298	-74.06349	-197.3662	123.3027	2.815807	2.838449	0.315825
23304	-66.41912	-190.2628	123.8437	3.069571	1.507924	0.3662943
23310	-61.8428	-186.9143	125.0715	2.692545	0.6687724	0.4434937
23316	-56.61352	-183.0165	126.403	2.684613	0.08475364	0.4397938
23322	-58.26468	-182.5108	124.2461	3.123012	0.9600788	0.3458513
23328	-65.73653	-191.1535	125.417	3.762391	0.02301182	0.2451987
23334	-62.13564	-185.0106	122.8749	3.004055	3.659617	0.4680645
23340	-64.80127	-187.6509	122.8496	3.135035	3.333274	0.4085653
23346	-68.44658	-190.5571	122.1105	3.451837	4.044934	0.2541792
23352	-69.97822	-195.957	125.9788	3.356985	0.03090592	0.6034729
23358	-65.44311	-188.9865	123.5434	2.784388	2.542902	0.6034729
23364	-74.52048	-198.4957	123.9753	2.255486	2.440495	0.8463885
23370	-69.5868	-194.2025	124.6157	2.077748	1.432878	1.012646
23376	-73.30347	-199.5313	126.2278	1.64313	0.2250474	1.369423
23382	-62.67384	-186.8295	124.1557	2.048347	2.346282	0.9317872
23388	-62.42074	-189.4084	126.9876	1.666764	0.1141451	1.009071
23394	-72.50502	-196.6726	124.1675	1.538336	1.362351	1.829511
23400	-73.59865	-196.9647	123.3661	1.194943	2.480469	2.133591
23406	-72.41288	-197.3231	124.9103	1.186654	0.3573532	2.372941
23412	-67.63285	-192.6779	125.0451	1.481306	1.024729	1.452038
23418	-71.01817	-197.3961	126.3779	1.80865	0.3723154	0.7082325
23424	-71.54828	-196.4807	124.9324	1.90039	1.034114	1.198177
23430	-81.70146	-206.6847	124.9833	2.732405	0.6830672	0.3772639
23436	-76.85822	-203.201	126.3428	2.362416	0.1646038	0.3248067
23442	-79.08637	-204.3523	125.2659	2.325939	0.7965194	0.6009771
23448	-72.08241	-198.2341	126.1517	1.83306	0.4893817	0.6843577
23454	-80.48698	-204.6441	124.1571	2.200535	1.642605	1.182449
23460	-84.19121	-209.3605	125.1693	1.506282	1.180625	1.216416
23466	-71.31723	-195.0799	123.7627	1.432599	3.678804	1.327744
23472	-66.23587	-190.3242	124.0884	1.653731	1.319862	1.827986
23478	-72.27188	-195.9491	123.6773	1.597924	2.614936	1.600062
23484	-69.14803	-194.6379	125.4899	1.414892	0.5502063	1.600062
23490	-68.03002	-192.4912	124.4612	1.484547	1.512716	1.578802
23496	-77.58622	-201.0698	123.4836	2.05534	4.243547	0.8175307
23502	-77.02233	-202.3916	125.3692	1.719257	0.7900889	1.203855
23508	-81.03021	-205.3976	124.3673	1.615356	0.5705282	2.2062
23514	-75.9436	-200.2248	124.2812	1.391077	3.110122	1.108658
23520	-75.61186	-200.1184	124.5066	1.60267	0.9987927	1.773449
23526	-75.6644	-200.7642	125.0998	1.4144	1.100389	1.405821
23532	-77.92664	-201.237	123.3104	1.743606	5.979742	0.8217699
23538	-76.48892	-200.3189	123.83	1.817211	2.245682	1.461822
23544	-77.10339	-202.7809	125.6776	1.464874	0.7048949	1.247614
23550	-62.98525	-188.1001	125.1149	0.4086281	0.3729123	2.710149
23556	-67.43197	-190.7926	123.3607	0.646162	0.3729123	3.612123
23562	-68.63229	-192.894	124.2617	0.9550597	1.108766	2.295873
23568	-67.09392	-192.7518	125.6579	1.231976	0.2821486	1.966865
23574	-78.09015	-204.1893	126.0992	1.086098	0.2366844	1.845452
23580	-70.58894	-195.6594	125.0704	1.646171	1.157136	1.199242
23586	-73.32404	-199.8734	126.5494	1.654106	0.1984925	1.157451
23592	-64.32233	-190.6133	126.2909	1.356844	0.3153114	1.367408
23598	-68.16569	-193.9428	125.7771	1.795464	0.5673454	1.035422
23604	-72.6716	-197.2828	124.6112	1.664098	2.322361	0.8654069
23610	-85.62405	-207.7834	122.1593	1.735587	7.179386	1.60014
23616	-82.49213	-206.4633	123.9712	1.489882	0.8592464	2.301715
23622	-63.62638	-189.5015	125.8751	1.913493	0.5609558	0.8087471
23628	-56.44001	-181.7537	125.3137	1.683221	0.5609558	1.520076
23634	-62.96671	-187.4299	124.4632	1.860638	2.029341	0.987742
23640	-60.70125	-185.1738	124.4726	2.195223	1.782353	0.7601093
23646	-61.83823	-185.5684	123.7301	1.989973	3.035286	1.093377
23652	-68.71729	-191.248	122.5307	1.839136	8.139226	1.063999
23658	-74.71723	-194.7171	119.9999	2.179118	33.53088	0.8325193
23664	-70.40076	-192.1911	121.7903	2.389557	11.37649	0.6515416
23670	-82.46371	-208.5666	126.1029	1.049662	0.2108811	1.916865
23676	-78.88404	-202.1843	123.3003	1.027564	0.1397284	3.784471
23682	-84.62129	-204.4503	119.829	1.015096	2.803775	4.26189
23688	-81.00523	-203.1183	122.1131	1.175842	1.238779	3.398234
23694	-82.67316	-205.1006	122.4274	0.8615226	1.238779	3.398234
23700	-82.15198	-205.2069	123.0549	1.162382	1.185369	2.873221
23706	-78.62689	-201.7684	123.1415	1.194388	2.233274	2.360404
23712	-68.57572	-190.3235	121.7478	1.044107	1.643688	3.50876
23718	-72.37645	-195.8087	123.4323	0.6833449	0.6989844	3.242391
23724	-74.96587	-200.6844	125.7185	1.703642	0.597247	1.133831
23730	-87.56072	-211.3115	123.7507	1.311721	0.597247	2.758156
23736	-85.21302	-207.8483	122.6353	0.8660782	1.772131	3.039625
23742	-77.97273	-203.3243	125.3516	1.845346	0.2436805	1.824554
23748	-79.34072	-204.8123	125.4715	2.741012	0.3697197	0.6704512
23754	-73.15671	-197.826	124.6693	2.276989	1.211475	0.9372169
23760	-72.33641	-197.5719	125.2355	2.375772	0.6066428	0.9372169
23766	-69.27265	-192.564	123.2914	2.375772	4.065362	0.7166453
23772	-74.79535	-200.2117	125.4164	1.703108	0.4575524	1.5546
23778	-72.66665	-196.4458	123.7792	1.969573	1.489638	1.732094
23784	-66.9974	-191.0109	124.0135	1.502323	2.861822	1.331347
23790	-68.94201	-192.4404	123.4984	1.8837	4.660803	0.8525411
23796	-67.97359	-192.7186	124.745	1.843751	1.715095	0.9133895
23802	-64.25926	-189.2247	124.9654	2.601246	0.8294919	0.5502399
23808	-68.20832	-193.8989	125.6905	1.660231	0.3278542	1.57149
23814	-71.01899	-195.2751	124.2561	1.342588	2.013482	1.594306
23820	-64.6769	-190.0459	125.369	1.713836	0.4882352	1.54271
23826	-69.9951	-192.0405	122.0454	1.769811	10.57759	1.195624
23832	-63.81858	-189.1101	125.2915	1.871068	1.003908	0.9113592
23838	-66.47303	-190.4164	123.9434	2.093352	2.173035	1.179454
23844	-68.52725	-192.7164	124.1891	1.945532	2.326341	1.013871
23850	-70.27883	-193.6973	123.4184	1.945532	4.205264	1.023536
23856	-75.19543	-198.9527	123.7573	1.759849	4.205264	0.8597672
23862	-72.65188	-195.3992	122.7473	2.346151	6.163733	0.6995478
23868	-73.56667	-195.7398	122.1731	2.154664	10.20777	0.6995478
23874	-73.31072	-196.6416	123.3308	2.045192	4.606722	0.8787984
23880	-77.60005	-197.2678	119.6677	2.408841	37.31842	0.3517108
23886	-75.66241	-198.7447	123.0823	2.819323	3.422848	0.338032
23892	-67.5949	-190.8592	123.2643	2.415207	4.181811	0.6143347
23898	-64.65396	-189.6732	125.0192	2.394634	0.9388124	0.6500319
23904	-66.60544	-190.9293	124.3239	2.452506	1.755907	0.5736143
23910	-73.5357	-198.2538	124.7181	2.457206	1.18838	0.6490208
23916	-69.4973	-193.7144	124.2171	2.483437	1.827403	0.6549504
23922	-74.99065	-198.4516	123.4609	2.283285	3.935517	0.6549504
23928	-69.89572	-191.9643	122.0686	2.423758	9.417451	0.6209666
23934	-66.44512	-191.4676	125.0225	2.306831	1.011831	0.6708527
23940	-66.21671	-191.6427	125.426	2.430508	0.6031512	0.4473716
23946	-63.4211	-188.7582	125.3371	2.916588	0.3696471	0.4448532
23952	-70.31466	-194.5693	124.2546	2.781876	1.402197	0.4957429
23958	-76.12124	-200.654	124.5328	2.437305	1.402197	0.7050898
23964	-81.97234	-205.6302	123.6579	2.749933	1.964642	0.9399993
23970	-80.26726	-203.9279	123.6606	2.116982	1.689646	1.611246
23976	-77.713	-203.9331	126.2201	1.524669	0.3474339	1.231489
23982	-85.29742	-210.2929	124.9955	1.431038	0.8809707	1.636306
23988	-86.48041	-211.2673	124.7868	1.776795	0.1836958	2.355296
23994	-73.20207	-199.7816	126.5796	1.790765	0.1840005	1.045292
24000	-78.18944	-203.383	125.1936	1.623218	0.9543179	1.278829
24006	-83.37029	-205.185	121.8147	2.468233	1.282888	2.782822
24012	-76.12152	-200.9633	124.8418	2.1619	1.200311	0.8842787
24018	-77.60645	-200.3318	122.7253	2.160645	2.995726	1.755588
24024	-76.97718	-202.5919	125.6147	1.288104	0.7887448	1.357614
24030	-83.84696	-207.2999	123.453	2.122218	3.24508	1.146676
24036	-90.42509	-213.6294	123.2043	1.876286	3.24508	1.542102
24042	-74.50438	-198.4822	123.9778	1.686361	1.555066	1.758065
24048	-73.02194	-197.1318	124.1098	1.953535	2.358617	1.066429
24054	-75.20118	-199.1599	123.9588	2.287008	2.54125	0.7605786
24060	-80.29795	-203.2703	122.9724	2.155542	5.816179	0.7765088
24066	-85.52506	-211.0867	125.5617	2.521855	0.405103	0.7680814
24072	-78.86436	-204.8789	126.0146	1.90953	0.4905176	0.7776164
24078	-84.25592	-208.4004	124.1444	1.994757	1.897044	1.228548
24084	-79.04592	-204.3291	125.2832	1.896072	0.790843	1.123444
24090	-79.02028	-204.659	125.6387	1.850469	0.2551974	1.596676
24096	-82.40195	-202.9868	120.5848	1.493129	8.113636	2.672893
24102	-80.59437	-202.7292	122.1348	1.601229	5.93606	1.906961
24108	-80.54902	-203.1454	122.5963	1.555733	4.417752	1.906961
24114	-85.81478	-209.7948	123.98	1.719407	2.893472	1.166506
24120	-80.09096	-204.9398	124.8488	2.002076	1.005646	1.206649
24126	-75.3206	-200.0166	124.696	1.673828	0.7962362	1.745237
24132	-78.93195	-203.5679	124.6359	1.639197	1.666152	1.239079
24138	-75.54905	-198.291	122.7419	1.438521	1.732835	2.642966
24144	-75.85321	-198.0489	122.1957	1.340206	2.77336	2.693409
24150	-81.86362	-206.3464	124.4828	2.129016	1.866714	0.7641917
24156	-78.91464	-201.7408	122.8261	1.639675	6.872111	1.205692
24162	-84.08883	-207.9456	123.8568	2.85104	1.445165	0.988925
24168	-76.65277	-203.0909	126.4382	1.949223	0.2060715	0.9615193
24174	-72.99942	-199.6625	126.6631	2.037523	0.1143112	0.9615193
24180	-71.19096	-195.225	124.0341	1.874139	1.792826	1.464443
24186	-72.59459	-196.2932	123.6986	1.900049	1.792826	1.69122
24192	-71.31965	-194.5804	123.2608	2.162872	3.776004	1.103945
24198	-67.76581	-193.4617	125.6959	2.428439	0.416685	0.6636899
24204	-73.69684	-198.2671	124.5702	2.375393	1.086649	1.051137
24210	-66.90001	-192.9319	126.0319	2.034196	0.2941642	1.051137
24216	-77.0944	-198.949	121.8546	1.907794	5.092985	2.035667
24222	-80.52216	-204.5971	124.075	1.655238	3.002626	1.096788
24228	-70.22992	-195.393	125.1631	2.327587	0.8050402	0.7713574
24234	-70.80158	-195.9521	125.1505	2.327587	0.8050402	0.7889091
24240	-73.57239	-199.1626	125.5902	2.506832	0.4420403	0.6198454
24246	-80.04107	-206.2075	126.1664	2.711971	0.1366152	0.5555498
24252	-74.95015	-201.8037	126.8536	2.296708	0.04501757	0.8098878
24258	-76.54502	-201.4865	124.9414	2.06162	0.8613247	1.20664
24264	-84.59617	-208.7846	124.1885	1.828379	2.12426	1.219695
24270	-79.04791	-202.9174	123.8695	2.147334	2.12426	1.219695
24276	-74.40743	-199.2701	124.8627	2.232933	1.265604	0.6766036
24282	-73.91743	-198.7263	124.8089	2.644454	0.830536	0.7821691
24288	-77.68109	-199.694	122.0129	2.416419	9.753151	0.640932
24294	-77.35899	-201.5985	124.2395	2.320464	1.776382	0.9008864
24300	-74.61688	-201.0797	126.4628	1.796266	0.2747829	0.9008864
24306	-74.17442	-200.6603	126.4859	2.228939	0.1599808	0.738282
24312	-74.95149	-200.4969	125.5454	1.563489	0.7632014	1.214131
24318	-72.5325	-196.7901	124.2576	1.736918	1.969173	1.312017
24324	-71.06562	-195.2097	124.1441	1.322424	1.346845	1.999864
24330	-73.58295	-197.663	124.08	1.259495	0.6745008	2.520721
24336	-77.07496	-203.0557	125.9807	1.201612	0.6745008	1.247664
24342	-71.57724	-197.6618	126.0846	2.179825	0.3674911	0.4893444
24348	-66.85703	-193.262	126.405	2.21293	0.2005022	0.6848481
24354	-69.09443	-196.5698	127.4754	1.64529	0.07014628	0.660887
24360	-66.82014	-191.6162	124.7961	1.768196	1.927048	0.7793022
24366	-66.85435	-191.8793	125.025	1.623115	1.927048	0.6349865
24372	-71.48143	-194.6342	123.1527	0.9300699	1.761376	2.691588
24378	-71.18338	-197.1281	125.9447	1.4536	0.3548018	1.493359
24384	-75.2617	-198.197	122.9354	2.208517	5.258859	0.9313293
24390	-75.9191	-199.9922	124.0731	1.415463	1.318917	2.000129
24396	-70.85542	-197.7257	126.8703	1.445364	0.09213999	1.381724
24402	-82.48157	-206.4513	123.9698	1.494451	2.472365	1.511729
24408	-79.78595	-203.6844	123.8985	1.521454	1.171392	2.12795
24414	-88.65608	-213.2938	124.6377	1.770523	1.270494	1.371557
24420	-77.02516	-202.6342	125.6091	1.790775	0.4729787	1.31872
24426	-78.74436	-205.2316	126.4872	1.363814	0.2296154	1.37513
24432	-84.27839	-207.647	123.3686	1.447681	0.8822574	2.689134
24438	-75.90174	-201.7369	125.8352	1.828348	0.179279	1.627513
24444	-70.61728	-196.9721	126.3548	1.84014	0.138013	1.331938
24450	-75.08714	-200.5803	125.4931	1.719804	0.5020791	1.427231
24456	-72.7214	-197.3378	124.6164	2.169088	1.041708	1.232077
24462	-76.83661	-202.1069	125.2703	1.66444	0.4512837	1.696055
24468	-86.76595	-210.4958	123.7298	1.66444	0.308205	2.873562
24474	-84.78369	-210.6562	125.8725	2.250235	0.1617938	1.322931
24480	-80.84631	-205.6481	124.8018	2.817285	0.7289306	0.7168395
24486	-83.0076	-208.0533	125.0457	2.309437	0.6091987	1.177659
24492	-85.23348	-209.548	124.3145	1.679421	0.8070963	1.993206
24498	-81.85042	-203.5998	121.7494	1.684896	8.208564	1.783593
24504	-82.42733	-205.0154	122.5881	2.508243	5.570731	0.8932663
24510	-83.69628	-209.8181	126.1218	1.708447	0.2007066	1.455209
24516	-81.76936	-206.9695	125.2001	1.91529	0.4153367	1.613598
24522	-78.51898	-203.6812	125.1622	2.256007	0.6044037	1.128062
24528	-77.55602	-202.0694	124.5133	2.142615	1.696332	0.8501801
24534	-78.97819	-203.2238	124.2456	2.71627	1.316516	0.8164144
24540	-84.2324	-208.8765	124.6441	1.559932	1.519143	1.380057
24546	-83.84598	-209.0111	125.1651	2.236855	0.7691628	0.9314118
24552	-73.82845	-198.0508	124.2223	1.659634	1.68408	1.537532
24558	-70.88978	-194.9695	124.0797	1.632463	2.164423	1.44595
24564	-77.75421	-201.735	123.9808	1.84878	1.564224	1.636166
24570	-72.38638	-195.4835	123.0971	2.144903	2.667015	1.606363
24576	-73.06437	-194.3817	121.3173	2.312428	16.10876	0.5889242
24582	-79.30795	-201.6257	122.3178	2.580377	2.044163	2.065067
24588	-75.81179	-200.9737	125.1619	2.580377	0.6834509	0.5704748
24594	-70.72646	-193.9972	123.2708	2.385719	3.915284	0.806136
24600	-76.72507	-199.1075	122.3824	2.786406	6.09512	0.5469264
24606	-76.61346	-199.9107	123.2972	1.625614	4.64203	1.293323
24612	-74.94164	-197.6875	122.7459	1.923915	7.671922	0.8416055
24618	-74.4278	-196.2875	121.8597	1.695717	5.028103	2.18315
24624	-81.08518	-204.8114	123.7262	1.126929	1.419586	2.361134
24630	-79.81053	-199.2326	119.422	2.743007	34.51313	0.2970328
24636	-72.85955	-197.4235	124.564	2.452984	1.421195	0.4519136
24642	-77.15381	-199.2694	122.1156	2.526283	8.553289	0.6199218
24648	-80.59176	-204.5845	123.9927	2.079143	1.613966	1.430355
24654	-80.05472	-205.2121	125.1573	2.250501	0.5792155	1.16997
24660	-75.4609	-201.6977	126.2368	1.717908	0.3358398	1.067398
24666	-67.7616	-193.7485	125.9869	1.51657	0.1242338	1.874352
24672	-77.27094	-200.7799	123.509	1.80643	2.918925	1.46788
24678	-74.07064	-197.4621	123.3915	1.321588	2.608811	1.992141
24684	-75.12581	-199.2659	124.1401	1.749091	1.235113	1.774934
24690	-77.90345	-202.9474	125.044	1.977883	0.4393983	1.649098
24696	-88.26779	-214.0299	125.7621	2.209956	0.1290643	1.528988
24702	-84.58239	-208.0749	123.4925	2.097969	0.7219962	2.323542
24708	-73.17279	-198.7304	125.5576	1.572947	0.3509471	1.694453
24714	-73.46669	-199.4553	125.9886	1.596912	0.1715543	1.701097
24720	-73.02331	-196.2111	123.1878	1.562722	3.903117	1.605776
24726	-67.11644	-193.5547	126.4383	1.593006	0.1925749	1.317116
24732	-78.01616	-201.1244	123.1083	2.194198	5.350203	0.3488606
24738	-75.48574	-200.3834	124.8977	1.833667	1.728607	0.7157468
24744	-75.32646	-200.195	124.8685	1.855916	1.373781	1.02704
24750	-81.20695	-207.3873	126.1803	1.541081	0.203321	1.531222
24756	-84.40371	-207.2121	122.8084	1.336529	1.241402	2.887723
24762	-79.49711	-204.6966	125.1995	1.042321	0.3296526	2.318444
24768	-78.87245	-203.7271	124.8546	1.341112	1.52581	1.382745
24774	-77.99368	-203.1516	125.1579	1.722774	1.083942	1.113875
24780	-71.46618	-195.4404	123.9742	0.996361	2.240283	1.944151
24786	-75.48789	-199.5245	124.0367	2.016713	2.240283	1.13262
24792	-72.67495	-196.6679	123.993	2.488086	2.240283	0.406907
24798	-68.83525	-192.4365	123.6013	3.175067	1.763688	0.4523455
24804	-76.84044	-200.2843	123.4439	3.3321	1.763688	0.4506304
24810	-80.05217	-204.0073	123.9551	1.570995	1.316664	1.976277
24816	-79.12304	-202.8836	123.7606	1.192099	4.191531	1.381273
24822	-75.86579	-199.3506	123.4848	1.234172	1.513769	2.401508
24828	-79.94883	-204.3521	124.4033	1.580869	1.271672	1.686471
24834	-75.79922	-199.148	123.3487	1.24101	3.026617	1.949549
24840	-84.197	-208.5844	124.3874	1.072274	1.452626	1.949549
24846	-84.74727	-209.5926	124.8453	1.53364	0.4669341	2.056575
24852	-79.51122	-202.0121	122.5009	1.893701	5.916801	1.439385
24858	-84.65472	-207.8208	123.1661	1.593135	8.02672	0.5494864
24864	-81.39889	-206.5424	125.1435	1.731457	0.3090585	1.934342
24870	-75.79512	-200.2017	124.4065	1.856024	0.7509559	1.857376
24876	-73.17994	-197.2831	124.1032	1.856024	2.155802	1.253354
24882	-76.26062	-200.2352	123.9746	2.002265	2.155802	1.238604
24888	-76.18263	-201.6868	125.5042	2.161699	0.606004	0.8774298
24894	-79.28435	-203.8506	124.5662	2.195385	1.441975	0.9354799
24900	-87.2443	-211.0454	123.8011	1.71529	3.851258	0.9898671
24906	-82.93641	-207.5622	124.6258	1.419939	1.350749	1.595888
24912	-81.42481	-206.784	125.3592	1.582871	1.28802	0.8695323
24918	-90.49506	-215.0158	124.5207	2.043979	1.851222	0.8396255
24924	-86.37614	-208.1684	121.7923	1.989163	9.628988	1.345805
24930	-85.90662	-207.7867	121.88	1.794919	4.350397	2.235512
24936	-90.58466	-214.0378	123.4531	1.03261	5.797222	1.391663
24942	-82.55478	-205.8798	123.3251	1.517228	6.455282	0.9380747
24948	-79.95041	-203.5517	123.6012	1.638902	5.366609	0.7804394
24954	-71.09853	-196.05	124.9515	1.273535	1.531196	1.356608
24960	-75.9601	-199.3597	123.3996	1.460398	3.827905	1.54465
24966	-80.53705	-204.3363	123.7993	1.824005	3.372616	1.056733
24972	-76.52191	-199.647	123.1251	1.954938	5.424611	0.9524261
24978	-79.28575	-200.8727	121.5869	1.59437	4.809868	2.461154
24984	-81.03843	-202.6667	121.6282	1.448116	1.068937	3.611239
24990	-74.34517	-196.5796	122.2345	1.033982	0.8716838	3.617099
24996	-70.33173	-193.3527	123.0209	1.033982	2.178968	2.555285
25002	-76.01481	-199.5172	123.5024	1.343379	3.320078	1.690659
25008	-73.49609	-197.2471	123.7511	1.26948	3.320078	1.564534
25014	-83.66481	-207.8499	124.1851	1.445731	3.320078	1.068915
25020	-79.99816	-203.3068	123.3087	2.060684	3.457299	1.252465
25026	-77.8976	-201.7317	123.8341	1.66437	3.129842	1.252465
25032	-74.09921	-197.702	123.6028	1.640965	3.129842	1.454661
25038	-79.1838	-202.3779	123.1941	1.447142	4.904583	1.454661
25044	-74.04557	-197.3639	123.3184	1.782463	4.652623	1.139383
25050	-68.86264	-194.2559	125.3933	1.503857	1.499855	0.7039486
25056	-67.81407	-192.5054	124.6913	1.315065	1.994677	1.290151
25062	-66.47616	-191.0242	124.548	1.376171	2.50162	1.128195
25068	-68.82744	-193.6556	124.8281	1.214321	1.138566	1.727051
25074	-74.83348	-198.4097	123.5762	1.507769	3.850946	1.36785
25080	-71.62923	-195.047	123.4177	0.519454	0.3603023	3.667429
25086	-67.39265	-191.6025	124.2098	1.01853	1.458576	2.1002
25092	-65.38167	-188.786	123.4043	1.357299	1.458576	2.400384
25098	-75.96592	-199.6372	123.6713	0.6732541	5.257282	1.602614
25104	-64.86279	-189.9152	125.0524	1.274772	1.313628	1.407161
25110	-65.24705	-189.6275	124.3804	1.754133	2.984978	0.5787312
25116	-71.72712	-196.426	124.6988	1.88668	1.615152	0.9882462
25122	-67.33705	-191.6729	124.3359	1.884436	1.615152	1.312868
25128	-78.51266	-203.0741	124.5615	2.273998	1.615152	0.6657768
25134	-70.66347	-195.1979	124.5345	1.932649	1.762677	1.00787
25140	-74.9487	-197.4134	122.4647	1.404212	1.845452	2.789701
25146	-75.26263	-197.8625	122.5999	1.127361	1.845452	2.875685
25152	-79.92313	-204.8665	124.9434	1.718739	1.726083	0.8178512
25158	-76.09984	-201.2611	125.1613	2.068791	1.054656	0.7656792
25164	-72.18453	-196.5973	124.4127	1.214931	0.8579996	2.195467
25170	-64.99032	-189.6801	124.6898	1.179412	2.037688	1.379759
25176	-70.38672	-193.5358	123.1491	1.029572	3.501041	2.097346
25182	-61.64905	-188.0702	126.4211	1.803753	0.1223005	1.355208
25188	-64.40357	-188.9391	124.5355	2.365862	1.57914	0.4540882
25194	-61.0475	-187.7561	126.7086	2.656488	0.01840829	0.6171159
25200	-60.06909	-184.2553	124.1862	1.723484	0.6743739	2.158039
25206	-65.70718	-190.7227	125.0155	1.944378	1.492749	0.5671648
25212	-66.86148	-191.6745	124.813	1.533887	1.492749	1.281062
25218	-73.97649	-198.3565	124.38	1.750635	2.309204	1.026588
25224	-74.4907	-198.8845	124.3938	1.810494	1.345331	1.481604
25230	-69.87848	-194.3758	124.4974	2.061563	0.9092393	1.516874
25236	-69.72813	-195.5104	125.7823	1.686294	0.3656681	1.422791
25242	-72.33273	-196.8467	124.5139	1.901756	1.185016	1.422791
25248	-72.75917	-197.5535	124.7944	2.180759	1.245684	0.8722424
25254	-81.08587	-205.9719	124.8861	1.737845	1.679707	0.9005589
25260	-84.62026	-210.6659	126.0457	1.338477	0.3406945	1.526259
25266	-84.76675	-209.1499	124.3831	1.040967	0.4621392	2.668391
25272	-80.0681	-205.2644	125.1963	1.876724	0.8573513	1.149701
25278	-76.53204	-200.7424	124.2104	1.918037	1.83341	1.270387
25284	-74.12681	-199.4804	125.3536	1.862687	0.5456791	1.370325
25290	-74.95064	-198.7281	123.7775	1.257678	2.452033	1.825639
25296	-74.08132	-197.4404	123.3591	1.208577	7.073446	1.076769
25302	-67.55292	-190.5486	122.9957	1.415094	5.42099	1.521844
25308	-64.91296	-190.6029	125.6899	1.726874	0.6098707	1.122227
25314	-82.58677	-207.2907	124.7039	1.706609	1.078313	1.500625
25320	-78.99391	-204.7044	125.7104	1.611555	0.5631417	1.263409
25326	-75.12055	-199.1047	123.9842	1.755097	1.669495	1.648666
25332	-75.60978	-201.4701	125.8603	1.382648	0.3285025	1.648666
25338	-77.91697	-202.0206	124.1037	1.660868	1.316725	1.814277
25344	-72.34258	-194.2851	121.9425	1.76373	9.550414	1.414815
25350	-76.3684	-198.9335	122.5651	1.493514	6.230469	1.632999
25356	-67.47128	-191.8847	124.4134	1.699515	1.674771	1.366063
25362	-72.93304	-196.1956	123.2626	1.688456	4.680978	1.260611
25368	-76.39462	-201.6397	125.2451	2.000061	0.8374393	1.010229
25374	-74.34734	-199.7736	125.4263	1.987148	0.8374393	0.8245662
25380	-86.91575	-207.0945	120.1787	1.8284	29.44666	1.237618
25386	-69.25312	-192.1469	122.8938	1.979108	4.765487	1.304289
25392	-68.1641	-190.7948	122.6307	2.196742	6.767428	0.8771691
25398	-68.76971	-190.5633	121.7936	1.577434	11.11328	1.487525
25404	-65.76521	-189.471	123.7058	1.469954	2.794883	1.611941
25410	-60.8059	-184.4536	123.6477	1.502422	3.243485	1.490711
25416	-75.76891	-196.6498	120.8809	2.80668	10.60733	1.298448
25422	-65.68852	-189.5368	123.8483	2.159638	3.313735	0.5427025
25428	-72.59846	-196.0644	123.4659	2.139802	3.826327	0.9043954
25434	-70.73437	-196.7236	125.9892	1.915771	0.5104935	0.7577075
25440	-66.05894	-190.0227	123.9638	1.320777	4.562233	0.9916189
25446	-61.0585	-187.0885	126.03	1.434122	0.4912624	1.240548
25452	-64.38901	-185.6417	121.2527	1.389551	24.89151	0.931077
25458	-64.12346	-189.3492	125.2258	1.663152	1.137564	1.060353
25464	-66.47699	-190.3789	123.9019	1.657333	1.691928	1.765335
25470	-59.88905	-185.0893	125.2002	1.530025	1.195644	1.157778
25476	-67.21811	-189.9807	122.7626	2.247689	4.386387	1.28559
25482	-69.21523	-193.536	124.3208	2.499397	1.644817	0.6552095
25488	-70.95426	-196.791	125.8367	1.946719	0.3998321	1.105058
25494	-66.8068	-190.9838	124.177	2.182382	1.568271	1.225249
25500	-74.73457	-199.6891	124.9545	2.551704	0.7231854	0.8787463
25506	-87.97096	-212.7821	124.8112	2.648723	0.6050343	1.089244
25512	-81.4589	-206.5695	125.1106	2.52902	0.6050343	0.9088994
25518	-85.70015	-209.111	123.4109	2.886324	2.334305	0.8311396
25524	-89.17879	-212.0876	122.9088	2.908157	3.819326	0.5632448
25530	-75.64919	-199.2079	123.5588	2.908157	2.209956	0.6759139
25536	-76.48298	-202.2437	125.7608	2.547084	0.2902136	0.7957609
25542	-76.14945	-200.7375	124.5881	2.356016	1.514901	0.565336
25548	-81.24458	-202.2586	121.014	2.792252	14.48491	0.5957125
25554	-72.07823	-195.8126	123.7344	2.784179	2.182534	0.5871425
25560	-70.50885	-192.7191	122.2103	3.161908	5.30483	0.4971651
25566	-70.03432	-194.2549	124.2206	2.008954	0.8313347	1.814289
25572	-71.44049	-196.9729	125.5324	3.039951	0.2355574	0.5228377
25578	-65.93774	-191.2763	125.3385	2.162181	0.8080647	0.7515835
25584	-69.82434	-193.068	123.2436	2.062941	5.497692	0.5911988
25590	-73.65079	-197.5285	123.8777	1.011663	1.70707	2.206856
25596	-74.25697	-199.1605	124.9035	0.9802262	0.2695305	2.630896
25602	-73.98239	-191.1186	117.1362	2.671041	109.2027	0.8068234
25608	-77.56764	-195.0858	117.5182	2.386931	109.2027	0.6491437
25614	-77.47462	-199.8812	122.4066	2.326151	5.610139	1.229942
25620	-70.20498	-194.6591	124.4541	2.253375	1.690374	0.7891335
25626	-76.76006	-198.2628	121.5028	2.253375	12.60519	0.9889784
25632	-75.32022	-199.0538	123.7336	2.350902	2.858619	0.7811738
25638	-80.81796	-204.7875	123.9696	2.064291	2.636385	0.9604746
25644	-65.23198	-191.6102	126.3782	0.9118409	0.3037799	1.654828
25650	-67.198	-192.2851	125.0871	1.000075	1.110968	1.713322
25656	-68.01453	-191.3643	123.3497	1.308688	0.3431948	3.266967
25662	-76.5009	-201.6824	125.1815	1.032994	1.201148	1.563495
25668	-64.10501	-189.5119	125.4069	1.505509	0.788374	1.350294
25674	-75.24679	-197.9086	122.6618	1.914346	7.940791	0.8907466
25680	-73.13711	-198.0667	124.9295	1.789136	0.4106777	1.897365
25686	-75.65046	-200.7091	125.0587	1.487721	0.5087832	1.897365
25692	-81.24763	-204.5811	123.3335	0.9241123	0.7864777	3.093299
25698	-81.25447	-204.0706	122.8161	0.8662408	0.7864777	3.433048
25704	-84.13884	-207.9003	123.7615	1.483481	0.7864777	2.49143
25710	-75.82412	-197.8924	122.0683	1.477894	1.211039	3.260897
25716	-68.19429	-190.365	122.1707	1.137338	2.377355	2.947616
25722	-60.51781	-184.3914	123.8736	0.9734627	0.8413399	2.698317
25728	-69.45967	-191.9572	122.4976	1.622314	2.325236	2.465929
25734	-69.34586	-192.8428	123.4969	1.585362	1.002387	2.445856
25740	-83.58065	-209.8003	126.2196	1.381056	0.532596	1.059955
25746	-80.46687	-206.2547	125.7878	1.717851	0.1239234	1.873634
25752	-75.36762	-200.9688	125.6012	1.697413	0.7691134	1.036657
25758	-83.7832	-207.1312	123.348	2.269664	3.914059	0.8554218
25764	-77.69565	-202.6405	124.9449	1.753192	1.300479	1.107217
25770	-91.63286	-212.5959	120.963	2.295257	19.97548	0.4178427
25776	-73.54659	-198.5771	125.0306	1.756743	0.6630155	1.566789
25782	-92.92685	-216.9909	124.064	1.673694	2.50376	1.286603
25788	-89.48515	-213.2438	123.7586	2.544264	1.773818	1.154138
25794	-86.8629	-211.2599	124.397	1.975351	1.828447	1.058968
25800	-93.17386	-215.8256	122.6517	1.280799	0.5722621	3.454134
25806	-84.86354	-209.8861	125.0225	1.495327	0.3410787	2.124299
25812	-71.49009	-194.3317	122.8416	2.357441	5.984978	0.486801
25818	-63.98023	-187.43	123.4498	2.088402	4.105051	0.8735729
25824	-68.59407	-191.8015	123.2075	1.87047	5.576053	0.9123652
25830	-77.65963	-203.0014	125.3417	1.722286	0.7478599	1.267514
25836	-82.69233	-205.6259	122.9335	2.164652	3.535678	1.444733
25842	-72.59019	-196.5809	123.9907	2.172835	1.029225	1.714272
25848	-79.1609	-204.1492	124.9883	1.710246	0.6948656	1.6007
25854	-77.64185	-202.0812	124.4394	1.571901	0.6948656	2.073782
25860	-81.01631	-206.1669	125.1506	2.161731	0.824064	0.9575386
25866	-78.75198	-203.8528	125.1008	2.307263	0.9616634	0.4072704
25872	-75.03032	-200.3408	125.3105	1.744898	1.265771	0.7444248
25878	-69.14105	-194.1487	125.0076	2.202412	1.184003	0.558474
25884	-63.36238	-189.2373	125.8749	2.08787	0.5327563	0.5578903
25890	-65.15296	-189.3206	124.1676	2.410067	2.078978	0.5826338
25896	-61.48317	-186.1948	124.7117	1.582343	1.047151	1.608476
25902	-62.28466	-187.3283	125.0436	2.065651	0.6309877	1.355403
25908	-69.02405	-193.3768	124.3528	1.185373	1.199904	2.033628
25914	-73.0264	-196.6483	123.6219	1.637741	4.206904	1.120858
25920	-75.89335	-199.9808	124.0874	1.586204	0.7396517	2.256115
25926	-69.17824	-193.9644	124.7862	1.613585	0.2789505	2.292383
25932	-73.48052	-197.1484	123.6679	2.028518	3.231738	1.039802
25938	-78.6887	-204.5597	125.871	1.770815	0.3040573	1.392249
25944	-78.53169	-204.2786	125.7469	2.323477	0.4708134	0.5204226
25950	-76.02401	-198.2022	122.1782	3.036604	5.375771	0.2807925
25956	-70.33709	-195.2055	124.8684	3.228996	0.4504811	0.5717686
25962	-71.35874	-195.5259	124.1671	3.015978	1.153612	0.345858
25968	-63.51028	-188.4522	124.9419	2.9903	0.5106572	0.333252
25974	-65.14499	-190.9592	125.8142	2.570002	0.311544	0.5209482
25980	-67.10215	-191.8951	124.7929	3.055318	0.6055073	0.4300154
25986	-75.57431	-199.8131	124.2388	2.50546	1.61268	0.8107985
25992	-71.25276	-196.3952	125.1424	2.155791	0.6408646	1.188217
25998	-72.95667	-198.6705	125.7139	2.128682	0.4738226	0.9125661
26004	-74.90977	-200.2282	125.3184	2.260244	0.6458457	0.9125661
26010	-83.53844	-207.0628	123.5243	1.574226	2.237073	1.858508
26016	-76.9864	-202.6157	125.6293	1.262844	0.3669316	1.837629
26022	-80.73268	-206.4672	125.7345	2.010801	0.2751486	1.365104
26028	-89.92304	-216.1641	126.2411	2.029966	0.1076165	1.365104
26034	-86.14359	-212.0668	125.9232	1.653106	0.1423049	1.777836
26040	-74.9241	-200.3271	125.403	2.455587	0.5187525	0.8036504
26046	-73.8896	-199.7589	125.8693	1.847905	0.5187525	0.9666849
26052	-77.55326	-202.6691	125.1158	2.707223	0.6242942	0.5708791
26058	-73.72902	-198.7679	125.0388	2.607127	0.7664187	0.5055334
26064	-77.35595	-201.2202	123.8642	3.023465	1.605073	0.49604
26070	-68.23116	-190.4568	122.2257	2.536726	7.403426	0.7913177
26076	-60.97468	-186.4553	125.4806	2.361674	0.6145639	0.5447802
26082	-69.97573	-195.1839	125.2082	2.26935	0.7507425	0.8719021
26088	-67.54696	-190.4086	122.8616	2.26935	5.503434	0.8733637
26094	-50.86108	-176.6749	125.8138	1.995678	0.5358835	0.8317585
26100	-73.75247	-196.6474	122.8949	2.742685	4.378	0.4682301
26106	-76.80792	-202.6212	125.8133	2.424495	0.3807428	0.4927395
26112	-86.36457	-208.7658	122.4012	2.273476	7.109421	0.9643598
26118	-79.31169	-204.3635	125.0518	1.390506	0.8902978	1.61756
26124	-83.36214	-208.6539	125.2917	2.324576	0.6213595	0.9087858
26130	-87.84325	-211.971	124.1277	2.251076	0.8098892	1.727625
26136	-81.40888	-204.4101	123.0012	1.43744	5.248045	1.535346
26142	-81.68363	-204.5288	122.8452	2.066597	6.216656	0.9224334
26148	-77.2265	-199.8418	122.6153	2.066597	6.216656	1.145857
26154	-72.03213	-194.6538	122.6217	1.929266	6.532239	1.196895
26160	-67.23039	-192.367	125.1366	1.32116	0.5902425	1.871786
26166	-67.92388	-190.8475	122.9236	1.645411	2.229198	2.212589
26172	-69.39851	-192.4278	123.0293	1.053315	2.229198	2.521045
26178	-78.99257	-203.1615	124.1689	1.754765	2.632328	1.070978
26184	-64.08054	-189.7959	125.7154	1.676918	0.5901058	1.169442
26190	-62.34456	-187.4157	125.0711	2.069285	1.15368	0.7624085
26196	-62.41245	-185.3387	122.9263	2.745117	4.258951	0.5567327
26202	-72.12195	-196.0127	123.8908	2.328353	1.944516	1.134304
26208	-76.68831	-200.0275	123.3392	2.480841	2.582016	1.185606
26214	-71.4903	-195.9384	124.4481	2.655896	0.8823464	1.096828
26220	-72.60881	-198.0678	125.459	2.654706	0.4182504	0.6787889
26226	-72.98176	-196.8587	123.8769	2.403878	2.247197	0.9047376
26232	-77.64684	-200.2088	122.562	1.824563	4.576116	1.711388
26238	-69.83121	-192.1475	122.3163	1.956995	4.576116	1.790629
26244	-65.25216	-189.4278	124.1756	1.484713	1.401683	1.839672
26250	-62.36351	-186.2066	123.8431	1.94258	1.655165	1.622249
26256	-65.78382	-187.4599	121.676	1.680469	2.722518	2.817136
26262	-63.31796	-186.6875	123.3695	1.935605	2.929513	1.47218
26268	-66.36725	-189.5709	123.2036	1.874374	4.228362	1.271118
26274	-69.39912	-193.6361	124.237	1.472421	0.9534565	2.074931
26280	-79.10261	-203.2482	124.1456	1.726978	2.249724	1.282684
26286	-76.27414	-200.1412	123.867	1.567085	1.955671	1.736366
26292	-73.94751	-199.7383	125.7908	2.011056	0.2210303	1.431895
26298	-70.95373	-194.841	123.8873	1.898987	3.085891	1.010097
26304	-72.62251	-197.4595	124.837	2.018431	1.145317	1.085151
26310	-76.58683	-200.7972	124.2104	2.027063	1.859016	1.164285
26316	-71.82976	-195.0819	123.2521	1.397765	1.712941	2.357686
26322	-78.81519	-204.0296	125.2144	2.165475	0.9113194	0.7592674
26328	-74.31231	-198.5566	124.2443	1.913755	2.119315	1.097859
26334	-69.79315	-195.5524	125.7593	2.231021	0.3843947	0.9310285
26340	-70.4086	-195.6269	125.2183	1.573459	0.2759289	2.042343
26346	-71.28493	-197.4826	126.1976	1.847879	0.2423649	1.187104
26352	-75.59714	-198.8196	123.2224	2.288859	4.225815	0.858844
26358	-81.65386	-206.2359	124.582	1.870069	1.199026	1.385005
26364	-77.93236	-200.1053	122.1729	2.347163	1.199026	2.681311
26370	-76.80276	-201.6013	124.7985	2.368811	1.199026	0.6461958
26376	-75.16818	-199.0113	123.8431	2.396398	2.553629	0.7610098
26382	-77.06707	-197.8206	120.7535	2.396398	19.36279	0.8602412
26388	-81.00506	-203.3725	122.3674	2.241282	7.805841	0.8832073
26394	-76.08616	-201.2349	125.1488	2.378347	0.6792832	0.9194822
26400	-76.05109	-199.8908	123.8397	1.879553	2.003039	1.509872
26406	-75.85392	-200.9176	125.0636	1.581909	0.8543231	1.49719
26412	-74.09953	-197.7372	123.6377	1.557908	0.8516855	2.474992
26418	-73.40538	-196.5802	123.1748	2.203438	2.98001	1.399411
26424	-69.595	-192.959	123.364	2.160603	3.121138	1.233611
26430	-61.76345	-187.101	125.3376	1.579673	1.206403	0.9723275
26436	-66.52847	-189.1296	122.6011	1.75729	2.797229	2.168326
26442	-71.16856	-193.8779	122.7093	1.641082	2.334658	2.317094
26448	-62.50603	-186.8459	124.3399	1.245888	1.872527	1.664706
26454	-69.30708	-194.2109	124.9039	1.610243	0.5078858	1.920238
26460	-66.21473	-189.5212	123.3065	1.649349	3.075761	1.68258
26466	-73.71445	-196.6284	122.9139	1.97025	4.845747	1.276131
26472	-76.16872	-202.2586	126.0899	2.535823	0.2136566	0.5692677
26478	-78.59544	-205.122	126.5266	1.651294	0.2078398	1.155619
26484	-68.49459	-191.8909	123.3963	1.865341	2.949645	1.498379
26490	-72.05422	-196.555	124.5008	1.608487	0.6096307	2.086163
26496	-67.09019	-190.1876	123.0974	1.903685	3.393694	1.557807
26502	-65.72336	-189.4896	123.7662	1.830009	3.393694	1.074577
26508	-63.95868	-187.6822	123.7235	1.798913	2.50345	1.45628
26514	-73.74882	-198.7672	125.0183	2.106283	0.9571634	1.000915
26520	-76.1646	-201.1293	124.9647	2.393673	0.9571634	0.717791
26526	-76.40785	-200.4705	124.0626	2.294983	2.210148	0.8379474
26532	-78.63738	-201.7871	123.1497	2.294983	3.791772	1.079451
26538	-78.5094	-202.7492	124.2398	1.856658	1.239063	1.625695
26544	-82.20354	-207.9889	125.7854	1.494688	0.9792124	0.7996794
26550	-73.34479	-198.2177	124.8729	1.59863	0.9773604	1.528959
26556	-72.59879	-196.1735	123.5747	1.902777	3.680244	1.085812
26562	-66.86433	-190.7081	123.8438	1.941558	2.710008	1.163387
26568	-66.15456	-190.735	124.5805	2.184315	1.728577	0.6536248
26574	-76.99851	-201.1041	124.1056	2.032365	1.80954	1.274951
26580	-72.09555	-196.5496	124.4541	2.085183	1.185781	1.325103
26586	-67.03288	-190.134	123.1011	2.458341	4.479256	0.6731249
26592	-69.49921	-195.3048	125.8056	2.154882	0.5172062	0.6404281
26598	-71.79917	-195.5773	123.7782	2.720604	2.231203	0.5617296
26604	-77.45674	-202.557	125.1003	2.193692	1.09187	0.5569609
26610	-77.90454	-199.5701	121.6655	3.40123	4.634177	0.1520092
26616	-77.62601	-200.3985	122.7725	2.95146	2.680267	0.139121
26622	-78.72835	-200.6831	121.9548	1.708549	5.98616	1.947846
26628	-83.82297	-204.958	121.135	2.167989	7.639022	1.947846
26634	-74.52464	-199.2106	124.6859	1.585459	1.622654	1.266939
26640	-72.80781	-198.6986	125.8908	2.541613	0.2506269	0.7593561
26646	-68.70425	-192.474	123.7697	2.570432	2.354243	0.7593561
26652	-87.10806	-208.7095	121.6015	1.432374	6.522885	2.27834
26658	-81.06724	-204.4284	123.3612	1.71705	2.994426	1.619341
26664	-87.33986	-211.1249	123.785	1.577692	2.994426	1.406733
26670	-64.79577	-187.6736	122.8778	2.043414	5.568851	1.072505
26676	-61.76725	-187.7156	125.9484	1.417493	0.4896487	1.32328
26682	-65.9814	-191.0335	125.0521	2.436757	0.9036997	0.5004493
26688	-70.32382	-196.3997	126.0758	1.62185	0.5877758	0.8713608
26694	-65.75215	-191.5648	125.8127	2.202431	0.3988734	0.8713608
26700	-73.99859	-198.2334	124.2348	2.151039	1.268423	1.390453
26706	-70.19007	-196.15	125.9599	2.241932	0.2237897	1.092958
26712	-76.64578	-200.677	124.0313	2.116895	1.467571	1.452604
26718	-71.39287	-197.1585	125.7656	2.050252	0.4580175	0.9702916
26724	-73.73344	-199.5174	125.7839	2.018609	0.516447	0.8774936
26730	-81.20042	-204.4745	123.274	1.270321	2.565256	2.11742
26736	-81.13211	-205.222	124.0899	1.387949	2.565256	1.467265
26742	-81.81332	-208.012	126.1987	1.846506	0.3379056	0.9742954
26748	-92.32994	-217.4718	125.1418	2.131486	0.5632518	1.303165
26754	-82.57765	-207.287	124.7094	2.379756	0.7712197	1.222594
26760	-84.45309	-209.7737	125.3206	2.279462	0.7712197	0.6554263
26766	-78.73283	-203.753	125.0201	2.341838	0.9432371	0.7352361
26772	-70.38826	-195.7069	125.3187	2.239626	0.8211486	0.6143386
26778	-76.60166	-202.0428	125.4412	1.524687	0.541821	1.564943
26784	-70.64299	-195.2877	124.6447	1.749485	2.046143	0.9027607
26790	-71.89062	-196.1142	124.2236	2.176418	2.046143	0.8961487
26796	-71.04209	-196.4493	125.4073	2.209753	0.7058731	0.7653854
26802	-85.41334	-209.8892	124.4758	1.796746	0.871918	1.752634
26808	-78.65904	-203.0135	124.3545	1.876601	0.8799509	1.775405
26814	-80.19915	-204.9759	124.7767	1.629166	0.8799509	1.651953
26820	-80.01858	-202.8383	122.8197	2.806471	4.290125	0.6577305
26826	-72.55851	-197.4875	124.929	2.250031	1.179586	0.6577305
26832	-76.2394	-201.1631	124.9237	2.267095	1.209932	0.4622843
26838	-71.33583	-195.1546	123.8187	2.785138	2.049554	0.4622843
26844	-67.80743	-191.9083	124.1008	2.157323	2.077363	1.025603
26850	-62.02544	-186.8321	124.8067	1.546588	1.164491	1.484211
26856	-66.015	-189.1881	123.1731	1.688595	4.268701	1.432582
26862	-70.16054	-195.2836	125.1231	2.169468	0.8291451	0.9719977
26868	-69.21902	-194.2673	125.0482	1.909763	0.8591633	1.246719
26874	-94.9132	-214.4432	119.53	0.9364787	1.477545	4.897405
26880	-75.80812	-201.3996	125.5915	1.961593	0.3387056	1.401141
26886	-71.08649	-196.4701	125.3836	1.943644	0.6849364	1.109697
26892	-78.56332	-202.1467	123.5834	2.738046	2.587019	0.5459477
26898	-67.81378	-192.5906	124.7769	2.60813	0.9998913	0.5459477
26904	-75.39174	-200.1008	124.709	1.943953	1.677786	0.8685897
26910	-66.56912	-190.6618	124.0927	2.013719	1.677786	1.369587
26916	-67.18524	-190.0884	122.9031	2.217933	3.706811	1.378663
26922	-66.82001	-190.4241	123.6041	1.966559	2.151958	1.557226
26928	-70.44256	-194.8758	124.4332	2.184041	0.776468	1.585259
26934	-71.15997	-196.2957	125.1357	1.759975	0.7823971	1.369196
26940	-68.31391	-193.1972	124.8833	1.671087	0.5894848	1.806206
26946	-74.03335	-197.4674	123.434	1.554375	1.644292	2.170052
26952	-75.38491	-200.6739	125.289	0.8786789	0.3968986	2.277355
26958	-81.20601	-206.9624	125.7564	0.9462459	0.3968986	1.926122
26964	-74.82004	-197.0655	122.2455	1.237825	3.251728	2.600757
26970	-80.09957	-205.9386	125.839	1.354278	0.3201739	1.697234
26976	-73.46513	-199.3301	125.865	2.002552	0.3774309	1.067965
26982	-72.72347	-197.1727	124.4492	1.89464	1.858794	1.067965
26988	-71.67498	-196.9197	125.2448	1.982097	0.944401	0.9073586
26994	-67.02092	-191.3178	124.2969	0.9742969	1.010478	2.321241
27000	-76.29906	-201.8407	125.5416	2.525409	0.3751706	0.8651859
27006	-76.74289	-203.0314	126.2885	2.413655	0.1057993	0.9953938
27012	-73.58229	-198.0373	124.455	1.930476	1.864249	1.02487
27018	-72.20951	-196.5894	124.3799	1.751036	2.52144	0.9155597
27024	-78.3787	-200.4706	122.0919	1.7248	3.140759	2.420535
27030	-83.48008	-205.514	122.0339	1.923389	5.408077	1.847142
27036	-77.6834	-202.0634	124.38	2.497862	1.436457	0.8032014
27042	-73.31239	-198.5113	125.1989	2.191143	0.6516876	1.093168
27048	-71.24891	-195.4871	124.2382	2.179338	1.943652	0.9429992
27054	-73.33245	-198.0092	124.6767	2.480535	1.251954	0.5174105
27060	-78.19453	-197.9134	119.7188	2.354393	36.30342	0.7739099
27066	-83.63384	-208.5285	124.8947	3.365599	0.3666217	0.5573607
27072	-84.27805	-208.577	124.299	2.143542	0.3693323	2.135009
27078	-86.66422	-209.2267	122.5625	2.061875	3.581192	1.776598
27084	-75.59719	-199.0454	123.4482	1.907436	1.099172	2.212385
27090	-74.77737	-199.945	125.1676	1.705162	0.8115829	1.360014
27096	-70.38939	-195.0858	124.6965	2.225925	0.8115829	1.320455
27102	-85.52363	-210.4327	124.9091	2.726878	0.7247079	0.6971661
27108	-78.51214	-205.2493	126.7372	1.880266	0.1235104	1.009154
27114	-74.98215	-200.7301	125.7479	2.123332	0.422177	0.9799443
27120	-80.52734	-206.1181	125.5907	2.280518	0.422177	0.9799443
27126	-78.60433	-204.5604	125.956	2.041324	0.5075723	0.5819415
27132	-74.19409	-200.5148	126.3207	2.191163	0.1716057	0.9426332
27138	-81.18738	-207.7736	126.5862	1.943836	0.08141794	1.247408
27144	-72.0724	-195.7122	123.6398	1.270883	3.371807	1.629821
27150	-74.41461	-198.6865	124.2719	1.740168	1.928959	1.317268
27156	-72.9781	-199.1133	126.1352	1.442516	0.5630635	1.036707
27162	-78.01281	-203.7378	125.725	1.29955	0.5630635	1.497001
27168	-68.07559	-193.3544	125.2788	1.410273	0.2324978	2.183279
27174	-68.27891	-194.6378	126.3589	1.17794	0.2560954	1.560066
27180	-66.17664	-189.8025	123.6259	1.336354	1.83174	2.106995
27186	-54.26236	-180.2766	126.0142	2.036164	0.1836853	1.323916
27192	-70.23659	-195.2781	125.0415	1.403923	1.429037	1.238951
27198	-62.96634	-189.6861	126.7198	2.103551	0.085016	0.9634488
27204	-69.39999	-193.6852	124.2852	2.129369	1.336283	1.323781
27210	-69.16042	-192.7543	123.5939	1.506598	0.5635532	2.765583
27216	-69.20636	-194.6476	125.4413	1.119894	0.1918687	2.340786
27222	-69.92816	-194.7753	124.8472	1.677624	1.188231	1.334958
27228	-67.39955	-192.7713	125.3717	2.731063	0.4315877	0.6510282
27234	-85.06929	-208.5213	123.452	1.376381	4.363583	1.435157
27240	-67.17275	-193.2597	126.087	1.901164	0.5155877	0.4383607
27246	-67.45184	-192.7948	125.343	1.854994	0.8765081	1.0136
27252	-69.34314	-193.8326	124.4895	1.566391	0.8525216	1.916515
27258	-66.64423	-189.9164	123.2722	1.090859	2.193414	2.356871
27264	-66.91868	-191.9173	124.9986	1.456927	0.8664145	1.627006
27270	-64.42241	-189.7237	125.3012	1.526012	0.8664145	1.346555
27276	-66.13935	-192.1621	126.0228	1.556777	0.5178126	1.101619
27282	-77.2462	-201.3614	124.1152	1.82321	1.81633	1.42996
27288	-82.90679	-208.1294	125.2226	1.189701	0.3627172	2.163474
27294	-83.8325	-204.5777	120.7452	1.40757	4.80098	3.090581
27300	-77.91112	-203.3997	125.4886	1.752444	0.6116288	1.271179
27306	-80.29249	-205.8286	125.5362	2.077576	0.6116288	0.9268719
27312	-79.22143	-202.9604	123.739	2.041001	2.098273	1.422215
27318	-80.24425	-204.1951	123.9508	2.292709	2.098273	1.028312
27324	-84.99548	-211.2242	126.2287	1.679191	0.2848827	1.212848
27330	-79.07049	-205.2179	126.1474	2.102585	0.2624183	0.944549
27336	-71.34724	-196.3585	125.0113	1.62791	0.7605333	1.58336
27342	-90.09096	-215.8845	125.7935	2.485018	0.3520485	0.4108782
27348	-80.57933	-207.436	126.8567	2.485018	0.02915811	0.6070452
27354	-63.36911	-189.1266	125.7575	2.035564	0.5172022	0.8869882
27360	-71.06871	-194.8564	123.7877	1.657341	3.212965	1.268785
27366	-80.74735	-203.6902	122.9429	2.018075	1.14193	2.438817
27372	-71.57765	-197.0837	125.5061	2.123022	0.6443943	0.8568547
27378	-70.97431	-195.8916	124.9173	2.230405	0.9885474	0.9442166
27384	-75.72613	-198.7631	123.037	2.43892	2.789399	1.388457
27390	-64.60398	-190.3505	125.7465	2.56642	0.2651169	0.8665986
27396	-75.38171	-200.9845	125.6028	1.951104	0.2856349	1.492773
27402	-78.39809	-204.0477	125.6496	1.951104	0.2856349	1.457371
27408	-68.15947	-191.2275	123.068	1.951104	2.817256	1.716699
27414	-71.3995	-196.52	125.1205	2.038444	1.098536	0.8063823
27420	-66.44779	-190.9415	124.4937	2.108208	1.931693	0.7183809
27426	-71.55977	-194.875	123.3152	2.010954	5.199698	0.7183809
27432	-70.01335	-194.2316	124.2183	1.950041	2.205338	1.043686
27438	-75.30903	-199.3214	124.0123	1.566339	2.205338	1.529656
27444	-63.36408	-189.0329	125.6688	1.196134	1.080233	1.131248
27450	-67.10787	-192.0177	124.9098	1.330191	1.701235	1.248717
27456	-70.21674	-193.9922	123.7755	1.487508	1.127221	2.255398
27462	-81.62227	-205.8575	124.2352	1.604573	1.922957	1.454933
27468	-80.8856	-205.5472	124.6616	1.592996	1.595591	1.296155
27474	-80.30976	-205.042	124.7323	1.864434	1.043232	1.383793
27480	-82.74071	-206.9736	124.2329	1.939112	1.543761	1.391171
27486	-81.43768	-207.3622	125.9245	2.009021	0.2882513	1.183913
27492	-73.1311	-195.2764	122.1453	2.68435	7.610868	0.5906505
27498	-64.37903	-185.6588	121.2797	2.572909	14.10053	0.5906505
27504	-69.51625	-193.9349	124.4187	2.056396	2.008781	0.8328436
27510	-62.76256	-188.4619	125.6993	1.853116	0.4832992	1.176647
27516	-59.24548	-184.3362	125.0907	2.025017	0.993641	0.9722314
27522	-68.30234	-191.7456	123.4433	1.583691	4.485605	1.246427
27528	-69.38148	-193.4535	124.072	1.513956	1.433675	1.873754
27534	-81.40004	-206.4318	125.0318	1.484006	1.433675	1.175889
27540	-87.74344	-214.3486	126.6052	1.71297	0.1250099	1.271432
27546	-77.76302	-202.8342	125.0711	1.56522	0.7513848	1.59364
27552	-74.41318	-197.6813	123.2682	1.45254	1.402732	2.452924
27558	-73.21039	-197.7482	124.5378	1.012399	1.119319	2.073307
27564	-70.94148	-196.651	125.7095	1.316628	0.435009	1.651723
27570	-71.11311	-197.1116	125.9985	1.593139	0.435009	1.215754
27576	-78.44637	-204.0109	125.5645	1.809691	0.5352682	1.25588
27582	-78.67138	-205.7771	127.1057	1.23403	0.08160412	1.39977
27588	-81.52767	-207.6561	126.1285	1.19328	0.3397248	1.573861
27594	-98.16823	-222.5466	124.3784	1.832877	2.822051	0.5546244
27600	-86.39055	-212.046	125.6554	1.726925	0.1650206	1.857381
27606	-78.54527	-204.2344	125.6891	1.396383	0.3793818	1.685055
27612	-79.98712	-205.9447	125.9576	1.210652	0.4695126	1.502866
27618	-80.21538	-204.4867	124.2713	1.880952	2.058659	1.134244
27624	-77.3615	-203.4522	126.0907	1.71548	0.4144502	1.057985
27630	-70.09857	-194.797	124.6984	2.393014	1.313537	0.592993
27636	-67.10654	-193.6106	126.5041	2.04785	0.1559081	0.9557851
27642	-63.10156	-188.5707	125.4692	1.782384	0.5458438	1.342168
27648	-66.68856	-190.9689	124.2803	2.17504	1.352088	1.280379
27654	-82.37758	-205.2668	122.8892	1.349938	3.513113	2.0545
27660	-74.18486	-197.3101	123.1253	0.8390742	2.889855	2.3944
27666	-76.24249	-199.6836	123.4411	1.181724	1.698911	2.38072
27672	-75.17194	-197.3356	122.1636	1.280549	5.891326	2.108618
27678	-73.7888	-197.9355	124.1467	1.513921	1.385066	1.848303
27684	-78.91972	-204.5886	125.6689	1.435773	0.2433689	1.888289
27690	-86.0884	-211.0804	124.992	1.563736	0.3063691	2.149822
27696	-85.54134	-207.7932	122.2518	1.220853	1.739856	3.069316
27702	-80.2974	-205.0676	124.7702	1.741064	1.795695	0.9407173
27708	-75.97622	-201.4312	125.455	0.9349022	0.4375917	2.083643
27714	-72.66956	-195.5691	122.8996	1.676602	3.447693	1.844396
27720	-76.16708	-200.4286	124.2615	2.413755	1.904066	0.6002258
27726	-72.11864	-196.4781	124.3595	2.290119	1.904066	0.6621338
27732	-64.66863	-191.271	126.6024	1.306413	0.2901404	1.201308
27738	-73.50764	-197.876	124.3684	1.069101	0.7664966	2.38551
27744	-71.89718	-196.8474	124.9502	1.602079	0.5771379	1.820302
27750	-83.01115	-206.4085	123.3974	1.62917	5.690965	0.9365302
27756	-70.41392	-195.7334	125.3195	1.864235	0.5894056	1.343727
27762	-74.91295	-200.0938	125.1809	2.636888	0.5894056	0.7022444
27768	-71.64717	-198.1525	126.5053	2.479086	0.00347615	0.6924244
27774	-81.45665	-207.3396	125.883	3.163701	0.08634731	0.658468
27780	-79.66081	-205.3987	125.7379	1.389445	0.8788988	1.078729
27786	-70.38736	-195.3559	124.9685	2.255771	0.5252214	1.38931
27792	-70.95541	-195.8448	124.8893	2.847899	0.6682128	0.6429549
27798	-80.14643	-203.6924	123.546	2.294706	3.572621	0.7148342
27804	-72.21394	-195.9734	123.7595	3.175421	1.515051	0.4134857
27810	-70.78725	-193.7968	123.0095	3.722083	1.515051	0.2371433
27816	-75.54681	-199.109	123.5622	3.311982	1.57595	0.3806967
27822	-72.41487	-196.8006	124.3857	2.098007	2.271142	0.5193836
27828	-70.77766	-194.4024	123.6248	3.19867	1.611273	0.3462426
27834	-81.62271	-204.7276	123.1049	3.256476	2.377823	0.3380772
27840	-73.85269	-200.0793	126.2267	2.592178	0.1498654	0.411675
27846	-72.30789	-198.2128	125.9049	2.04411	0.3519135	1.040212
27852	-65.44261	-191.3123	125.8696	1.764153	0.5247863	1.040212
27858	-58.20916	-184.0305	125.8213	1.720734	0.5275758	1.121489
27864	-62.06187	-188.0922	126.0303	1.638289	0.3889707	1.224297
27870	-60.84131	-187.6012	126.7599	1.688282	0.1286696	1.148704
27876	-65.70947	-191.0694	125.36	1.420349	1.389542	0.9582854
27882	-66.45618	-191.4819	125.0257	1.244295	1.42721	1.381977
27888	-75.75948	-200.5143	124.7549	2.365123	1.123902	0.8264464
27894	-72.81655	-197.3108	124.4943	1.463523	0.2489733	2.617603
27900	-78.99612	-204.4503	125.4541	1.552322	0.2584567	1.928143
27906	-77.8401	-201.4933	123.6532	1.281173	1.820905	2.129681
27912	-84.08975	-208.466	124.3763	1.56558	1.820905	1.42506
27918	-78.23764	-203.3092	125.0716	1.40101	0.4357161	2.031276
27924	-84.17561	-209.7385	125.5629	2.117661	0.5163121	1.007866
27930	-86.72429	-212.3309	125.6066	1.625954	0.7313942	1.140934
27936	-87.19618	-209.3516	122.1554	1.940273	6.498744	1.561141
27942	-85.64231	-209.9934	124.351	2.203137	1.595295	1.032955
27948	-80.22514	-204.4454	124.2202	1.433906	1.595295	1.745217
27954	-74.89123	-200.0187	125.1275	1.669577	0.5348072	1.694665
27960	-66.01909	-191.4885	125.4694	1.873537	0.4681496	1.370678
27966	-73.32475	-197.8738	124.549	2.000848	1.672097	0.9848738
27972	-70.63401	-195.3477	124.7137	1.892995	1.564731	1.002496
27978	-68.36492	-193.9094	125.5445	1.892995	0.3623883	1.451807
27984	-67.32049	-192.3656	125.0451	2.028623	0.8119434	1.194424
27990	-78.17332	-202.4602	124.2868	2.146227	1.592796	1.146558
27996	-84.72961	-209.0182	124.2886	1.816396	2.194717	1.108234
28002	-73.67656	-199.3238	125.6472	1.333541	0.6026987	1.485704
28008	-76.2877	-199.2795	122.9918	1.815929	5.717163	1.141641
28014	-76.51602	-201.777	125.2609	1.351054	1.0392	1.374855
28020	-86.95871	-208.934	121.9753	1.808333	4.333065	2.168781
28026	-93.01926	-216.9958	123.9766	1.465254	1.079008	2.168781
28032	-76.55432	-201.8215	125.2672	2.370872	0.7460254	0.3822592
28038	-80.10371	-204.6203	124.5165	1.677406	2.619441	0.7809941
28044	-75.17694	-202.5018	127.3248	1.696065	0.06973312	0.8189929
28050	-77.61456	-202.7757	125.1611	2.342677	0.8897169	0.5107079
28056	-72.39677	-197.0559	124.6592	2.814606	0.8897169	0.6332143
28062	-73.20382	-197.5525	124.3487	2.955656	1.079049	0.4404383
28068	-66.15056	-187.9556	121.805	3.183591	6.61409	0.3407925
28074	-69.20664	-188.6521	119.4455	3.227945	26.67249	0.3220186
28080	-68.76162	-193.1261	124.3645	2.867756	1.14058	0.4004408
28086	-67.35101	-189.811	122.46	2.980822	4.687483	0.3045836
28092	-65.80876	-188.1651	122.3564	3.011032	4.941051	0.3045836
28098	-70.38072	-194.8133	124.4326	2.69824	1.267671	0.5877714
28104	-63.69278	-187.0338	123.3411	2.69824	3.229634	0.5536458
28110	-71.43594	-194.7771	123.3412	1.995363	3.229634	1.351081
28116	-67.73099	-191.4379	123.7069	1.841285	3.229634	1.175755
28122	-69.9519	-193.1756	123.2237	1.851895	4.598727	1.175755
28128	-66.23212	-190.969	124.7369	1.483962	1.482843	1.3877
28134	-82.82294	-206.7076	123.8847	3.13197	1.341766	0.3381273
28140	-69.61018	-193.9535	124.3433	1.838913	2.47303	0.8846252
28146	-80.49217	-203.5583	123.0662	2.304516	5.087043	0.6950399
28152	-80.1074	-202.0924	121.985	2.072224	8.559575	1.270436
28158	-77.14766	-201.1329	123.9852	1.912867	0.9648027	1.94153
28164	-76.08955	-200.376	124.2864	2.103647	1.313878	1.357704
28170	-74.57189	-199.4427	124.8708	2.051058	1.429815	0.748438
28176	-81.31191	-204.5594	123.2475	2.451862	3.565429	0.9044572
28182	-76.0091	-200.3117	124.3026	2.62249	1.544051	0.5554929
28188	-69.08458	-191.1698	122.0852	2.584532	8.529983	0.5239918
28194	-66.36354	-191.2069	124.8434	2.077206	1.435839	0.7433759
28200	-61.98607	-188.6311	126.645	1.809093	0.08323585	1.303027
28206	-59.09515	-185.004	125.9089	2.293379	0.3663732	0.7019489
28212	-62.70632	-186.493	123.7867	1.769221	4.534615	0.6453776
28218	-66.48053	-192.4093	125.9288	2.259858	0.3570879	0.3104962
28224	-68.88351	-194.8303	125.9468	2.259857	0.3897658	0.5865937
28230	-63.51164	-189.9629	126.4513	1.700854	0.3433557	0.8420731
28236	-69.7775	-194.0254	124.2479	2.094744	2.490983	0.631354
28242	-73.02196	-196.677	123.655	1.830531	4.24975	0.8801079
28248	-74.90569	-200.9088	126.0032	1.513922	0.3788329	1.364186
28254	-72.12486	-197.0512	124.9264	1.826968	0.9121918	1.365515
28260	-75.34627	-198.9099	123.5636	1.896903	3.127411	1.28461
28266	-78.02595	-201.4785	123.4526	1.942796	3.127411	1.33728
28272	-77.75245	-199.835	122.0825	0.6390626	4.121072	2.874803
28278	-76.17572	-200.1325	123.9568	0.7706736	0.5482889	3.005366
28284	-84.31062	-209.2938	124.9832	1.926705	1.27376	0.9193526
28290	-76.85352	-202.7079	125.8544	1.430987	0.536512	1.326802
28296	-75.48752	-201.4666	125.9791	1.341333	0.7640928	1.02138
28302	-74.59028	-200.0101	125.4198	1.665046	1.144657	0.8466708
28308	-77.55072	-202.195	124.6443	0.9696774	0.2579754	2.814036
28314	-82.55592	-206.8266	124.2706	1.242438	1.132667	2.089725
28320	-75.46186	-199.104	123.6421	0.9409063	2.076716	2.257955
28326	-72.27678	-194.9385	122.6617	1.561847	8.423018	1.149644
28332	-79.92578	-200.9845	121.0588	1.509594	8.423018	2.330589
28338	-76.81075	-201.9899	125.1792	1.265789	0.4209725	2.067488
28344	-76.47511	-200.7421	124.267	1.398494	1.280348	1.902441
28350	-84.09826	-208.8773	124.779	1.896951	0.4387587	1.89106
28356	-79.49589	-204.0439	124.5481	1.603715	1.297044	1.549956
28362	-78.32246	-202.1177	123.7953	1.817838	3.176946	1.137307
28368	-87.50729	-212.9308	125.4236	1.544885	0.7684994	1.324696
28374	-81.20071	-205.9028	124.7021	1.089929	1.413138	1.74216
28380	-82.54302	-205.2024	122.6594	2.118728	5.920734	1.123048
28386	-90.84136	-215.4208	124.5794	1.634801	1.887321	1.169276
28392	-88.11562	-214.0831	125.9675	1.461633	0.6368992	1.075845
28398	-96.84218	-219.1852	122.343	2.043901	7.981887	1.075845
28404	-86.03899	-211.0735	125.0345	1.810802	1.051442	1.172779
28410	-91.3199	-214.0178	122.6979	2.472669	6.099262	0.4741597
28416	-93.77877	-213.3772	119.5984	2.195099	41.28056	0.8193616
28422	-91.38551	-212.3534	120.9679	1.720954	19.55855	1.281197
28428	-86.57536	-209.1913	122.6159	1.802711	7.84776	1.070231
28434	-90.13914	-211.4389	121.2998	1.926256	17.71554	0.9472585
28440	-81.419	-204.8236	123.4046	1.895089	3.597159	1.267002
28446	-81.62781	-203.0577	121.4299	2.009075	15.92534	0.9134812
28452	-83.27939	-204.5708	121.2914	2.371828	15.92534	0.503607
28458	-70.84402	-195.258	124.4139	1.948088	1.96207	0.98912
28464	-79.93421	-202.9157	122.9815	1.856953	4.770532	1.330883
28470	-69.47965	-193.2546	123.7749	1.843759	3.880555	0.8679439
28476	-72.77492	-196.4048	123.6299	2.189339	3.793021	0.5892491
28482	-69.54012	-194.1551	124.615	1.595506	1.780202	1.230212
28488	-73.15188	-196.9494	123.7975	2.139932	3.422183	0.6372165
28494	-71.42175	-196.0366	124.6148	2.059497	1.894633	0.618877
28500	-67.24933	-193.1585	125.9092	1.702316	0.4941416	1.107915
28506	-64.61297	-189.3692	124.7562	1.593982	1.874114	1.053017
28512	-67.68891	-194.1785	126.4896	2.427577	0.1172993	0.6564493
28518	-68.56251	-194.9226	126.3601	2.534318	0.1250967	0.6396622
28524	-68.45201	-195.0049	126.5529	2.216325	0.003188449	0.9279793
28530	-71.35953	-198.1263	126.7668	2.530012	0.02969109	0.6988894
28536	-70.07182	-194.1674	124.0956	1.83592	2.341995	1.192516
28542	-76.57904	-200.7899	124.2109	1.720632	2.341995	1.192516
28548	-72.57436	-197.7766	125.2022	2.044464	0.8458793	0.9991728
28554	-67.99669	-193.9352	125.9385	1.52919	0.2051324	1.710841
28560	-75.83492	-201.4673	125.6324	1.298551	0.3443093	1.843413
28566	-82.27653	-207.2629	124.9864	1.654076	1.513623	1.005524
28572	-78.76193	-204.7862	126.0242	2.29894	0.09688036	1.359584
28578	-80.22539	-202.6915	122.4661	1.993829	6.34147	1.308788
28584	-73.18827	-198.4416	125.2534	1.701817	0.7087328	1.394347
28590	-85.74081	-208.4547	122.7139	2.590066	5.164505	0.767072
28596	-80.73987	-206.3535	125.6136	2.325361	0.4519702	0.844923
28602	-77.09469	-202.8726	125.778	1.90152	0.7229688	0.6085162
28608	-93.46793	-217.1979	123.73	1.238215	4.766322	1.225311
28614	-82.72881	-209.0225	126.2937	1.550847	0.1224151	1.640794
28620	-81.4381	-207.352	125.9139	1.64383	0.8414945	0.5009168
28626	-73.65358	-199.5417	125.8881	1.915051	0.6450911	0.5009743
28632	-74.32396	-200.4168	126.0929	1.613844	0.7177205	0.5060411
28638	-73.07914	-199.7796	126.7005	1.734134	0.2197755	0.8656345
28644	-81.26331	-206.2883	125.025	2.200509	1.126236	0.3677872
28650	-68.59425	-194.9031	126.3089	2.140225	0.2734079	0.393836
28656	-73.63667	-200.0582	126.4216	1.721474	0.2734079	1.025219
28662	-80.49103	-206.0224	125.5313	1.86577	0.4123161	1.407164
28668	-70.23554	-193.3645	123.129	1.790723	4.392052	1.357046
28674	-60.97874	-187.6958	126.7171	2.317846	0.0909329	0.6396224
28680	-67.15391	-192.1255	124.9716	1.888609	1.106929	1.112973
28686	-65.30192	-190.097	124.7951	1.715923	1.27123	1.288704
28692	-74.1533	-198.7552	124.6019	2.063832	1.27123	1.157818
28698	-68.62243	-194.7601	126.1376	1.818654	0.2922039	1.155788
28704	-76.23983	-201.2165	124.9766	1.820393	0.3560866	1.9177
28710	-74.84962	-201.386	126.5364	1.605467	0.04759057	1.669294
28716	-66.80627	-192.4433	125.6371	1.930114	0.4081776	1.277846
28722	-72.66922	-197.8404	125.1712	1.854949	0.835144	1.212209
28728	-69.11406	-194.6663	125.5523	1.835423	0.835144	0.8595003
28734	-64.77448	-187.8371	123.0626	2.019766	6.395158	0.608435
28740	-60.06534	-186.8572	126.7919	1.67757	0.1609221	1.02201
28746	-58.16112	-183.6337	125.4726	1.624274	0.9469103	1.038623
28752	-66.04835	-191.3491	125.3007	1.951316	0.8136546	1.030424
28758	-67.86329	-193.7095	125.8462	2.209068	0.4739188	0.5764745
28764	-69.2408	-195.5169	126.2761	1.713744	0.4081534	0.8800779
28770	-70.0208	-195.9454	125.9246	2.381001	0.3439313	0.5665469
28776	-62.96787	-189.2475	126.2796	2.381001	0.1874037	0.6795117
28782	-65.44241	-191.8254	126.383	2.907657	0.0336819	0.3558647
28788	-72.11267	-197.1633	125.0507	3.012192	0.4634116	0.4040217
28794	-63.3628	-188.4027	125.0399	1.659715	1.788477	0.7035726
28800	-63.28196	-189.2271	125.9451	1.976535	0.487949	0.7870243
28806	-55.10422	-180.4519	125.3477	1.925854	0.7908295	1.035611
28812	-65.25396	-188.9858	123.7319	1.908726	0.8887873	2.164988
28818	-65.50494	-189.9594	124.4545	2.035177	0.6239573	1.816588
28824	-70.0719	-193.8039	123.732	1.707468	3.203038	1.27661
28830	-69.89442	-195.3986	125.5042	1.719228	0.43818	1.503059
28836	-69.04573	-194.6893	125.6436	1.987103	0.4118292	1.219084
28842	-79.54468	-201.9219	122.3772	1.418693	5.061812	2.019128
28848	-76.48324	-202.8549	126.3716	1.545116	0.4617913	0.8509055
28854	-76.67159	-201.6774	125.0058	1.582948	1.670226	0.9458805
28860	-78.11025	-204.3302	126.22	1.747986	0.1428087	1.494197
28866	-71.74412	-196.1871	124.443	1.828576	1.756202	1.191361
28872	-65.05066	-191.8246	126.774	1.971742	0.1261866	0.8598359
28878	-57.9504	-184.2568	126.3064	1.802983	0.3405973	0.8992598
28884	-66.80484	-191.55	124.7452	1.690884	0.9209237	1.598167
28890	-62.53548	-187.2677	124.7322	1.687941	0.6837622	1.808079
28896	-62.59694	-189.2318	126.6349	1.739421	0.193364	1.01329
28902	-69.06563	-195.4575	126.3919	2.28592	0.1858319	0.6548504
28908	-78.67048	-205.3518	126.6813	1.868606	0.1858319	0.8481577
28914	-77.2502	-203.793	126.5428	2.180668	0.007282833	1.229375
28920	-74.40483	-200.2318	125.827	1.730318	0.2683311	1.521962
28926	-78.48233	-204.502	126.0196	1.537632	0.2683311	1.521962
28932	-86.51923	-209.9154	123.3962	2.58239	3.362	0.5881874
28938	-79.46374	-206.1004	126.6366	2.745541	0.01457339	0.4914488
28944	-84.88462	-209.248	124.3634	2.692234	1.376347	0.4773586
28950	-78.77429	-202.696	123.9217	2.685854	2.021227	0.5937767
28956	-84.72996	-206.9352	122.2052	2.97165	6.035173	0.4311544
28962	-71.82654	-195.2194	123.3928	2.170525	3.66689	1.008223
28968	-73.4723	-198.7176	125.2453	1.719682	0.7722621	1.323814
28974	-74.738	-200.4823	125.7443	2.296892	0.3665773	0.9145478
28980	-68.09929	-194.5037	126.4044	1.697778	0.2602972	1.095064
28986	-62.79242	-189.0944	126.302	1.847052	0.2419131	1.096075
28992	-62.05646	-185.0039	122.9475	1.145049	2.953039	2.295522
28998	-66.22499	-192.5275	126.3025	1.165251	0.1671169	1.793748
29004	-69.09118	-193.1709	124.0797	1.965315	2.106798	1.204048
29010	-74.62882	-199.2183	124.5895	2.326005	0.8099392	1.327521
29016	-69.78495	-194.8805	125.0956	1.849385	0.8099392	1.303769
29022	-72.1492	-198.0986	125.9494	1.675963	0.4870424	1.106103
29028	-67.40154	-193.0023	125.6008	1.395326	0.808873	1.262908
29034	-67.54137	-192.761	125.2196	1.859944	1.007878	0.9945953
29040	-61.10957	-185.2385	124.1289	2.541142	1.89871	0.623523
29046	-58.83236	-184.4813	125.6489	2.366401	0.3211877	1.040371
29052	-62.53587	-188.9228	126.3869	1.928919	0.1377852	1.2335
29058	-68.49121	-194.7694	126.2782	1.100508	0.2028726	1.777949
29064	-72.74948	-195.9943	123.2448	1.664343	2.519123	1.889216
29070	-72.61891	-198.7019	126.083	2.048307	0.1884169	1.245615
29076	-71.80599	-197.9511	126.1451	1.798062	0.2551188	1.245615
29082	-71.817	-196.8362	125.0192	1.303311	1.025205	1.603283
29088	-73.89926	-197.9026	124.0033	2.171671	1.027997	1.70702
29094	-75.3571	-201.1191	125.762	2.364514	0.3682596	0.808653
29100	-80.66137	-205.1295	124.4682	1.671048	1.532869	1.422684
29106	-77.20123	-200.9591	123.7579	1.781459	1.528449	1.857606
29112	-69.9278	-194.8331	124.9053	2.068538	1.049206	1.058227
29118	-69.04874	-195.0099	125.9612	1.912547	0.5300626	0.7574097
29124	-65.20153	-190.8071	125.6056	1.728102	0.5180024	1.311648
29130	-63.92344	-190.0837	126.1603	1.396218	0.2693721	1.520599
29136	-77.46885	-199.7474	122.2785	1.778205	7.785497	1.386756
29142	-73.57615	-198.7306	125.1544	1.478581	0.4462377	1.911103
29148	-74.66575	-199.4527	124.787	1.743124	1.184707	1.333214
29154	-73.97518	-200.1225	126.1473	1.734389	0.4597547	0.8960769
29160	-74.22381	-198.1843	123.9605	2.678796	1.97538	0.5773346
29166	-76.24922	-199.6827	123.4335	1.890794	4.968887	0.8132866
29172	-69.69964	-194.5422	124.8426	1.433915	1.712256	1.21185
29178	-70.30728	-194.7993	124.492	1.676332	1.881615	1.21185
29184	-77.83384	-200.9491	123.1153	2.388138	2.718358	1.392246
29190	-67.87448	-191.3286	123.4541	1.775388	3.368776	1.392246
29196	-69.78149	-194.4848	124.7034	1.954445	1.448398	1.035958
29202	-65.68916	-188.4804	122.7913	1.589946	5.964391	1.440754
29208	-67.8229	-191.7031	123.8802	1.811695	2.687879	1.251901
29214	-71.7913	-193.3224	121.5311	1.784524	15.93605	1.038908
29220	-72.093	-195.7479	123.6549	2.272492	3.381358	0.3488877
29226	-70.95686	-194.2869	123.3301	2.348508	4.166612	0.6292424
29232	-63.93466	-188.9339	124.9992	1.869854	1.590881	0.6292424
29238	-70.26083	-194.412	124.1511	2.417079	1.704933	0.2237664
29244	-72.6103	-197.0845	124.4742	1.819585	2.648557	0.5361855
29250	-79.7607	-204.021	124.2603	1.934356	2.648557	0.7604512
29256	-77.78227	-202.204	124.4218	2.296612	1.705668	0.3077041
29262	-79.35165	-203.5084	124.1568	2.296612	1.705668	0.184532
29268	-76.27705	-200.1389	123.8618	2.502129	1.626956	0.1490128
29274	-76.54872	-198.1509	121.6022	2.638237	9.062537	0.1932938
29280	-65.97209	-188.1288	122.1567	2.150861	9.062537	0.2165794
29286	-60.66261	-186.2275	125.5649	1.986398	0.8051214	0.6722081
29292	-66.28835	-191.7706	125.4822	1.856985	0.8051214	0.952508
29298	-66.73636	-193.3037	126.5673	1.909498	0.1372061	1.094152
29304	-77.69238	-203.7506	126.0583	1.402301	0.6663001	1.006828
29310	-76.76675	-197.9712	121.2045	2.026346	19.52672	0.731155
29316	-72.80652	-195.9631	123.1566	2.300228	4.955978	0.5787418
29322	-77.23436	-201.6573	124.4229	1.911073	2.537718	0.5922371
29328	-68.09678	-191.9727	123.876	1.96948	3.27138	0.865877
29334	-59.41215	-183.0372	123.625	1.586264	3.27138	1.435815
29340	-67.42773	-191.8862	124.4584	1.568885	2.186342	1.181278
29346	-78.00052	-201.8196	123.8191	2.677541	2.198408	0.6252569
29352	-82.50354	-206.97	124.4665	1.706773	2.198408	1.042586
29358	-79.60363	-203.69	124.0863	1.915708	2.198408	1.197408
29364	-75.42851	-199.9995	124.571	1.656135	1.187543	1.562939
29370	-82.27312	-207.4982	125.225	1.603008	0.7594277	1.443305
29376	-83.34641	-206.8383	123.4919	1.626306	4.132491	1.263615
29382	-77.3447	-203.3646	126.0199	2.127137	0.3165574	0.9160875
29388	-75.3084	-200.8709	125.5625	1.927862	0.7565804	0.8479456
29394	-69.44925	-195.391	125.9418	1.61494	0.3648972	1.35515
29400	-79.5016	-204.1802	124.6786	2.024737	1.191736	1.184239
29406	-80.05645	-205.0565	125	2.135567	0.8155981	1.136489
29412	-88.20613	-211.9866	123.7805	2.166073	2.765528	0.988792
29418	-80.75308	-204.4116	123.6585	1.996452	2.765528	1.253001
29424	-85.06166	-209.1723	124.1106	1.886822	2.765528	0.9358443
29430	-81.51037	-205.7724	124.262	2.025534	0.7912482	1.806589
29436	-87.55359	-211.8178	124.2642	1.962684	0.7912482	1.848317
29442	-80.36638	-205.0356	124.6693	1.916722	1.838412	0.8229605
29448	-80.34096	-205.0307	124.6898	1.646319	1.273221	1.425956
29454	-71.75142	-196.2011	124.4496	1.378367	0.4707334	2.407547
29460	-72.10709	-196.1544	124.0473	1.460673	1.37872	1.955258
29466	-73.60583	-197.0103	123.4045	1.233202	1.57374	2.425644
29472	-57.07285	-181.4409	124.368	1.565255	1.910768	1.388535
29478	-65.39511	-189.7115	124.3164	2.026562	1.575918	1.234517
29484	-72.98457	-197.5456	124.5611	2.132296	1.575918	0.9029113
29490	-72.97608	-197.7219	124.7458	1.898994	1.07209	1.323717
29496	-87.08702	-211.8769	124.7899	1.605026	1.234386	1.405808
29502	-81.433	-206.041	124.608	1.46486	1.234386	1.645557
29508	-74.44349	-197.8642	123.4207	1.696139	2.202658	1.858689
29514	-73.2796	-199.232	125.9524	1.638857	0.5600928	1.028015
29520	-78.64361	-204.032	125.3884	1.715745	0.370401	1.684613
29526	-78.38132	-204.0133	125.6319	1.925517	0.370401	1.345648
29532	-77.0177	-200.8596	123.8419	1.442791	3.435311	1.328367
29538	-80.35261	-203.1742	122.8216	1.984948	4.395721	1.44413
29544	-75.49601	-198.0907	122.5947	1.915036	6.002245	1.333092
29550	-71.84144	-196.0603	124.2189	1.386463	1.317219	1.922673
29556	-68.74074	-191.1761	122.4353	1.120948	0.5802476	3.666061
29562	-73.32071	-196.097	122.7762	1.091994	0.6722346	3.40877
29568	-87.79174	-211.0326	123.2409	0.8788548	0.6419335	3.285186
29574	-75.42745	-199.2931	123.8657	0.6185491	0.6419335	3.068915
29580	-79.49872	-204.9611	125.4624	2.628923	0.4591433	0.5087734
29586	-81.97773	-207.9334	125.9557	2.019706	0.4591433	0.7810869
29592	-80.90976	-202.5025	121.5927	1.62133	7.165533	2.070949
29598	-74.94852	-199.7427	124.7942	1.024012	0.8415695	2.083268
29604	-69.57928	-195.4933	125.9141	1.091598	0.5091128	1.574056
29610	-72.93048	-197.819	124.8885	1.626846	0.8740069	1.577428
29616	-74.94874	-201.9923	127.0435	1.448258	0.0494715	1.402533
29622	-72.50043	-195.3707	122.8703	1.773614	4.271137	1.594711
29628	-71.22224	-193.4666	122.2444	1.575702	2.581941	2.572978
29634	-72.65184	-197.8006	125.1487	1.924855	0.8387694	1.167695
29640	-73.97148	-199.6224	125.6509	1.172123	0.3143706	1.961149
29646	-68.53693	-193.347	124.81	1.157173	0.7310672	2.072198
29652	-65.59144	-191.2189	125.6274	1.337217	0.9204658	1.184247
29658	-71.53679	-198.1604	126.6236	1.556947	0.0780034	1.533158
29664	-73.61141	-198.4209	124.8094	1.090522	0.2198686	2.701969
29670	-78.85891	-205.3404	126.4815	1.351415	0.3968342	1.064541
29676	-80.57169	-206.4328	125.8612	1.90136	0.3968342	1.129245
29682	-70.62444	-197.917	127.2925	1.615053	0.03166795	1.129245
29688	-78.40059	-201.6719	123.2713	1.258771	2.385993	2.184622
29694	-71.82429	-196.3564	124.5321	0.9993173	0.3046737	2.795212
29700	-82.21044	-206.2264	124.016	1.003981	0.6080576	2.774553
29706	-77.51618	-203.6628	126.1466	1.138299	0.3577353	1.572938
29712	-81.97571	-204.3702	122.3945	2.734331	6.282597	0.5069492
29718	-83.67356	-206.3406	122.6671	2.651285	5.497091	0.4609613
29724	-84.79486	-209.2203	124.4254	1.654675	1.010197	1.785821
29730	-89.20923	-213.9367	124.7275	1.48028	0.8729276	1.796943
29736	-88.33592	-214.0583	125.7223	1.503475	0.7406183	1.136618
29742	-83.5703	-208.9955	125.4252	1.382387	0.7556346	1.462424
29748	-84.16118	-208.4218	124.2607	1.478899	2.07698	1.462424
29754	-74.3911	-200.4516	126.0605	1.188886	0.2744907	1.733251
29760	-77.98415	-201.5675	123.5833	1.688267	3.349198	1.36516
29766	-73.29496	-198.1967	124.9018	1.678171	0.6347221	1.743287
29772	-75.17337	-199.3058	124.1324	2.074842	2.117237	1.052922
29778	-71.91592	-198.2886	126.3727	2.152905	0.2163211	0.7599405
29784	-74.1035	-197.6572	123.5537	2.064713	3.178846	1.131908
29790	-81.4392	-206.0106	124.5714	2.147915	1.25324	1.123537
29796	-78.10636	-203.0322	124.9259	1.960155	1.25324	0.9631918
29802	-86.35283	-210.6397	124.2869	1.960155	1.699128	1.244019
29808	-82.33235	-207.1787	124.8464	1.810481	1.203109	1.215583
29814	-91.07098	-212.8408	121.7698	2.081228	4.324209	2.126626
29820	-100.5938	-226.2363	125.6425	1.110869	0.9565775	1.328343
29826	-96.89526	-221.6931	124.7978	1.687592	0.999552	1.501893
29832	-87.50259	-213.3208	125.8183	1.28322	0.8836151	1.097847
29838	-85.84421	-212.0041	126.1598	1.67612	0.3357461	1.17483
29844	-89.20983	-213.9723	124.7625	1.038612	1.071938	1.935615
29850	-93.31873	-215.0146	121.6958	1.785226	2.537752	2.79444
29856	-89.08537	-212.9559	123.8705	1.961164	2.537752	1.19397
29862	-74.95422	-200.4513	125.497	1.813667	0.7342421	1.066184
29868	-80.64592	-203.5213	122.8754	1.743606	4.870414	1.478905
29874	-81.68467	-207.2287	125.544	1.455327	0.8815297	1.19062
29880	-77.09346	-199.0643	121.9708	1.28304	3.470772	2.689836
29886	-80.21602	-202.978	122.7619	1.624947	1.39639	2.663459
29892	-76.64695	-200.9976	124.3507	1.136705	1.39639	1.959814
29898	-78.75698	-201.8005	123.0435	1.420631	3.297463	1.959814
29904	-74.70796	-200.022	125.3141	1.403991	0.5225697	1.76392
29910	-71.68598	-197.8425	126.1565	1.363459	0.1723786	1.745331
29916	-77.23339	-201.3106	124.0772	1.81209	2.536138	1.14429
29922	-81.12997	-204.412	123.2821	1.900372	2.321405	1.769803
29928	-81.44659	-205.2799	123.8333	1.287784	2.796166	1.65094
29934	-79.82389	-203.5264	123.7025	0.7350321	1.41556	2.623105
29940	-79.0583	-204.428	125.3697	0.9958815	0.468439	2.06371
29946	-82.45961	-205.7027	123.2431	1.28514	4.019447	1.736233
29952	-83.96592	-208.9311	124.9651	1.119914	1.380657	1.549732
29958	-81.33377	-205.8028	124.4691	1.131929	1.380657	1.891366
29964	-76.02304	-202.4605	126.4374	0.9644939	0.4839207	1.30196
29970	-71.96458	-198.2576	126.293	1.510103	0.4010171	1.084852
29976	-77.2516	-202.8509	125.5993	2.022851	0.6474342	0.8601944
29982	-78.39463	-203.0037	124.6091	1.662224	2.195476	0.9454636
29988	-81.07439	-202.5096	121.4353	2.027956	12.68617	1.245527
29994	-74.77728	-198.0931	123.3158	1.595934	4.041616	1.451029
30000	-77.97933	-202.6193	124.64	1.807213	0.6349935	1.835159
30006	-77.49643	-201.252	123.7556	2.019704	1.573658	1.670293
30012	-69.38925	-194.7284	125.3392	1.769439	0.7255737	1.253697
30018	-79.299	-198.8822	119.5832	1.90746	4.166989	3.594469
30024	-68.10899	-190.6106	122.5016	1.402581	4.166989	2.12487
30030	-72.88227	-193.6866	120.8043	1.561835	17.99769	1.637195
30036	-75.33841	-197.7891	122.4507	3.042038	4.621774	0.7151277
30042	-78.78485	-201.1075	122.3227	3.074933	5.150259	0.5960394
30048	-84.98159	-208.1093	123.1277	2.805205	3.450252	0.394845
30054	-71.08981	-194.3018	123.212	3.150389	2.486994	0.427487
30060	-62.30162	-186.2657	123.9641	2.404772	2.486994	0.4509854
30066	-70.21565	-195.0806	124.8649	1.561808	1.592629	1.152261
30072	-59.66542	-183.9785	124.313	2.056963	2.093363	0.8996015
30078	-65.27637	-190.0664	124.79	2.237589	1.213027	0.8428124
30084	-78.74142	-204.942	126.2006	2.382988	0.1822658	0.8200508
30090	-75.25908	-199.2396	123.9805	2.2798	2.189137	0.9606539
30096	-75.12046	-199.2609	124.1404	1.879144	2.189137	1.186696
30102	-76.5459	-200.5898	124.0439	1.941144	2.253029	1.186696
30108	-85.94195	-208.7928	122.8509	1.503518	1.880487	2.476556
30114	-73.85648	-198.3487	124.4922	0.7134191	0.4556286	2.809031
30120	-74.58491	-198.4485	123.8636	0.8175361	0.4556286	3.124472
30126	-68.07886	-192.3178	124.2389	1.072792	0.2708443	2.977089
30132	-75.90123	-197.246	121.3448	0.6062308	1.374189	4.106531
30138	-83.60477	-205.8774	122.2726	0.7637143	7.580201	2.132224
30144	-69.01249	-194.8254	125.8129	1.372209	0.4486879	1.517546
30150	-85.88995	-208.7357	122.8457	1.320685	2.371508	2.421666
30156	-79.8447	-205.4578	125.6131	1.67579	0.1705431	1.908559
30162	-73.36607	-198.7987	125.4326	2.043607	0.7138879	0.92567
30168	-76.88641	-201.7255	124.8391	1.939124	0.8657177	1.385815
30174	-86.83116	-211.0139	124.1827	2.186975	2.405076	0.666041
30180	-69.29983	-194.8116	125.5118	2.20214	0.3963258	1.173086
30186	-66.61433	-193.4152	126.8008	2.10762	0.1083542	0.7360136
30192	-74.3118	-198.0665	123.7547	2.625562	2.306741	0.7360136
30198	-70.82637	-195.6424	124.8161	2.156539	0.9413499	1.158059
30204	-73.43897	-198.958	125.519	1.975812	0.4178819	1.321772
30210	-87.81983	-211.792	123.9722	1.967195	0.7184474	2.101005
30216	-95.41571	-219.5515	124.1358	1.291839	0.03844433	3.405539
30222	-82.81784	-207.4603	124.6424	1.293241	1.319694	1.692872
30228	-82.67715	-207.0806	124.4034	1.045524	1.236542	2.071752
30234	-96.10927	-216.6508	120.5415	1.424032	1.544377	4.025411
30240	-85.80979	-212.5464	126.7366	1.276672	0.21845	1.26972
30246	-85.28707	-211.4376	126.1505	1.414623	0.2748893	1.503929
30252	-81.61135	-205.4133	123.8019	1.568514	3.288838	1.305061
30258	-77.04612	-201.9249	124.8788	1.780906	1.416896	1.057095
30264	-75.33099	-199.8337	124.5027	2.522444	1.416896	0.4971235
30270	-74.97672	-200.2256	125.2489	2.607012	0.5628022	0.7051633
30276	-78.37868	-205.3446	126.9659	2.295404	0.01959302	0.2884591
30282	-67.62736	-191.0604	123.4331	1.288906	1.90541	2.233467
30288	-72.82081	-196.2286	123.4077	1.288906	1.517355	2.41396
30294	-75.57205	-200.0408	124.4688	1.011748	0.3616803	2.75047
30300	-76.44792	-202.407	125.9591	2.961205	0.1241795	0.5764336
30306	-72.3223	-197.5471	125.2248	2.961205	0.3929747	0.3911401
30312	-71.56997	-197.0961	125.5262	2.687102	0.3929747	0.5167842
30318	-77.1382	-201.4983	124.3601	2.463171	1.525519	0.787775
30324	-73.95851	-198.7658	124.8073	2.463171	1.082615	0.6511782
30330	-77.05823	-203.7339	126.6757	2.062162	0.1460593	0.7755536
30336	-77.91346	-204.3503	126.4368	1.787181	0.191447	1.158179
30342	-69.69022	-194.5396	124.8494	1.602971	0.9780454	1.54263
30348	-71.1628	-195.4424	124.2796	2.024106	1.268961	1.45349
30354	-64.23954	-188.9909	124.7513	1.930061	1.321383	1.106888
30360	-71.75264	-195.0163	123.2637	1.648829	3.191181	1.679686
30366	-72.24944	-195.8436	123.5942	2.191836	1.540172	1.679686
30372	-83.47805	-209.4956	126.0176	2.587284	0.1731075	0.8302071
30378	-74.57983	-200.1724	125.5926	2.642388	0.3101051	0.8302071
30384	-69.82345	-192.6876	122.8642	2.37121	5.786811	0.5837011
30390	-63.8175	-189.8204	126.0029	2.603553	0.2230677	0.4751401
30396	-63.2874	-189.0335	125.7461	1.840096	0.5933835	0.9835452
30402	-66.64754	-190.7859	124.1384	1.896021	0.5588294	2.184226
30408	-66.14218	-192.933	126.7908	2.372905	0.06629885	0.6018995
30414	-89.95319	-213.4556	123.5024	2.128433	4.399096	0.534533
30420	-73.51004	-197.4839	123.9739	1.944725	2.45292	1.154631
30426	-75.28434	-197.8357	122.5513	1.778601	6.983909	1.29888
30432	-73.95774	-196.935	122.9773	1.317157	2.531836	2.289551
30438	-77.80977	-202.0692	124.2595	1.239717	2.132266	1.617395
30444	-81.99272	-205.6215	123.6288	2.417913	2.771233	0.87804
30450	-74.98364	-201.5375	126.5538	1.505415	0.2262104	1.213015
30456	-64.46015	-189.0186	124.5585	1.764795	1.648866	1.208289
30462	-65.9176	-189.6938	123.7762	2.069478	2.992911	0.9898339
30468	-57.2653	-182.6445	125.3792	1.498137	0.6096965	1.555256
30474	-59.00171	-184.5545	125.5528	1.164558	0.4847895	1.807549
30480	-66.09847	-190.5799	124.4814	1.595415	1.72998	1.365498
30486	-67.40436	-193.2936	125.8893	1.706396	0.3454516	1.356435
30492	-72.29299	-194.7179	122.4249	1.873018	6.799011	1.356435
30498	-71.52179	-194.8698	123.348	1.751619	3.847566	1.356435
30504	-64.63336	-191.8254	127.192	2.074058	0.04587396	0.5991535
30510	-70.16691	-195.0354	124.8685	1.818417	1.031175	1.321551
30516	-70.23398	-193.4428	123.2088	1.37406	5.251516	1.425708
30522	-76.28996	-202.3953	126.1053	1.948248	0.1440504	1.425708
30528	-81.34516	-204.2687	122.9235	1.94094	4.321895	1.417467
30534	-86.7613	-211.7563	124.995	1.255533	1.717443	1.230929
30540	-73.05778	-195.961	122.9032	2.512492	5.102816	0.4285387
30546	-67.92588	-192.8028	124.8769	2.230836	1.297734	0.5814635
30552	-64.94339	-190.8745	125.9312	2.5739	0.2605927	0.5364611
30558	-66.01313	-192.2957	126.2826	2.04064	0.3210424	0.6560049
30564	-62.27857	-187.2113	124.9327	2.251592	1.058565	0.8224676
30570	-65.48677	-189.2726	123.7858	2.498741	2.277656	0.8820734
30576	-63.25679	-187.5114	124.2546	2.344602	1.659388	0.9425854
30582	-60.92478	-186.2018	125.277	1.839983	0.3552293	1.69766
30588	-65.62932	-191.3005	125.6712	2.218381	0.3552293	1.089713
30594	-57.09978	-183.3038	126.204	2.164673	0.1513884	1.145965
30600	-65.15373	-190.2423	125.0885	1.859928	0.9390064	1.181297
30606	-62.8059	-187.8722	125.0663	1.887736	0.4852578	1.640279
30612	-64.20411	-190.0446	125.8405	1.589452	0.4218934	1.367459
30618	-63.90606	-189.0919	125.1859	1.549775	0.5652816	1.704779
30624	-63.75548	-190.2661	126.5106	2.13289	0.174017	0.7750072
30630	-64.9337	-190.1084	125.1747	1.993229	0.7118697	1.218614
30636	-66.14953	-188.9466	122.7971	2.034811	6.171032	1.016093
30642	-59.34446	-185.2512	125.9067	2.261199	0.3471352	0.8118918
30648	-60.86166	-186.8565	125.9948	2.008931	0.4224543	0.8309739
30654	-59.04119	-185.8649	126.8237	1.730633	0.2053442	0.7644325
30660	-65.91566	-189.5621	123.6465	2.318072	3.220888	0.3223599
30666	-64.73345	-188.46	123.7265	1.851245	4.417756	0.3586557
30672	-74.654	-199.3175	124.6635	1.827391	2.026902	0.798683
30678	-75.56936	-200.8305	125.2611	1.996151	0.9833161	0.8238993
30684	-71.67623	-196.9731	125.2968	1.292403	0.4620572	1.921793
30690	-76.04233	-201.7154	125.673	1.252037	0.4229848	1.739083
30696	-76.98106	-202.6914	125.7104	1.460442	0.6310682	1.306004
30702	-81.32918	-204.6065	123.2774	2.149029	3.006485	1.352764
30708	-80.13605	-205.6274	125.4914	1.402024	0.901234	1.261938
30714	-76.91002	-201.9384	125.0283	1.091223	0.2371347	2.536783
30720	-71.00911	-196.5786	125.5695	1.46147	0.1522223	2.121238
30726	-74.90204	-201.3282	126.4262	1.578673	0.3123742	1.069185
30732	-78.35621	-204.0228	125.6666	1.527171	0.2961888	1.735657
30738	-70.70015	-196.3725	125.6724	2.582336	0.3714462	0.5312223
30744	-86.04179	-206.1499	120.1081	1.676779	33.47319	1.223894
30750	-70.04214	-195.2062	125.1641	1.328284	0.3146516	2.178778
30756	-71.48935	-195.2447	123.7553	1.7686	2.413308	1.489138
30762	-76.09451	-200.3117	124.2172	1.25189	2.413308	1.530105
30768	-73.75654	-197.9645	124.2079	1.934984	1.707347	1.324842
30774	-73.45653	-197.751	124.2945	1.607176	1.707347	1.511277
30780	-64.92673	-190.4203	125.4935	1.477421	0.849494	1.244963
30786	-62.98187	-188.2106	125.2287	1.913532	0.6134904	1.348895
30792	-68.94336	-194.4341	125.4907	1.137346	0.4653205	1.891604
30798	-67.7961	-192.8124	125.0163	2.082365	0.9459419	1.037788
30804	-69.95509	-194.9424	124.9873	2.543579	0.8211309	0.675609
30810	-69.24352	-195.1745	125.931	0.6987146	0.6258674	1.717005
30816	-64.77295	-188.9121	124.1391	1.175111	1.337344	2.105557
30822	-91.67768	-216.7112	125.0336	1.988377	0.431305	1.659581
30828	-98.20629	-220.0533	121.847	2.191777	3.032229	2.308304
30834	-89.96845	-211.7382	121.7698	1.953417	0.818055	3.387308
30840	-80.78125	-207.4913	126.7101	1.510092	0.1779603	1.198195
30846	-89.30471	-213.7711	124.4663	1.903849	1.239763	1.421363
30852	-82.54548	-208.8531	126.3076	1.261672	0.2278495	1.591483
30858	-80.99617	-207.4663	126.4702	1.743677	0.1017344	1.428732
30864	-86.06439	-211.682	125.6176	1.643507	0.2600022	1.750516
30870	-95.10295	-219.7234	124.6204	1.803868	0.834364	1.675357
30876	-81.51611	-207.7751	126.259	1.582974	0.3906701	1.067341
30882	-77.90629	-202.5507	124.6444	1.23978	1.657691	1.549041
30888	-83.50935	-206.7295	123.2201	1.345691	2.063495	2.27382
30894	-81.23248	-207.0706	125.8382	1.405125	0.09594593	2.124797
30900	-83.22452	-205.8629	122.6384	0.857621	4.669612	2.287805
30906	-76.78656	-202.5923	125.8057	1.67289	0.4962378	1.221314
30912	-82.1388	-207.1666	125.0278	1.528144	0.487322	1.915016
30918	-89.21412	-213.7937	124.5796	2.235851	1.329791	0.970913
30924	-98.62164	-223.8024	125.1808	2.191778	0.6239339	1.14388
30930	-93.15427	-219.1403	125.9861	1.780682	0.3569492	1.195771
30936	-81.84853	-206.6399	124.7914	1.515688	0.6433327	1.922738
30942	-94.00638	-219.0806	125.0742	2.52321	0.4892082	1.128115
30948	-104.3167	-229.2722	124.9555	2.52321	0.8772876	0.6527305
30954	-87.43143	-213.0002	125.5687	2.375869	0.5420924	0.5729718
30960	-86.10842	-211.3835	125.275	2.298693	0.7918143	0.3691157
30966	-80.98545	-204.9077	123.9222	2.611395	2.174729	0.5387993
30972	-79.07745	-205.9391	126.8616	1.331968	0.1858089	1.199723
30978	-74.64678	-198.7641	124.1173	1.40994	0.6961116	2.384886
30984	-75.47469	-200.9561	125.4815	1.534234	0.2840181	1.878813
30990	-74.82128	-200.4536	125.6323	1.367011	0.6294443	1.442622
30996	-83.92797	-208.4824	124.5544	1.546915	2.738337	0.8301506
31002	-78.67061	-202.5851	123.9145	2.101815	3.29807	0.5249535
31008	-78.80507	-202.0458	123.2407	1.554773	3.29807	1.732303
31014	-83.79015	-210.9334	127.1433	1.801931	0.09269493	0.779533
31020	-76.10481	-200.7177	124.6129	2.038256	1.971468	0.4742755
31026	-76.67286	-201.1575	124.4846	2.572957	1.375199	0.4994729
31032	-80.67092	-203.7509	123.08	2.572957	4.326172	0.5400118
31038	-84.14627	-208.2969	124.1507	2.389109	1.651166	1.009252
31044	-79.26205	-202.3835	123.1214	2.678859	3.868477	0.4434898
31050	-74.85722	-200.9384	126.0811	2.220939	0.2962976	0.7840216
31056	-72.40173	-196.3664	123.9647	1.412792	3.226799	1.319259
31062	-72.50178	-196.169	123.6672	1.706245	1.604163	1.933733
31068	-73.77918	-198.7448	124.9656	1.307295	1.604163	1.276246
31074	-78.43928	-203.3053	124.866	1.715293	1.206526	1.276246
31080	-71.4069	-195.2174	123.8105	1.581119	3.641001	1.175539
31086	-67.00645	-192.4394	125.433	1.915536	0.9119081	0.8020155
31092	-67.93787	-192.5446	124.6067	1.705447	0.7195323	1.850442
31098	-75.50275	-199.0411	123.5384	1.791189	1.59706	1.966584
31104	-72.20644	-196.9209	124.7145	2.10262	1.341932	0.959138
31110	-80.55023	-205.3201	124.7698	1.68625	1.072451	1.470459
31116	-90.67743	-214.9383	124.2609	1.617971	2.429984	1.199152
31122	-86.80136	-210.6586	123.8572	2.801186	1.123456	1.273726
31128	-83.81598	-206.7499	122.9339	1.809093	1.685627	2.309996
31134	-90.41926	-216.9282	126.5089	1.743859	0.01897546	1.671351
31140	-81.06673	-207.834	126.7672	2.235355	0.03646532	1.01995
31146	-82.43071	-208.5706	126.1399	1.759779	0.2831502	1.22334
31152	-85.80945	-209.4952	123.6857	1.528952	0.959108	2.390113
31158	-86.15154	-211.1729	125.0213	1.432045	0.5635386	1.901948
31164	-83.33234	-206.522	123.1897	1.244221	3.787035	1.856893
31170	-78.42054	-203.4514	125.0309	1.945508	1.002584	1.098468
31176	-80.14867	-206.4573	126.3086	2.297294	0.2171462	0.6027507
31182	-84.15139	-209.0397	124.8883	2.691926	0.7608759	0.7153872
31188	-72.46711	-198.8596	126.3925	2.472867	0.1263712	0.6885631
31194	-73.81581	-200.3909	126.5751	1.616374	0.1572217	1.27971
31200	-73.54397	-197.1162	123.5722	2.581104	2.721231	0.771333
31206	-71.45748	-195.4695	124.0121	2.125805	1.45571	1.467176
31212	-66.25244	-191.8439	125.5915	2.13677	0.3339863	1.269254
31218	-70.85335	-197.4607	126.6073	2.179164	0.09000527	0.9784074
31224	-76.80015	-198.0263	121.2262	2.141919	10.64443	1.541091
31230	-76.72984	-199.8559	123.1261	2.413146	4.241764	0.8178566
31236	-84.14054	-209.5171	125.3765	2.319309	0.440969	1.114983
31242	-83.92401	-209.4287	125.5047	1.527645	0.5896811	1.461033
31248	-90.44034	-210.8579	120.4176	1.983189	4.685444	2.962277
31254	-92.20399	-214.7778	122.5738	2.58026	6.164022	0.5366547
31260	-89.77424	-213.8666	124.0923	2.65677	1.794628	0.582287
31266	-79.30376	-204.9711	125.6673	1.832505	0.8183205	0.7346148
31272	-90.25626	-210.9161	120.6598	2.120771	10.48019	1.969957
31278	-88.32807	-213.0706	124.7426	1.231462	0.9588919	1.894286
31284	-82.60508	-206.8072	124.2021	1.479271	0.7291684	2.259615
31290	-78.40107	-203.4011	125	1.661191	0.3121108	2.072136
31296	-79.8605	-205.7114	125.8509	1.830161	0.3121108	1.34681
31302	-77.30578	-200.6176	123.3118	1.543255	1.64503	2.255849
31308	-86.11989	-208.3349	122.215	1.87057	2.946509	2.301744
31314	-83.80683	-207.8102	124.0033	2.1274	0.7734082	1.9283
31320	-76.71023	-202.1703	125.46	2.200907	0.3313798	1.328585
31326	-76.64527	-201.0636	124.4184	2.5503	1.485681	0.5501252
31332	-79.09116	-204.3668	125.2756	3.1021	0.3133451	0.4608729
31338	-74.13973	-200.7837	126.644	2.341107	0.07055451	0.8584955
31344	-80.26532	-206.6198	126.3545	2.217116	0.108166	1.110437
31350	-76.78973	-203.3836	126.5939	2.67626	0.04806414	0.4662949
31356	-79.74556	-205.2703	125.5247	3.289901	0.1253736	0.2993362
31362	-78.8122	-202.4438	123.6316	3.097787	1.492031	0.2288389
31368	-73.05018	-198.0574	125.0072	2.859955	0.5118292	0.2828471
31374	-76.93489	-200.7914	123.8565	2.929146	1.681244	0.3581766
31380	-74.65625	-199.6696	125.0133	2.360764	0.9427768	0.7165697
31386	-71.29577	-196.9396	125.6438	1.754824	0.9427768	0.6727051
31392	-67.56505	-192.6928	125.1277	2.265369	0.9427768	0.683289
31398	-73.43368	-200.5806	127.1469	1.372932	0.1860639	0.8828562
31404	-76.56811	-203.4006	126.8325	1.754461	0.1528156	0.9299086
31410	-66.55712	-194.0052	127.4481	1.213951	0.03555931	1.322051
31416	-69.7994	-194.7114	124.912	1.621291	1.395793	1.185959
31422	-73.6227	-199.5697	125.947	1.245029	0.3858541	1.599228
31428	-76.60356	-203.4369	126.8334	2.111564	0.0799913	0.853518
31434	-76.60865	-203.7077	127.099	1.038932	0.04902892	1.666914
31440	-71.8016	-196.9303	125.1287	0.9980016	1.953425	1.210282
31446	-83.81581	-207.8842	124.0684	1.461753	3.240018	1.187859
31452	-92.3733	-214.9336	122.5603	2.111265	7.238076	0.9393965
31458	-85.98909	-208.019	122.0299	1.930735	8.313772	1.383796
31464	-84.3964	-206.7093	122.3129	0.580942	1.364353	3.568808
31470	-94.1335	-214.5754	120.4419	0.8679867	1.269879	4.516965
31476	-85.68302	-205.7544	120.0714	0.7275439	1.269879	4.803124
31482	-78.51293	-199.2585	120.7456	0.6145461	1.269879	4.488664
31488	-76.23077	-200.7843	124.5535	1.594626	2.037525	1.148757
31494	-75.24995	-199.471	124.2211	1.263328	2.319033	1.554605
31500	-82.39328	-205.7976	123.4043	0.9885924	2.319033	2.295176
31506	-70.93968	-195.4559	124.5162	1.436591	2.142508	1.264789
31512	-75.0193	-198.2373	123.218	1.473333	7.380179	0.8852943
31518	-72.6418	-196.697	124.0552	1.05187	4.900409	1.067723
31524	-66.59351	-190.3365	123.743	1.179704	3.908072	1.477023
31530	-69.42846	-193.6389	124.2104	1.174695	2.501358	1.55975
31536	-69.84682	-194.7436	124.8968	1.638137	1.383226	1.192947
31542	-68.36355	-193.9	125.5364	1.462524	0.6504315	1.420556
31548	-59.35673	-183.3145	123.9578	0.7015994	2.66023	2.011793
31554	-71.25686	-194.8272	123.5703	0.5189767	0.8999823	3.116753
31560	-77.39623	-201.292	123.8958	0.7073618	1.993822	2.275801
31566	-74.55247	-200.4077	125.8553	1.11322	0.7713296	1.321905
31572	-68.65247	-195.0184	126.3659	1.278959	0.5433689	1.000601
31578	-66.25164	-193.4943	127.2427	1.119361	0.163191	1.115753
31584	-73.34948	-197.2373	123.8878	1.381171	2.280058	1.724411
31590	-67.89677	-193.1885	125.2917	0.6421593	0.323169	2.521565
31596	-74.27036	-198.5294	124.259	1.426629	2.610811	1.286891
31602	-76.58654	-202.4589	125.8723	1.993175	0.4837174	0.8671009
31608	-70.71909	-195.689	124.9699	1.086666	0.7750282	1.976812
31614	-70.96464	-196.6352	125.6705	1.222208	0.7750282	1.378492
31620	-76.17172	-199.043	122.8713	1.471863	3.321365	2.034261
31626	-73.60172	-195.4385	121.8368	1.202504	3.321365	2.855763
31632	-72.9954	-198.2213	125.2259	1.301787	0.637985	1.776627
31638	-77.6123	-200.4046	122.7923	1.467684	6.115851	1.505014
31644	-73.08682	-199.1146	126.0278	1.593311	0.2237664	1.561895
31650	-76.99117	-199.7159	122.7247	1.548724	2.925781	2.186669
31656	-77.75352	-200.0571	122.3035	2.536303	5.304989	1.20665
31662	-82.89595	-206.6968	123.8008	2.57928	2.310504	0.7332306
31668	-76.86242	-201.7713	124.9089	2.768227	0.6788248	0.728161
31674	-69.6782	-194.031	124.3528	2.341582	1.859217	0.6234685
31680	-76.66146	-199.2261	122.5647	2.998372	4.627387	0.485591
31686	-70.87662	-196.9495	126.0729	2.378029	0.2075095	0.8877222
31692	-66.65425	-193.2566	126.6023	2.192656	0.06333383	1.090717
31698	-67.71442	-191.0384	123.324	1.318467	0.5905031	3.018162
31704	-88.7831	-210.844	122.0609	1.631594	0.5905031	3.578247
31710	-81.7709	-205.0889	123.318	1.517465	2.008982	2.119644
31716	-85.69645	-209.4889	123.7925	1.800687	0.6977686	2.3417
31722	-80.77611	-206.2474	125.4713	2.136728	0.4528312	1.174173
31728	-75.5329	-200.8673	125.3344	2.088938	0.6868019	1.016625
31734	-76.84092	-200.5171	123.6762	2.246932	1.133326	1.813519
31740	-65.96665	-191.1835	125.2169	2.090019	0.8687546	0.9088918
31746	-67.94284	-192.62	124.6772	1.743681	0.6545221	1.83472
31752	-63.53645	-189.4129	125.8765	1.404196	0.643384	1.200285
31758	-68.46561	-193.6877	125.2221	1.709255	0.3858682	1.784265
31764	-71.97437	-197.5254	125.551	1.973476	0.3858682	1.347256
31770	-72.17838	-197.1122	124.9338	1.648535	1.92318	0.7567627
31776	-68.28077	-194.206	125.9252	1.706339	0.6668909	0.815598
31782	-81.85559	-206.049	124.1934	2.022733	2.736911	0.3727415
31788	-76.11245	-202.4314	126.3189	1.399719	0.355332	1.239437
31794	-74.21246	-200.2192	126.0068	1.982787	0.4922234	0.6659887
31800	-81.91969	-207.0708	125.1511	2.139497	1.080818	0.6061519
31806	-83.72134	-206.0529	122.3315	2.05923	4.282471	1.772251
31812	-67.89407	-194.1999	126.3058	1.654145	0.3199552	1.09507
31818	-67.13036	-194.1336	127.0032	1.90371	0.1169571	0.6795138
31824	-67.77611	-194.6065	126.8304	1.809384	0.1169571	1.012412
31830	-71.27221	-195.2721	123.9999	2.150975	2.607541	0.8443654
31836	-72.68699	-198.7489	126.0619	2.280491	0.1548654	1.158516
31842	-82.82219	-207.4782	124.656	2.040956	0.8105423	1.496304
31848	-80.08638	-205.6821	125.5957	1.905639	0.723405	0.8840586
31854	-83.67238	-207.815	124.1426	1.754809	2.608525	1.105684
31860	-86.10722	-209.8281	123.7209	1.970184	1.626071	1.70414
31866	-79.24661	-203.8835	124.6368	1.552571	1.017481	1.70414
31872	-85.31302	-208.2134	122.9004	1.653716	3.862483	1.755547
31878	-74.91331	-200.3963	125.483	1.597595	0.3548294	1.72398
31884	-76.3997	-202.3169	125.9172	1.825386	0.3548294	1.2202
31890	-90.99685	-215.2251	124.2283	1.136013	0.2880574	2.920144
31896	-85.85834	-209.9855	124.1272	1.444617	0.2608278	2.835218
31902	-94.62977	-218.073	123.4432	1.030226	0.9901339	2.829248
31908	-94.93346	-217.3814	122.4479	1.468712	0.2139096	3.883518
31914	-85.88946	-211.7601	125.8707	1.511443	0.3557783	1.503962
31920	-80.86281	-205.5774	124.7146	1.590015	0.8702592	1.731472
31926	-75.72166	-199.203	123.4813	1.388673	0.8702592	2.664254
31932	-71.06627	-197.6148	126.5486	1.803493	0.1210709	1.256022
31938	-78.75594	-204.0355	125.2795	1.840403	0.9573124	1.005445
31944	-85.38441	-209.538	124.1536	1.908181	0.8734639	1.896682
31950	-90.6969	-214.0812	123.3843	1.442549	0.1931936	3.391258
31956	-95.97723	-221.1036	125.1264	1.676635	1.554938	0.7865764
31962	-87.90051	-213.8348	125.9343	1.188622	0.4622838	1.545918
31968	-77.5283	-204.034	126.5057	1.840788	0.2309635	0.9299839
31974	-79.25924	-204.4534	125.1942	2.036056	0.8472644	1.013954
31980	-84.10908	-208.2294	124.1203	2.084715	1.770569	1.240014
31986	-88.83817	-213.4342	124.5961	2.618813	0.974486	0.8858278
31992	-89.7714	-213.1011	123.3297	1.921772	3.835061	1.236308
31998	-85.25539	-207.8837	122.6284	1.732344	2.94879	2.123369
32004	-79.6706	-201.8095	122.1389	1.299655	5.776801	2.130771
32010	-84.42483	-208.9882	124.5633	1.299655	1.173644	1.829997
32016	-83.61165	-207.4215	123.8098	2.156639	1.921266	1.357439
32022	-88.37436	-212.6356	124.2612	2.156639	1.921266	0.9569211
32028	-86.61072	-210.0417	123.431	2.156639	0.9962235	2.126278
32034	-87.25982	-210.5045	123.2447	1.610096	1.959169	2.126278
32040	-90.47724	-212.797	122.3198	1.845182	4.629673	1.85422
32046	-86.92223	-210.6199	123.6977	2.758008	2.283432	0.6131093
32052	-77.91765	-201.0223	123.1047	2.639629	3.996996	0.6039745
32058	-80.41994	-205.4782	125.0583	2.253778	1.030569	0.6684981
32064	-86.10842	-210.6167	124.5082	2.52042	1.348028	0.6759737
32070	-82.73322	-206.9725	124.2393	2.808337	1.345721	0.3819012
32076	-80.05913	-204.2299	124.1708	2.51662	1.580385	0.9060432
32082	-77.58392	-203.2156	125.6317	1.977936	0.4661303	1.152293
32088	-73.60919	-199.4966	125.8874	2.251662	0.3875845	0.7358679
32094	-81.00046	-203.4158	122.4154	1.309747	4.792879	2.116183
32100	-74.94449	-198.98	124.0355	1.07012	0.742425	2.611503
32106	-75.48713	-199.9677	124.4806	1.241177	0.8768539	2.120579
32112	-76.82303	-200.8575	124.0344	1.801258	1.725794	1.551224
32118	-82.46429	-207.6078	125.1435	1.86282	0.6698597	1.394375
32124	-59.3595	-183.499	124.1395	1.14931	0.6612265	2.563421
32130	-65.12941	-190.0109	124.8815	1.103366	1.212606	1.721416
32136	-68.93113	-191.8595	122.9283	1.668101	5.668067	1.329753
32142	-66.71762	-191.7746	125.057	1.657077	0.9934723	1.329753
32148	-64.66427	-190.4769	125.8126	1.208809	0.9934723	1.065118
32154	-67.01132	-192.4175	125.4062	1.19465	0.4675499	1.907484
32160	-72.78432	-197.1666	124.3823	1.742809	0.4675499	2.221563
32166	-68.37624	-190.6323	122.256	1.796383	6.604568	1.575456
32172	-66.18674	-190.5554	124.3686	1.872328	2.291985	0.9224817
32178	-61.98212	-185.8084	123.8262	1.711485	2.291985	1.525642
32184	-50.72773	-177.0934	126.3656	1.787782	0.3604063	0.7943509
32190	-50.68059	-175.4518	124.7712	1.420012	0.4781001	2.167012
32196	-55.33432	-181.421	126.0867	1.39984	0.3601671	1.417677
32202	-57.51308	-181.2458	123.7328	1.366483	5.097533	1.022155
32208	-60.37894	-184.2623	123.8834	1.396925	2.667975	1.578117
32214	-68.51834	-192.2461	123.7278	1.543974	5.159296	0.8128911
32220	-64.96964	-189.7056	124.7359	0.9064702	0.5250113	2.467641
32226	-70.85184	-193.0278	122.1759	0.8185138	9.404406	1.940809
32232	-67.43188	-190.663	123.2311	0.9701249	1.48091	2.738059
32238	-72.23339	-197.8898	125.6564	0.9156811	0.3528284	2.07235
32244	-65.1474	-191.491	126.3436	1.725615	0.1247156	1.46854
32250	-59.96218	-186.3568	126.3946	1.56987	0.1534204	1.46854
32256	-65.46151	-191.1368	125.6753	1.971167	0.7579721	0.5738301
32262	-75.40867	-201.0657	125.657	1.947914	0.7579721	0.677946
32268	-73.55353	-199.7453	126.1918	1.657812	0.3755353	1.088198
32274	-67.79696	-192.0065	124.2095	1.61566	2.257104	1.31802
32280	-72.40893	-198.6049	126.196	1.769236	0.3020051	1.127403
32286	-81.67165	-206.3459	124.6743	1.540123	2.768223	0.624528
32292	-71.20696	-196.8366	125.6296	1.670719	0.6200956	1.21137
32298	-74.53228	-198.5019	123.9696	1.937615	1.146194	1.816453
32304	-72.39949	-198.6544	126.2549	2.192312	0.2824437	0.4466895
32310	-72.0396	-198.4011	126.3615	2.091156	0.2076528	0.885192
32316	-66.0759	-192.4148	126.3389	2.567814	0.1288623	0.4456315
32322	-65.42914	-189.6955	124.2663	2.471717	1.711286	0.723477
32328	-59.09255	-184.0905	124.998	2.817475	0.6123297	0.6415548
32334	-64.33925	-188.0103	123.6711	2.6936	2.467265	0.6042689
32340	-59.70271	-185.3589	125.6562	2.728114	0.3068784	0.5792935
32346	-72.86583	-190.5956	117.7298	2.728114	80.43298	0.8097242
32352	-73.88597	-192.0731	118.1871	2.302431	80.43298	0.7664243
32358	-64.46813	-189.6762	125.208	2.982356	0.3873775	0.642838
32364	-63.73069	-189.5858	125.8551	2.487728	0.3136361	0.6495732
32370	-76.52485	-199.0259	122.501	1.680694	3.599967	2.071183
32376	-78.07057	-201.2556	123.1851	1.858375	3.599967	1.468337
32382	-68.09339	-194.4581	126.3648	2.096366	0.239057	0.7621886
32388	-66.18559	-192.0018	125.8162	2.548409	0.3038165	0.6510863
32394	-71.61144	-196.8248	125.2134	2.070247	1.093552	0.5910896
32400	-71.03304	-196.0222	124.9892	1.456168	1.551762	1.161379
32406	-67.02959	-191.8439	124.8144	1.882815	1.366265	1.058905
32412	-69.48189	-194.7768	125.2949	2.107254	0.7516884	0.9539636
32418	-67.57984	-191.8238	124.244	1.7162	2.629993	1.037288
32424	-62.89072	-186.7795	123.8888	1.276336	0.5595264	2.729806
32430	-59.4913	-184.2161	124.7248	1.215179	0.9994196	1.88944
32436	-57.52885	-182.8311	125.3022	1.100612	0.6102314	1.88944
32442	-60.91187	-186.0883	125.1765	1.012526	0.8393397	1.835926
32448	-61.54673	-186.3885	124.8417	1.674674	1.171067	1.353714
32454	-59.23372	-183.8579	124.6242	1.301136	1.697476	1.498472
32460	-60.98623	-185.0384	124.0521	1.333708	1.978196	1.76079
32466	-61.06468	-185.1284	124.0638	1.177117	3.853722	1.239758
32472	-71.10094	-195.2986	124.1976	0.7969389	2.478088	1.844655
32478	-67.01943	-189.5975	122.5781	1.782928	7.499636	1.183615
32484	-64.3421	-187.9544	123.6123	1.850554	3.342365	1.210934
32490	-63.73086	-187.0443	123.3135	2.860048	2.848893	0.3849553
32496	-57.87215	-182.2183	124.3462	2.77839	1.287663	0.4593942
32502	-61.39965	-185.8096	124.41	2.457744	1.577519	0.6535857
32508	-66.68405	-189.0971	122.4131	2.272237	7.689813	0.8176709
32514	-66.38789	-191.2197	124.8318	1.797881	1.502164	1.02444
32520	-69.32264	-194.5895	125.2668	1.795309	0.9951327	1.02444
32526	-71.09152	-193.9173	122.8258	2.686129	4.802557	0.4993408
32532	-67.37864	-192.3549	124.9763	2.004247	1.164516	0.9446699
32538	-71.37452	-196.3709	124.9964	1.863471	1.062667	1.150606
32544	-72.78889	-197.3844	124.5955	1.397133	0.7487746	2.040774
32550	-69.19499	-191.8876	122.6926	1.105012	6.547388	1.766446
32556	-74.16781	-199.3765	125.2087	0.7154618	1.208556	1.766446
32562	-72.45309	-196.5062	124.0532	1.315003	1.914059	1.799802
32568	-75.73574	-199.9426	124.2069	1.512699	1.914059	1.549099
32574	-67.4591	-190.6065	123.1474	1.196641	2.262968	2.345131
32580	-70.94628	-195.6641	124.7178	1.36878	2.495709	0.9760069
32586	-73.76393	-198.4075	124.6436	1.798421	1.11215	1.452945
32592	-75.62028	-197.3078	121.6875	0.9795717	2.582514	3.269069
32598	-70.14982	-193.93	123.7802	1.039582	0.5562678	2.942504
32604	-74.14989	-196.5623	122.4124	1.340964	3.135477	2.461723
32610	-69.74062	-193.0591	123.3184	2.076211	3.135477	1.335207
32616	-72.01092	-196.175	124.1641	1.07887	1.987768	1.855633
32622	-93.2332	-218.7247	125.4915	1.919455	0.6137202	1.122517
32628	-85.39732	-209.6001	124.2028	2.161439	2.097621	0.9033838
32634	-73.26207	-194.2737	121.0116	1.224162	4.323519	3.127192
32640	-75.30273	-199.6209	124.3181	1.50847	1.474112	1.685198
32646	-71.18719	-193.5397	122.3526	1.486046	3.726785	2.264415
32652	-75.16189	-199.1196	123.9577	1.085472	1.106404	2.407533
32658	-78.63687	-203.3416	124.7047	1.210711	0.7806231	2.066117
32664	-75.02087	-198.1849	123.164	1.64043	1.914072	2.176748
32670	-74.51232	-198.8081	124.2958	1.340374	0.6841358	2.325741
32676	-68.30602	-193.1505	124.8444	1.064311	0.4870181	2.338831
32682	-66.95864	-189.9618	123.0032	0.8461765	3.289873	2.362024
32688	-66.49554	-191.1193	124.6238	1.248326	1.933546	1.425276
32694	-72.99075	-196.3428	123.352	1.255719	6.197627	1.214066
32700	-88.22169	-212.1121	123.8904	2.18604	1.323513	1.589431
32706	-87.53109	-211.3569	123.8258	1.965249	1.323513	1.792151
32712	-82.65967	-208.0657	125.406	1.673268	0.8640185	1.137558
32718	-77.04639	-202.9718	125.9254	1.603312	0.8640185	0.5440269
32724	-74.01024	-199.1204	125.1102	1.790917	1.157529	1.031459
32730	-73.21107	-199.9531	126.742	2.383939	0.07570766	0.4289883
32736	-79.06852	-204.6521	125.5836	1.673912	0.9353033	0.8834627
32742	-82.80184	-209.1961	126.3942	1.993876	0.1405943	1.162695
32748	-87.95209	-207.8975	119.9455	1.031008	9.229891	3.21708
32754	-85.17735	-211.083	125.9056	1.660867	0.3885283	1.309348
32760	-95.3706	-218.5858	123.2152	2.134618	4.06903	1.079608
32766	-92.04058	-219.1674	127.1268	2.028605	0.02414914	0.9130009
32772	-83.68174	-207.8898	124.208	2.141798	1.260481	1.423581
32778	-89.05033	-212.1463	123.096	1.666584	2.077437	2.141508
32784	-83.68415	-207.1293	123.4451	1.764763	1.25328	2.218387
32790	-85.32769	-210.3494	125.0217	1.941701	0.9385286	1.168726
32796	-76.26041	-202.0486	125.7882	1.703538	0.840181	0.7068451
32802	-85.02637	-208.7137	123.6873	1.845518	2.672048	1.386
32808	-77.20519	-204.346	127.1408	1.398165	0.09953965	1.171635
32814	-82.91431	-208.0414	125.1271	1.28085	0.6307398	1.866126
32820	-85.71074	-208.8092	123.0984	0.8927627	7.148445	1.534146
32826	-77.44663	-202.2174	124.7708	1.243423	1.094395	1.775245
32832	-76.17405	-201.6294	125.4553	1.235107	0.5046433	1.803312
32838	-81.49228	-204.9338	123.4416	0.8812251	1.360965	2.719858
32844	-72.79987	-197.9612	125.1614	1.95058	0.6308485	1.353431
32850	-80.81095	-206.7653	125.9543	1.64915	0.6521115	0.8746538
32856	-75.40894	-201.0337	125.6248	1.82846	0.4583956	1.295994
32862	-75.6459	-201.731	126.0851	1.492531	0.4583956	1.191973
32868	-69.62204	-195.1754	125.5534	0.9269649	0.8799253	1.598201
32874	-72.61665	-199.398	126.7813	2.052469	0.140975	0.6429238
32880	-70.48421	-195.6402	125.156	1.769598	1.333634	0.8446781
32886	-66.27717	-191.3999	125.1227	1.766013	1.333634	0.8882452
32892	-65.47354	-191.5208	126.0473	1.586962	0.4280017	1.190292
32898	-69.473	-195.4313	125.9583	1.163363	0.5371832	1.453864
32904	-70.88067	-195.7947	124.914	1.516814	0.5371832	1.944705
32910	-76.85447	-200.9105	124.056	1.664044	2.533178	1.289257
32916	-77.91413	-200.907	122.9929	1.599836	3.61876	1.789046
32922	-77.40225	-199.4887	122.0864	1.598797	6.67241	1.825054
32928	-75.89716	-199.3374	123.4402	1.612356	2.000706	1.979249
32934	-74.08808	-198.7451	124.657	1.607713	1.169479	1.546992
32940	-72.20785	-198.095	125.8871	2.244663	0.4216951	0.6261876
32946	-71.30048	-196.579	125.2785	2.009763	0.8387061	0.9651171
32952	-80.03971	-202.8617	122.822	1.78544	3.583966	1.787684
32958	-83.97592	-206.6699	122.694	2.136239	5.195474	1.239727
32964	-67.34466	-191.9184	124.5738	1.691722	1.597788	1.285978
32970	-63.50926	-188.083	124.5738	1.691722	1.597788	1.285978
32976	-67.8533	-192.5386	124.6853	2.142369	1.684388	0.555677
32982	-72.7752	-197.056	124.2808	2.13826	1.684388	1.1026
32988	-72.03299	-197.3502	125.3172	1.596955	1.096863	1.071862
32994	-68.08268	-193.2317	125.1491	1.239051	1.478739	1.255586
33000	-76.50898	-199.9843	123.4753	1.758539	3.819379	1.255586
33006	-79.80445	-203.5284	123.7239	1.615733	3.819379	1.16542
33012	-75.92402	-202.2022	126.2782	1.973769	0.3479438	0.6814921
33018	-72.06139	-196.3845	124.3231	2.116834	2.148579	0.7739556
33024	-76.44792	-200.3567	123.9087	2.468128	2.410838	0.3787818
33030	-74.68574	-199.825	125.1393	2.102275	0.98385	0.8429191
33036	-77.15579	-200.2381	123.0823	2.020344	6.125678	0.6991936
33042	-81.44069	-204.3288	122.8881	1.558643	3.180759	2.002606
33048	-87.1095	-208.3873	121.2778	1.646631	11.33668	1.786385
33054	-80.82854	-204.1531	123.3246	2.352265	3.551862	0.9346516
33060	-73.16655	-196.6524	123.4859	1.770085	4.84489	0.9346516
33066	-82.9925	-205.6007	122.6082	1.543793	8.78994	1.154899
33072	-78.84476	-201.8482	123.0035	1.711413	1.899822	2.240217
33078	-79.67238	-202.6037	122.9314	1.565732	8.167375	0.9309253
33084	-81.286	-203.4734	122.1874	2.359299	7.949483	0.9217791
33090	-82.656	-205.8681	123.2121	2.382396	4.421551	0.6365489
33096	-76.32027	-201.3509	125.0306	1.748984	1.326822	1.009549
33102	-88.98736	-212.9552	123.9678	1.679623	1.337957	1.882806
33108	-81.5858	-205.1354	123.5496	1.762269	1.906869	1.841626
33114	-85.87409	-210.7519	124.8778	1.511959	1.454171	1.269395
33120	-87.4365	-210.7847	123.3482	2.08919	1.454171	1.963757
33126	-86.72991	-210.8244	124.0945	1.632137	1.542148	1.720726
33132	-88.14072	-212.5523	124.4116	1.28234	1.58822	1.720726
33138	-89.07021	-212.684	123.6138	2.279176	3.541593	0.6360989
33144	-89.02558	-212.491	123.4654	1.797891	1.205478	2.210268
33150	-74.01453	-198.7677	124.7532	1.928531	1.27803	1.138656
33156	-66.92105	-193.6852	126.7641	2.61379	0.02408453	0.5285307
33162	-71.61599	-198.2305	126.6145	2.613784	0.05657323	0.5285307
33168	-82.9044	-208.2869	125.3825	2.439091	0.6236851	0.5797377
33174	-76.2311	-202.4537	126.2226	2.495644	0.1526221	0.7707396
33180	-81.78693	-206.7806	124.9937	2.248983	0.910688	0.9291919
33186	-78.85058	-203.7795	124.9289	2.063376	0.7097349	1.364234
33192	-72.54199	-197.3618	124.8198	1.464337	1.475719	1.341948
33198	-74.49451	-199.6009	125.1064	1.761699	0.4831076	1.704195
33204	-77.05579	-199.5711	122.5153	1.665897	5.665283	1.643708
33210	-89.47416	-213.6939	124.2198	1.698766	2.009635	1.353741
33216	-77.91792	-202.9795	125.0616	1.47871	0.3622285	2.080403
33222	-87.33936	-213.3581	126.0188	1.770056	0.3474696	1.19389
33228	-80.60771	-206.2511	125.6434	1.727859	0.3474696	1.525074
33234	-83.01644	-208.0061	124.9897	1.814509	0.5622241	1.659286
33240	-80.35339	-206.1241	125.7707	1.716585	0.2875454	1.539003
33246	-84.43323	-210.6707	126.2375	2.054799	0.2676534	0.8831948
33252	-83.26784	-207.5397	124.2719	2.005814	2.649784	0.6009598
33258	-81.25427	-206.992	125.7377	1.165684	0.9845098	1.17976
33264	-82.21016	-207.0482	124.838	3.127292	0.5349916	0.4912611
33270	-74.87858	-198.7471	123.8685	2.635288	2.138409	0.6804279
33276	-77.49701	-203.1691	125.6721	2.344152	0.3354626	1.008827
33282	-76.94254	-201.311	124.3685	2.325198	1.437643	1.008827
33288	-79.02263	-205.5474	126.5248	2.325198	0.0656222	1.028065
33294	-80.74215	-205.4549	124.7128	1.721832	0.8166746	1.682534
33300	-75.13692	-201.1705	126.0336	1.853261	0.4070251	0.9930188
33306	-70.96242	-194.9728	124.0103	2.039157	2.819352	0.8490094
33312	-73.2048	-198.0916	124.8868	1.501513	1.970622	0.9568265
33318	-74.28322	-198.7064	124.4232	1.245594	1.710521	1.679448
33324	-69.16373	-194.5025	125.3388	1.725386	0.3423172	1.754071
33330	-68.32809	-190.481	122.1529	1.29754	4.884046	2.277033
33336	-63.61431	-187.3526	123.7383	1.100723	2.463275	1.955227
33342	-61.71553	-186.2927	124.5772	1.319296	1.486004	1.628859
33348	-60.97895	-185.9177	124.9387	1.935378	1.493926	0.7479789
33354	-55.9958	-179.7321	123.7363	2.479202	2.812472	0.4487714
33360	-61.00532	-184.3602	123.3548	2.803135	2.823206	0.3480635
33366	-60.94411	-187.1031	126.159	2.329217	0.235307	0.7366635
33372	-64.01942	-189.31	125.2906	2.320493	0.7061526	0.7732843
33378	-64.75633	-190.5807	125.8243	2.285036	0.3520006	0.8714292
33384	-71.5752	-196.8852	125.31	2.367786	0.7235304	0.4032631
33390	-66.49904	-191.5642	125.0652	2.023471	1.332896	0.5365479
33396	-69.02333	-193.2056	124.1822	1.973893	2.79004	0.3304458
33402	-67.441	-193.7882	126.3472	2.280314	0.2013993	0.660957
33408	-67.42807	-193.7578	126.3298	1.446708	0.2013993	1.494342
33414	-77.81764	-202.8844	125.0668	1.45842	0.2835321	2.204598
33420	-78.70691	-203.5715	124.8646	1.221531	0.5607853	2.148658
33426	-71.42116	-196.2649	124.8437	2.506963	1.012177	0.62294
33432	-66.9951	-192.081	125.0859	1.669536	1.164981	1.159467
33438	-76.20418	-201.3076	125.1034	1.542806	0.4153928	1.940329
33444	-77.52543	-202.073	124.5475	1.445721	0.8979931	1.924876
33450	-94.53979	-217.4504	122.9106	1.815849	4.529782	1.47369
33456	-86.95615	-211.2656	124.3094	1.252719	1.068452	2.096754
33462	-83.29527	-207.0136	123.7184	0.8620376	1.742647	2.389328
33468	-82.68369	-207.278	124.5943	1.314308	1.742647	1.488631
33474	-77.21441	-201.5749	124.3604	1.7704	1.383318	1.5142
33480	-77.51744	-203.5417	126.0243	1.822765	0.2192088	1.400972
33486	-73.30283	-199.0657	125.7628	1.835831	0.2305191	1.564609
33492	-71.14695	-197.1423	125.9953	1.419888	0.4759273	1.302203
33498	-73.08171	-197.9558	124.8741	1.624659	0.4759273	1.966525
33504	-74.18695	-198.996	124.809	1.518816	0.933859	1.666319
33510	-82.54269	-210.0088	127.4661	1.310257	0.05020511	1.166114
33516	-73.34993	-199.718	126.3681	1.239334	0.2088233	1.60306
33522	-75.67338	-202.0805	126.4071	1.860819	0.3619227	0.566396
33528	-78.13826	-204.9534	126.8151	1.921852	0.09595263	1.002211
33534	-82.58057	-206.4109	123.8303	1.302009	2.48794	1.745812
33540	-77.47132	-203.2108	125.7394	1.344311	0.4570048	1.58153
33546	-69.25083	-195.0652	125.8144	1.484429	0.4570048	1.420187
33552	-70.77178	-193.2616	122.4898	2.190118	7.78259	0.8010056
33558	-73.29669	-195.7832	122.4865	2.190118	7.78259	0.8053353
33564	-65.97263	-190.2423	124.2697	2.007708	0.9586744	1.683833
33570	-67.73784	-191.0205	123.2827	1.367221	3.879675	1.683833
33576	-69.58889	-192.9682	123.3793	1.442163	2.568867	1.932218
33582	-71.17275	-194.5399	123.3672	1.382382	0.8097775	2.780195
33588	-78.22411	-203.5346	125.3104	1.02188	0.6775656	1.874044
33594	-77.03503	-199.9267	122.8917	1.007448	3.300157	2.327806
33600	-70.08682	-194.8089	124.7221	1.76642	0.669122	1.774245
33606	-72.33159	-196.3571	124.0255	1.577707	0.7871896	2.264035
33612	-74.65736	-198.0233	123.366	1.810362	3.406935	1.422083
33618	-71.81244	-198.2868	126.4744	1.668813	0.05257791	1.650422
33624	-68.73515	-195.3173	126.5821	1.310352	0.1859761	1.441985
33630	-68.61331	-191.885	123.2717	1.345465	2.853749	1.981224
33636	-74.48681	-199.4295	124.9427	1.343643	0.09089909	2.741733
33642	-74.62192	-198.1197	123.4978	1.591137	1.900888	1.994899
33648	-78.06616	-203.5773	125.5111	1.388196	0.4424696	1.732172
33654	-84.29209	-206.8886	122.5965	3.043857	4.34572	0.4342382
33660	-74.11554	-199.0887	124.9732	2.205689	1.089781	0.7907007
33666	-72.51435	-197.4084	124.8941	1.490773	1.089781	1.51175
33672	-66.57872	-189.3989	122.8201	1.410843	2.28286	2.410032
33678	-60.56708	-184.5215	123.9544	0.6304131	0.7504734	2.923319
33684	-58.91091	-183.1734	124.2625	0.8274416	0.7504734	2.615047
33690	-63.16871	-188.0203	124.8516	0.9841711	1.455453	1.688587
33696	-60.28226	-184.0003	123.718	1.601858	0.9766528	2.311847
33702	-67.75113	-191.9013	124.1501	2.052196	0.7192251	1.925394
33708	-60.91752	-185.2596	124.342	1.313932	1.356476	1.866903
33714	-60.58375	-187.1205	126.5367	1.617735	0.2916381	0.9695138
33720	-69.31099	-194.7844	125.4734	1.393145	0.4290877	1.772098
33726	-77.55008	-200.0999	122.5498	0.856985	1.219903	3.338487
33732	-79.20701	-203.9515	124.7445	1.013351	0.8436068	2.121343
33738	-83.36808	-208.4359	125.0678	1.243803	0.8436068	1.747536
33744	-76.69111	-200.9722	124.2811	1.862956	1.858995	1.244136
33750	-75.04368	-197.8809	122.8372	1.900769	5.523799	1.244136
33756	-70.08485	-194.7763	124.6914	2.229272	1.372042	0.8123425
33762	-76.13047	-200.0999	123.9694	2.147915	1.458736	1.480989
33768	-66.21125	-190.7036	124.4924	2.091888	1.295643	1.210837
33774	-79.16935	-203.7935	124.6241	2.110036	0.5461944	1.726502
33780	-70.27239	-197.1214	126.849	1.313036	0.1025673	1.46565
33786	-64.9957	-191.1207	126.125	2.198709	0.2237038	0.9751628
33792	-66.96575	-193.6185	126.6528	1.553925	0.05913073	1.580768
33798	-68.49375	-195.2923	126.7985	2.142831	0.05301215	0.9994386
33804	-60.14897	-186.1283	125.9793	1.919341	0.1483288	1.531298
33810	-67.34439	-193.5744	126.23	1.996517	0.2436639	1.018124
33816	-66.72774	-193.0515	126.3237	2.029716	0.2436639	0.8840208
33822	-71.11195	-197.3883	126.2763	1.482073	0.4668844	1.012663
33828	-66.15007	-192.5358	126.3857	1.609678	0.444124	0.7902681
33834	-67.76917	-194.5418	126.7726	2.038265	0.07229687	1.034871
33840	-71.63742	-198.6712	127.0338	1.62923	0.08553983	1.115814
33846	-69.61537	-194.5459	124.9306	1.558823	0.9513214	1.53554
33852	-66.2102	-192.8956	126.6854	1.815831	0.1942828	0.8751058
33858	-70.15736	-195.2776	125.1203	1.623789	0.5270092	1.740764
33864	-62.67079	-188.2964	125.6256	1.481611	0.5107877	1.496713
33870	-68.03684	-193.2152	125.1783	1.751747	1.545027	0.506061
33876	-65.38224	-190.0984	124.7161	2.426619	1.039279	0.8945437
33882	-72.22172	-195.7176	123.4959	1.714956	4.973854	0.9435838
33888	-67.87543	-194.3534	126.478	1.426076	0.3501851	1.086109
33894	-75.95861	-201.7955	125.8369	1.167202	0.3501851	1.784307
33900	-84.02717	-210.2371	126.21	1.678429	0.2856076	1.227868
33906	-83.6286	-209.2357	125.6071	1.594432	0.5829496	1.337142
33912	-74.42582	-201.1858	126.76	1.840257	0.06053654	1.271762
33918	-68.88403	-194.6066	125.7226	2.164844	0.4596293	0.88984
33924	-70.0273	-194.7457	124.7184	1.461104	1.374918	1.482618
33930	-71.54158	-197.5086	125.967	2.06343	0.2991477	1.073767
33936	-77.31469	-201.4705	124.1559	2.914617	1.354792	0.4609865
33942	-76.68527	-200.3174	123.6322	1.161412	2.808319	1.8758
33948	-74.66512	-198.3458	123.6807	1.629778	1.033983	2.281386
33954	-72.05337	-195.9236	123.8703	2.451352	2.14977	0.9182639
33960	-73.52308	-196.5905	123.0674	2.892564	3.386693	0.6151049
33966	-74.02529	-197.0834	123.0581	2.922373	3.386693	0.4650683
33972	-91.65308	-213.5045	121.8515	1.817931	11.36738	1.221814
33978	-82.7635	-209.9482	127.1847	1.918126	0.07151294	0.682987
33984	-80.25814	-205.8179	125.5598	2.822988	0.3124088	0.5125105
33990	-81.8138	-205.877	124.0632	1.138452	1.661863	2.022159
33996	-87.98588	-210.8146	122.8287	1.233772	2.154345	2.558998
34002	-80.85788	-207.1916	126.3338	1.312607	0.01674602	2.084599
34008	-66.85113	-193.1045	126.2534	1.393143	0.1954822	1.603437
34014	-78.37945	-203.6096	125.2301	1.501245	1.697374	0.7483403
34020	-82.62979	-206.0484	123.4186	2.040226	4.737634	0.7144302
34026	-81.26821	-207.4406	126.1724	2.405168	0.2172318	0.6687722
34032	-62.89555	-189.6587	126.7631	1.785552	0.1942416	0.8172557
34038	-72.62955	-196.1169	123.4873	1.627755	1.661109	2.079741
34044	-71.1856	-196.7157	125.5302	1.813164	0.5547003	1.25644
34050	-64.54322	-190.8571	126.3139	1.994737	0.1948622	1.072002
34056	-68.76407	-193.8199	125.0558	2.080814	1.157905	0.762422
34062	-63.15165	-189.7444	126.5928	2.695641	0.04420609	0.5422662
34068	-65.46132	-192.3792	126.9178	2.128702	0.06929883	0.787833
34074	-66.39281	-193.5417	127.1489	1.751943	0.08499529	0.878723
34080	-84.7755	-208.7643	123.9888	1.094739	1.562525	2.145235
34086	-78.16657	-203.0102	124.8436	1.108031	0.7023522	2.10657
34092	-70.97978	-196.026	125.0462	1.35654	0.4877563	2.017262
34098	-73.36061	-196.0445	122.6839	1.299087	6.100301	1.708878
34104	-80.86132	-201.7043	120.843	1.062213	7.757734	2.820142
34110	-80.48636	-203.3695	122.8831	1.174298	6.092014	1.657338
34116	-70.07859	-194.4076	124.329	1.943154	2.031203	1.037795
34122	-58.90182	-183.5748	124.673	1.840941	1.64628	1.037795
34128	-62.81151	-184.2815	121.47	1.851143	14.97706	1.13081
34134	-67.57539	-191.2763	123.7009	1.911374	4.155313	0.756011
34140	-66.63698	-190.3871	123.7502	2.059297	3.141574	0.9633222
34146	-69.31625	-191.9745	122.6583	1.258254	7.38699	1.553044
34152	-73.67631	-197.6515	123.9752	1.108163	5.46464	0.9378244
34158	-60.92519	-184.9127	123.9875	1.544087	1.990882	1.652411
34164	-65.68099	-189.0336	123.3526	1.496695	6.902357	0.8146898
34170	-73.83109	-195.5539	121.7228	1.806575	13.34955	1.115431
34176	-58.55901	-184.2521	125.6931	1.691935	0.6376436	1.115431
34182	-68.95291	-194.3014	125.3485	1.040311	1.42113	1.29075
34188	-64.11364	-187.4392	123.3255	1.591301	1.349002	2.355728
34194	-65.64594	-190.3976	124.7517	0.5232333	1.349002	2.125173
34200	-66.02371	-189.6347	123.611	0.5195264	1.018959	3.018751
34206	-68.37975	-192.5785	124.1988	1.180375	1.250519	2.109837
34212	-72.60258	-196.842	124.2394	0.5889474	1.250519	2.462487
34218	-68.20802	-192.1892	123.9812	0.7511392	0.5150791	3.033978
34224	-76.67724	-202.3883	125.7111	0.8225662	0.1157245	2.524879
34230	-79.67724	-205.1354	125.4582	1.347212	0.8540064	1.374814
34236	-75.59701	-200.8882	125.2912	1.750408	0.8540064	1.18054
34242	-87.42548	-212.1328	124.7074	1.647207	0.3915484	2.163435
34248	-96.05551	-220.2623	124.2067	1.16312	0.5131114	2.648954
34254	-76.43689	-199.7791	123.3422	1.916512	4.497705	1.036471
34260	-79.16998	-204.5376	125.3677	2.104039	0.9193763	0.512822
34266	-77.71792	-202.6805	124.9626	2.349022	1.075156	0.5469473
34272	-85.0676	-208.325	123.2574	1.554516	3.845722	1.575407
34278	-78.20266	-204.0325	125.8298	1.833872	0.5791211	0.9242094
34284	-78.4078	-203.9128	125.505	1.360587	1.009183	1.191024
34290	-77.82213	-201.8305	124.0084	2.296506	2.524338	0.6767147
34296	-74.74886	-198.8139	124.0651	1.905422	2.824533	0.9362642
34302	-77.52674	-202.1219	124.5952	2.709964	1.04111	0.661807
34308	-80.5134	-204.1477	123.6343	2.234946	3.458295	0.7376151
34314	-80.35349	-204.6722	124.3187	2.215823	1.360016	1.208936
34320	-80.385	-203.7587	123.3737	2.188987	3.996669	0.8869844
34326	-83.29574	-206.2757	122.9799	2.47655	4.112871	0.9606351
34332	-80.98891	-203.6536	122.6647	2.924598	4.112871	0.8072927
34338	-80.43312	-204.3952	123.9621	2.782915	1.549743	0.8648419
34344	-77.63938	-199.4745	121.8351	2.546711	9.787858	0.7201227
34350	-71.17532	-196.6252	125.4498	3.041822	0.24597	0.3533444
34356	-79.99817	-205.2806	125.2824	2.295417	0.8201442	0.4545482
34362	-76.31297	-199.541	123.228	3.008428	2.768769	0.4545482
34368	-75.96649	-201.2125	125.246	2.996492	0.3774562	0.4691555
34374	-71.10158	-195.6283	124.5267	3.130288	0.7452774	0.4180872
34380	-71.33825	-196.7091	125.3708	3.130288	0.2618799	0.5411187
34386	-74.9552	-196.8714	121.9162	3.423382	5.345611	0.402883
34392	-77.43687	-199.9886	122.5517	3.389047	3.484392	0.5516709
34398	-75.41762	-198.6091	123.1915	3.474837	1.808371	0.3200742
34404	-86.56671	-210.8623	124.2956	3.474837	0.6404086	0.6534977
34410	-80.20171	-199.6005	119.3988	2.091052	28.96841	1.657379
34416	-74.84365	-197.2097	122.3661	2.574042	5.072553	1.174746
34422	-72.3639	-198.5923	126.2284	1.962751	0.2236627	1.103135
34428	-73.80082	-198.022	124.2212	1.961451	0.9909874	1.727543
34434	-69.9094	-193.6738	123.7644	1.642442	1.491724	1.96551
34440	-77.05309	-199.864	122.8109	1.041514	4.357573	2.118843
34446	-79.27122	-202.5267	123.2555	1.84473	4.357573	1.218203
34452	-75.18079	-199.4398	124.259	1.59762	1.840363	1.48071
34458	-78.45551	-201.4023	122.9468	1.420486	3.55159	1.959642
34464	-81.90376	-205.0492	123.1454	1.802109	2.858896	1.75399
34470	-86.47017	-208.324	121.8538	1.4165	11.77389	1.493397
34476	-83.444	-208.0269	124.5829	1.940454	2.194927	0.4683845
34482	-83.23407	-207.8419	124.6079	1.147062	0.7266469	2.214283
34488	-78.01175	-202.9493	124.9376	0.9590379	0.7266469	2.122212
34494	-77.67581	-202.548	124.8722	1.506478	0.4705516	2.052632
34500	-84.90713	-210.0935	125.1863	1.825501	0.3167486	1.829247
34506	-83.08863	-207.5264	124.4378	1.712785	1.804764	1.267074
34512	-80.71786	-207.3154	126.5976	1.556901	0.09754056	1.487461
34518	-86.42154	-212.7333	126.3117	1.225616	0.1575847	1.767651
34524	-74.65921	-200.7796	126.1204	1.305212	0.09390924	2.010345
34530	-76.12846	-202.8027	126.6742	1.11934	0.2036005	1.476532
34536	-74.85825	-200.0708	125.2125	1.432536	1.081256	1.316532
34542	-74.95959	-198.0046	123.045	1.527092	6.115097	1.260299
34548	-79.75603	-205.9041	126.1481	1.178056	0.5629107	1.260299
34554	-84.53265	-210.8422	126.3096	1.591321	0.05461901	1.813602
34560	-91.32641	-215.2001	123.8737	0.8846523	1.071765	2.605728
34566	-91.18386	-211.6852	120.5013	1.167487	2.379718	3.907586
34572	-78.79865	-205.5342	126.7355	1.32046	0.2346582	1.195961
34578	-81.25669	-208.0235	126.7668	1.613966	0.1647854	1.093781
34584	-79.44455	-206.3744	126.9299	1.442533	0.07145373	1.411176
34590	-77.77843	-203.3796	125.6012	2.0894	0.3972016	1.191838
34596	-76.98502	-202.2132	125.2282	1.99827	0.7506651	1.124865
34602	-71.88224	-197.8668	125.9845	1.505842	0.469322	1.249773
34608	-68.88061	-194.9839	126.1033	1.456733	0.280717	1.497048
34614	-69.75964	-194.7436	124.984	1.751045	0.4478271	1.839587
34620	-74.10338	-197.023	122.9196	2.050378	4.354999	1.326205
34626	-72.10187	-197.2984	125.1965	1.967962	0.6178227	1.326205
34632	-67.27212	-192.4446	125.1724	1.967962	0.7119205	1.241727
34638	-69.92161	-193.4808	123.5592	1.606909	4.046698	1.247408
34644	-69.50391	-196.3825	126.8786	1.777547	0.1886263	0.680734
34650	-75.94853	-199.1476	123.1991	0.97279	2.029065	2.535111
34656	-74.86754	-200.8992	126.0316	1.444818	0.6717851	0.9834566
34662	-86.98679	-211.0695	124.0827	2.46108	1.208791	1.305217
34668	-87.31466	-212.4927	125.1781	2.46108	0.6504693	0.8343311
34674	-74.05818	-197.7675	123.7093	1.151949	2.365918	1.973268
34680	-74.84053	-200.052	125.2115	1.07069	1.438789	1.36549
34686	-69.38915	-194.1239	124.7348	1.764277	0.584482	1.849398
34692	-68.76064	-193.5297	124.7691	1.262402	1.407612	1.573719
34698	-67.39521	-191.7073	124.3121	1.202828	3.121429	1.241594
34704	-67.2452	-191.5142	124.269	0.8732759	1.936489	1.944705
34710	-65.99075	-189.311	123.3202	1.117475	1.936489	2.402716
34716	-64.1971	-190.6001	126.403	1.955712	0.3095429	0.634776
34722	-67.61561	-191.4419	123.8263	1.618408	3.380916	1.213658
34728	-66.53206	-191.8291	125.2971	2.002574	0.702392	1.113979
34734	-66.13701	-191.3304	125.1933	2.002452	0.6297713	1.287154
34740	-62.06115	-187.2772	125.216	2.323856	0.8568504	0.5152361
34746	-63.76208	-189.6694	125.9073	2.050679	0.5112496	0.6663953
34752	-59.73525	-185.9025	126.1672	2.330875	0.2466924	0.6663953
34758	-65.47671	-191.2368	125.7601	2.265401	0.4024349	0.8507579
34764	-62.83757	-188.3606	125.523	1.730146	0.727005	1.127488
34770	-64.66954	-191.4791	126.8095	1.896331	0.1176481	0.9419578
34776	-64.37606	-191.1267	126.7506	1.691456	0.01400469	1.527156
34782	-66.95028	-192.191	125.2407	2.07135	1.024447	0.6800491
34788	-73.10081	-199.6472	126.5464	2.11013	0.1813623	0.7198194
34794	-69.08996	-194.5286	125.4386	2.189899	0.5301603	1.03703
34800	-68.08464	-193.1775	125.0928	1.396275	0.5301603	1.912863
34806	-71.30419	-196.1828	124.8786	1.966716	1.038778	1.18344
34812	-65.31773	-190.2223	124.9046	1.577119	1.038778	1.475537
34818	-71.95235	-195.7963	123.8439	1.852929	3.576345	0.9027524
34824	-64.67933	-191.8683	127.189	1.897083	0.04368777	0.8956077
34830	-78.78304	-205.2952	126.5122	2.769486	0.01058669	0.7104779
34836	-78.40903	-202.661	124.252	1.827003	1.758205	1.349203
34842	-84.98577	-208.8395	123.8537	2.611463	1.236549	1.349203
34848	-77.91492	-199.8768	121.9619	1.495238	4.946592	2.261327
34854	-79.86863	-204.5337	124.665	1.390314	0.3832125	2.36602
34860	-69.46597	-195.1349	125.6689	2.351143	0.4350174	0.7789693
34866	-73.72062	-199.6062	125.8855	2.041441	0.4350174	0.8948419
34872	-78.97156	-203.6831	124.7116	2.726872	0.8667622	0.744454
34878	-78.03502	-202.056	124.0209	2.770305	1.682028	0.3662159
34884	-79.29639	-203.6863	124.3899	2.636789	1.295824	0.7501512
34890	-74.3571	-198.5174	124.1604	2.434072	1.476917	1.07587
34896	-80.81433	-204.167	123.3527	2.47832	3.425155	0.8096025
34902	-75.15985	-201.8424	126.6825	2.543554	0.04807067	0.6681715
34908	-82.40716	-205.1466	122.7395	2.302454	5.195329	1.051655
34914	-76.5373	-200.5374	124.0001	2.79826	1.733448	0.5368517
34920	-76.94983	-203.8155	126.8657	2.324273	0.03554932	0.8182388
34926	-68.61771	-194.1573	125.5396	2.379533	0.4051624	0.9635873
34932	-76.53093	-202.7993	126.2683	1.845818	0.1272843	1.4267
34938	-69.91858	-195.6159	125.6974	2.058574	0.4906024	0.9744719
34944	-73.13461	-198.407	125.2724	2.383713	0.2806215	1.424201
34950	-68.45254	-194.1989	125.7463	1.431881	0.2549399	1.817135
34956	-71.95807	-197.763	125.8049	1.141757	0.5560885	1.562769
34962	-83.00651	-206.9126	123.906	1.45745	1.022148	2.254805
34968	-78.55769	-203.383	124.8253	1.081634	0.2297219	2.680832
34974	-80.27791	-203.1954	122.9175	1.815752	0.9589253	2.690003
34980	-78.2836	-202.4244	124.1408	1.558673	0.9589253	2.077776
34986	-79.71925	-202.6672	122.948	1.352261	0.5533914	3.254923
34992	-69.71842	-193.914	124.1956	2.044964	2.407196	0.8548749
34998	-71.84212	-197.2656	125.4235	1.67075	0.8887812	1.099286
35004	-72.84855	-199.3285	126.48	1.706693	0.1890305	1.197099
35010	-77.50462	-203.0391	125.5345	1.193385	0.9408956	1.36164
35016	-72.57134	-198.3832	125.8119	1.654669	0.7066001	0.9461829
35022	-69.2401	-194.4429	125.2027	0.913332	0.7066001	1.994184
35028	-81.49437	-207.5013	126.0069	1.055813	0.778009	1.2379
35034	-78.76635	-204.1893	125.423	2.105921	0.6853507	0.9086337
35040	-78.77077	-204.0886	125.3178	2.648923	0.5131664	0.6411628
35046	-81.97417	-205.0812	123.107	2.701623	3.768195	0.6411628
35052	-74.24911	-198.0826	123.8335	0.1307048	0.8152742	3.247316
35058	-77.3529	-199.4334	122.0805	0.05092528	1.832329	3.819632
35064	-66.3856	-191.8592	125.4736	0.09977059	0.593779	2.444999
35070	-64.07125	-188.9031	124.8319	0.1287847	0.7411509	2.70178
35076	-65.07644	-188.105	123.0285	0.09333667	1.724805	3.283367
35082	-64.58037	-190.1376	125.5572	0.04478794	0.3667496	2.669639
35088	-67.43541	-191.0152	123.5798	0.2008392	0.3530572	3.766593
35094	-66.72195	-192.2758	125.5539	0.2666067	1.335389	1.764981
35100	-69.31001	-192.5849	123.2749	0.3738359	2.660284	2.656007
35106	-67.5952	-191.7818	124.1866	1.045278	2.660284	1.615992
35112	-71.31486	-194.4656	123.1507	1.176344	5.376026	1.592256
35118	-65.36179	-190.4293	125.0675	1.105359	2.445945	0.9104372
35124	-70.2251	-193.788	123.5629	1.234636	4.780207	1.361228
35130	-75.35528	-200.4104	125.0551	1.132823	0.5168164	2.127237
35136	-84.92332	-208.3375	123.4142	1.491287	3.663528	1.554137
35142	-86.87248	-212.8019	125.9294	2.684257	0.1855844	0.7652022
35148	-89.0111	-214.6231	125.612	2.539254	0.3716805	0.7652022
35154	-71.16676	-196.6113	125.4446	1.063526	0.3334217	2.141469
35160	-76.9766	-199.2941	122.3175	1.507932	4.33351	2.141469
35166	-73.58537	-198.6817	125.0963	1.360203	0.4953353	1.972897
35172	-63.13823	-187.1245	123.9862	1.152649	0.7343144	2.597224
35178	-57.00312	-181.8506	124.8475	1.603889	0.757065	1.721093
35184	-61.18813	-186.6614	125.4733	1.430598	0.757065	1.386932
35190	-67.41994	-192.2454	124.8254	0.9556576	0.3891943	2.530922
35196	-65.33885	-190.3203	124.9814	1.445661	0.6053285	1.87774
35202	-61.03309	-186.1714	125.1383	1.271787	0.5875989	1.906859
35208	-66.81356	-192.3886	125.5751	1.384874	0.5875989	1.517867
35214	-66.10393	-191.5403	125.4364	1.3456	0.09861536	2.413397
35220	-58.01522	-184.2922	126.277	1.699177	0.2294702	1.274944
35226	-59.85544	-185.2584	125.403	2.175349	0.6538059	0.9007567
35232	-76.57248	-200.2262	123.6537	2.203209	3.167326	0.9007567
35238	-69.98562	-196.5814	126.5958	1.413103	0.3130413	1.06398
35244	-77.3123	-200.3003	122.9879	1.425624	3.001306	2.073915
35250	-75.64398	-200.0624	124.4185	1.148077	1.100677	2.073915
35256	-74.66186	-201.0476	126.3858	1.427869	0.233449	1.396157
35262	-65.40887	-190.4664	125.0575	1.520189	0.73474	1.651025
35268	-63.68378	-189.0692	125.3854	1.522328	0.2466474	2.014857
35274	-63.50521	-189.1837	125.6785	1.180341	1.093436	1.125551
35280	-67.07553	-192.222	125.1465	1.459325	0.7757044	1.594278
35286	-67.10787	-191.3963	124.2884	0.6705554	0.7757044	2.6768
35292	-72.49215	-197.4026	124.9105	0.6451274	0.5334808	2.513521
35298	-71.60336	-195.4736	123.8702	1.385489	0.7774668	2.491497
35304	-68.27497	-194.9946	126.7197	2.066339	0.1628933	0.5561755
35310	-71.45179	-196.4456	124.9938	0.7642561	0.5948532	2.327128
35316	-67.63333	-191.4558	123.8224	1.156831	0.7693437	2.669035
35322	-79.68312	-205.2134	125.5303	1.806954	0.4106027	1.455664
35328	-76.5984	-200.9888	124.3904	1.75276	1.132746	1.659331
35334	-71.7638	-197.3581	125.5943	1.428859	0.8360609	1.213828
35340	-68.40617	-194.0092	125.603	1.65074	0.9217308	0.9040245
35346	-67.78279	-193.017	125.2342	1.9839	0.9217308	0.9428408
35352	-71.00044	-194.4695	123.4691	1.822839	1.137801	2.230573
35358	-74.25941	-198.5855	124.3261	1.531758	1.792277	1.502666
35364	-85.2764	-208.5383	123.2619	0.7930793	1.792277	2.696456
35370	-73.30794	-197.7692	124.4612	1.401849	1.792277	1.49877
35376	-64.59977	-188.6464	124.0466	0.9324164	1.792277	2.112348
35382	-83.58773	-208.8978	125.31	1.251355	0.7458255	1.652794
35388	-87.905	-210.8125	122.9075	1.727493	3.890379	1.691792
35394	-68.19395	-193.0602	124.8662	0.9940597	0.7470679	2.129231
35400	-69.7667	-194.0104	124.2437	1.372577	3.058326	1.17758
35406	-69.17551	-195.1278	125.9523	1.988766	0.4871577	0.7615156
35412	-67.20379	-192.7404	125.5366	2.469717	0.4629539	0.3271003
35418	-66.99889	-192.763	125.7641	1.848277	0.4629539	1.154709
35424	-69.92455	-195.5958	125.6713	1.711871	0.684832	1.057891
35430	-81.12053	-207.0271	125.9065	2.210662	0.3061134	0.9730735
35436	-88.18009	-212.961	124.7809	2.487911	0.7057945	1.137737
35442	-78.51457	-204.4796	125.965	2.289528	0.220747	1.051637
35448	-80.64733	-207.4662	126.8189	1.987852	0.08835981	0.9651051
35454	-70.17239	-195.4066	125.2342	2.162824	0.9522785	0.3709845
35460	-69.24069	-195.5809	126.3402	2.410125	0.1495143	0.3189633
35466	-74.10239	-200.2881	126.1857	1.478217	0.5808435	0.9211795
35472	-76.40443	-198.8996	122.4952	1.173541	4.637182	2.182778
35478	-78.77454	-205.4293	126.6547	1.432453	0.3861624	0.813169
35484	-84.22602	-210.5961	126.37	2.127985	0.1390444	1.068151
35490	-89.41652	-212.1255	122.709	1.945045	4.481086	1.539048
35496	-85.41175	-206.8981	121.4863	1.880633	9.997362	1.614629
35502	-78.8117	-203.322	124.5103	1.611467	0.9925781	1.769048
35508	-84.34398	-208.1231	123.7791	1.004378	3.170248	1.776458
35514	-69.18195	-192.0646	122.8827	1.519465	2.202002	2.329039
35520	-64.26896	-188.9683	124.6994	1.354604	0.5171339	2.213941
35526	-62.83653	-187.1135	124.277	1.332889	0.4050938	2.618061
35532	-60.80184	-185.0945	124.2926	1.235214	1.659681	1.802229
35538	-67.09916	-189.9015	122.8023	0.741874	0.7990986	3.504992
35544	-65.69884	-190.1991	124.5003	1.767948	2.197868	0.9473513
35550	-61.58347	-186.7898	125.2063	2.259311	0.9023757	0.6193431
35556	-63.7738	-188.5673	124.7935	2.005546	1.638517	0.7034372
35562	-69.07916	-193.1419	124.0627	2.358244	1.638517	1.129077
35568	-67.50338	-190.8813	123.3779	2.820409	2.846216	0.440128
35574	-69.67604	-191.7818	122.1058	2.863268	6.542105	0.758913
35580	-66.25209	-188.6097	122.3576	2.142325	8.09914	0.9416324
35586	-62.94003	-187.7262	124.7862	2.458972	0.8365757	1.011267
35592	-67.33826	-191.4642	124.1259	2.889808	1.075915	0.9924171
35598	-67.55053	-191.1728	123.6222	2.492705	3.057803	0.505024
35604	-61.61957	-184.6149	122.9954	2.34966	5.406263	0.5118822
35610	-59.14568	-180.9961	121.8504	2.166762	12.35318	0.7073948
35616	-60.91454	-183.7486	122.8341	2.850963	3.874991	0.2933632
35622	-57.80119	-182.4901	124.6889	2.414873	1.275985	0.6417264
35628	-64.5447	-189.5581	125.0134	2.031271	1.275985	0.7478174
35634	-68.72704	-193.2395	124.5124	2.236598	1.125489	1.195999
35640	-66.69991	-191.2083	124.5084	2.422052	1.428619	0.7365727
35646	-70.40397	-196.1877	125.7838	2.31874	0.4220043	0.6865821
35652	-67.60545	-194.1323	126.5268	2.350182	0.07299265	0.9654364
35658	-75.47792	-201.4387	125.9608	2.710468	0.1638643	0.7828851
35664	-80.61437	-203.1389	122.5246	2.320297	6.504688	0.923226
35670	-78.95912	-203.9713	125.0122	1.914316	1.140642	1.021485
35676	-76.68404	-201.7681	125.084	1.938657	0.791312	1.258032
35682	-86.86327	-210.9825	124.1192	2.149934	2.17358	0.960324
35688	-84.72381	-208.4169	123.6931	2.5211	2.093457	1.059055
35694	-81.98424	-205.6526	123.6684	1.812493	3.801693	1.041912
35700	-89.60895	-211.1079	121.4989	2.703325	10.51227	0.8160561
35706	-88.33629	-213.3041	124.9678	2.592238	0.6723943	0.8930174
35712	-82.4887	-208.5886	126.0999	1.929441	0.2198544	1.253112
35718	-93.74315	-214.7944	121.0513	2.562294	15.68945	0.7192802
35724	-93.31087	-215.3654	122.0545	2.364332	9.508876	0.7333646
35730	-79.85107	-205.7117	125.8606	1.583535	0.5021732	1.242094
35736	-78.4357	-204.5176	126.0818	1.546426	0.4186031	1.210326
35742	-70.54249	-196.2881	125.7456	1.964341	0.5078044	0.9922829
35748	-78.17259	-197.5928	119.4202	2.053715	36.03839	1.363816
35754	-67.62701	-193.391	125.7639	1.822174	0.2660539	1.504695
35760	-67.12824	-192.6019	125.4736	1.654457	0.4458192	1.563568
35766	-66.4394	-190.6956	124.2562	1.847641	1.846837	1.283667
35772	-63.27597	-188.4075	125.1315	1.770747	0.8783084	1.275293
35778	-74.15474	-199.2042	125.0495	1.324877	0.8783084	1.67577
35784	-73.53038	-199.0262	125.4958	1.584769	0.561864	1.456045
35790	-70.51271	-193.8719	123.3592	1.993196	4.740763	0.8598138
35796	-60.3675	-183.4767	123.1092	1.552693	4.404545	1.550731
35802	-59.44295	-185.9722	126.5293	1.931292	0.2587351	0.6786043
35808	-56.17099	-181.2675	125.0966	2.157938	1.133401	0.4424854
35814	-59.78816	-182.9877	123.1995	1.168209	1.894605	2.462756
35820	-69.50422	-192.5428	123.0386	1.995805	1.894605	2.033705
35826	-63.64711	-188.9932	125.3461	2.099937	0.5373483	1.192455
35832	-60.04184	-186.134	126.0922	1.653238	0.5373483	0.9045995
35838	-64.49005	-188.7784	124.2883	1.206623	1.432527	1.936075
35844	-65.50752	-189.6859	124.1783	1.476689	1.540624	1.771682
35850	-73.07138	-197.1724	124.101	1.617594	1.911723	1.550871
35856	-69.93242	-194.002	124.0696	1.663076	1.368	1.80797
35862	-72.13306	-193.775	121.6419	0.9235415	1.967495	3.52057
35868	-64.45589	-187.4147	122.9588	1.530757	1.128874	2.738378
35874	-64.1548	-188.1167	123.9619	1.389246	0.4390066	2.738378
35880	-64.33857	-188.7135	124.3749	1.884916	1.115096	1.586701
35886	-67.65489	-194.1111	126.4563	0.9289115	0.06994253	2.109407
35892	-59.94556	-186.2098	126.2642	0.8954974	0.4542879	1.52908
35898	-59.51182	-185.3089	125.7971	1.245359	0.4542879	1.61504
35904	-64.44045	-189.4997	125.0593	1.135038	2.134308	1.05618
35910	-55.86477	-181.1013	125.2365	1.457783	0.6558426	1.641448
35916	-67.05582	-189.4465	122.3906	1.149414	4.672272	2.259085
35922	-64.23105	-188.6313	124.4002	1.1422	0.3837945	2.68515
35928	-69.32125	-195.3749	126.0536	1.280271	0.7015233	1.083606
35934	-63.13482	-189.9331	126.7983	1.300102	0.1485113	1.378534
35940	-65.89942	-190.4347	124.5353	0.9825924	0.6764842	2.407164
35946	-68.67021	-194.443	125.7728	0.9494125	0.1670172	2.288486
35952	-63.49057	-189.1245	125.6339	1.271649	1.314093	0.8870951
35958	-64.75985	-190.0232	125.2633	2.41751	0.7113596	0.6421935
35964	-59.30462	-184.7239	125.4193	2.261518	0.7113596	0.6421935
35970	-65.39322	-189.2325	123.8393	2.555989	2.358015	0.6629537
35976	-66.05361	-190.996	124.9424	1.987796	0.8062064	1.319275
35982	-67.2168	-192.3696	125.1527	1.646202	0.8062064	1.422563
35988	-60.373	-185.9129	125.5399	1.982534	0.8062064	0.7211265
35994	-56.76613	-182.2343	125.4682	2.356921	0.6264452	0.546464
36000	-58.93753	-185.4743	126.5368	2.031805	0.2318867	0.5910145
36006	-54.8177	-181.1193	126.3016	1.637631	0.2465825	1.267401
36012	-62.39232	-187.3676	124.9753	1.135638	0.6066135	2.087921
36018	-68.46442	-193.9554	125.491	1.464813	0.5251631	1.59155
36024	-63.88044	-189.8719	125.9914	2.281623	0.3454987	0.6494651
36030	-67.55367	-193.194	125.6403	2.983445	0.2151014	0.4447337
36036	-65.87778	-191.505	125.6272	2.950303	0.2151014	0.3546218
36042	-70.45911	-196.0337	125.5746	2.695652	0.1706011	1.175498
36048	-75.31475	-201.651	126.3362	1.798092	0.08472001	1.544611
36054	-73.3361	-198.1264	124.7903	2.018709	0.6891827	1.524935
36060	-69.43646	-194.0368	124.6004	1.55544	0.7827157	1.90375
36066	-69.83251	-194.8931	125.0606	1.892776	1.055795	1.071497
36072	-68.4304	-193.6052	125.1748	1.632496	0.5196259	1.704556
36078	-80.99044	-207.0021	126.0117	1.790164	0.3143007	1.244354
36084	-68.2141	-192.577	124.3629	1.518062	0.7669227	2.099715
36090	-65.61008	-189.7888	124.1787	1.591735	0.9381409	2.045204
36096	-61.22186	-186.4128	125.1909	1.641219	0.921194	1.29471
36102	-68.88486	-193.2704	124.3856	2.092347	2.088871	0.767551
36108	-71.83381	-196.9232	125.0894	1.895674	1.223803	0.8823963
36114	-66.92458	-192.9974	126.0729	1.964558	0.2928445	1.081043
36120	-68.26329	-194.3537	126.0904	1.964558	0.1676197	1.361437
36126	-80.71332	-206.1044	125.3911	1.704021	0.2212207	1.93577
36132	-92.91918	-217.9391	125.02	1.493388	0.2650292	2.241694
36138	-90.33801	-214.7358	124.3978	1.747305	1.158797	1.64106
36144	-84.07319	-208.2858	124.2126	1.507831	2.147755	1.446718
36150	-86.57783	-211.4462	124.8683	1.382813	1.121015	1.589069
36156	-77.12728	-202.764	125.6368	1.917604	0.478527	1.181978
36162	-75.36705	-199.8094	124.4424	1.771308	1.7312	1.254146
36168	-84.52243	-208.8442	124.3217	1.24511	1.309609	1.952788
36174	-66.12098	-189.9758	123.8548	1.730675	2.387248	1.45252
36180	-68.091	-193.0777	124.9867	2.007565	0.8416862	1.232854
36186	-71.64715	-194.5467	122.8995	2.007565	5.899464	1.006254
36192	-75.74112	-199.0398	123.2987	1.810298	3.767799	1.371082
36198	-72.17967	-195.8288	123.6492	1.955514	1.972036	1.607717
36204	-70.95812	-196.0796	125.1215	2.205868	0.9878818	0.7171723
36210	-78.60528	-204.137	125.5317	1.662253	0.8651371	1.029849
36216	-80.24061	-203.2752	123.0346	1.45758	1.554842	2.525227
36222	-86.93625	-211.0409	124.1047	1.787715	2.76205	1.043663
36228	-81.75312	-205.0455	123.2924	2.48688	3.700184	0.7389
36234	-86.80935	-210.085	123.2756	2.925554	2.803317	0.6178516
36240	-77.50854	-201.6142	124.1057	2.925554	1.402532	0.4515751
36246	-80.91785	-203.7737	122.8558	2.942961	3.786065	0.3757069
36252	-83.20307	-207.1319	123.9288	2.817538	1.530358	0.8796109
36258	-80.507	-199.3852	118.8782	2.37722	50.00924	1.001196
36264	-74.60144	-198.6147	124.0133	1.961632	1.074286	1.815623
36270	-73.48266	-196.208	122.7253	2.08174	4.907899	1.324322
36276	-70.76394	-194.5813	123.8173	2.05561	3.131753	0.899113
36282	-91.68534	-216.3556	124.6702	1.948318	1.751536	0.8513961
36288	-85.16568	-206.2103	121.0447	1.74113	18.84294	1.254667
36294	-86.44995	-212.1785	125.7286	2.149364	0.524328	0.7645908
36300	-81.70646	-202.7115	121.0051	2.562677	16.24977	0.6961352
36306	-84.78136	-205.9883	121.2069	2.251597	10.35912	1.505881
36312	-72.46188	-196.1109	123.649	1.527179	4.062581	1.234497
36318	-76.87799	-199.8382	122.9602	1.971391	4.117869	1.41642
36324	-80.1782	-200.7806	120.6024	1.953426	6.60535	2.567958
36330	-82.82155	-206.4017	123.5802	2.629849	2.566663	0.7935358
36336	-83.47625	-206.8312	123.355	2.130871	2.566663	1.460706
36342	-80.88292	-204.1765	123.2936	2.627829	2.599274	1.087691
36348	-75.94105	-199.0073	123.0662	2.493107	2.715059	1.349422
36354	-79.25723	-202.6081	123.3509	2.263181	2.715059	1.305504
36360	-68.74615	-191.761	123.0148	2.576999	2.715059	1.323474
36366	-77.34161	-199.5791	122.2375	2.504562	7.577266	0.77115
36372	-77.12075	-199.6903	122.5695	2.489729	4.975922	1.092274
36378	-88.30923	-209.1064	120.7972	3.277776	3.47701	2.170978
36384	-84.75055	-209.6495	124.8989	2.205807	1.065302	0.9090959
36390	-74.3871	-199.3083	124.9212	2.509493	0.7432642	0.9348128
36396	-77.50899	-199.6583	122.1493	2.201075	7.85226	1.131974
36402	-72.61312	-195.6835	123.0704	2.125646	3.621664	1.34372
36408	-77.00512	-198.8688	121.8637	1.562585	4.044175	2.456608
36414	-97.80832	-219.8943	122.086	2.357522	9.645321	0.6480125
36420	-82.42791	-205.9646	123.5367	1.693381	1.134053	2.272494
36426	-82.72126	-206.6397	123.9184	2.190789	2.47538	0.9630325
36432	-80.10719	-204.2833	124.1762	2.451847	1.589499	0.9630325
36438	-78.61423	-202.554	123.9398	2.681806	1.589499	0.9696935
36444	-72.02952	-197.8458	125.8163	1.951538	0.3256441	1.251583
36450	-73.63916	-198.7604	125.1212	1.893638	0.2222353	1.987679
36456	-81.91612	-207.9339	126.0178	1.866255	0.2222353	1.365291
36462	-81.69937	-206.173	124.4736	1.772248	0.7725894	1.850703
36468	-98.54321	-222.9176	124.3744	1.736454	0.3331435	2.396687
36474	-93.21633	-219.0197	125.8034	2.007493	0.122154	1.665633
36480	-93.45071	-219.8977	126.447	1.395675	0.3102538	1.21773
36486	-82.30062	-208.2215	125.9209	1.395675	0.1516312	1.933015
36492	-82.20331	-206.3782	124.1749	1.46183	0.7719919	2.254254
36498	-87.30696	-209.684	122.377	1.260961	1.975014	2.88203
