Iteration	Posterior	Likelihood	Prior	rate_log_sd	rate_loss	tree_length
0	-60.32187	-184.8501	124.5282	2.278598	1.415937	0.9077118
6	-68.40763	-193.1251	124.7174	1.813361	1.415937	1.174614
12	-63.19741	-187.8818	124.6844	2.340983	1.415937	0.5173755
18	-66.74718	-191.028	124.2808	2.589336	1.61208	0.5839144
24	-64.43998	-191.2044	126.7644	2.295059	0.009130298	0.9611944
30	-74.11168	-197.9529	123.8412	2.238268	2.948246	0.7306968
36	-62.76499	-187.4319	124.6669	2.423335	1.330203	0.5405921
42	-69.1207	-194.7488	125.6281	1.951852	0.5995567	0.9806831
48	-77.28951	-200.9754	123.6858	2.291088	3.281117	0.6698829
54	-77.30711	-202.3707	125.0636	2.050053	0.8155139	1.156015
60	-86.61181	-209.8007	123.1889	2.312448	4.33514	0.828319
66	-73.78419	-199.006	125.2218	2.0897	0.5380591	1.303759
72	-69.31656	-194.7312	125.4146	1.36539	0.954128	1.308939
78	-65.70347	-191.1979	125.4944	1.786341	0.492659	1.386737
84	-67.47624	-192.7659	125.2897	1.482856	0.3236498	1.981076
90	-69.14688	-194.5304	125.3835	1.879413	0.2099421	1.843574
96	-60.33778	-185.1542	124.8164	1.396144	2.06352	1.076646
102	-61.70174	-188.1772	126.4755	1.86611	0.2628239	0.8389455
108	-67.73573	-192.0167	124.2809	1.753999	2.048645	1.240594
114	-71.53328	-197.3832	125.8499	1.531634	0.3308935	1.543945
120	-76.164	-198.414	122.25	1.975919	3.39031	2.09395
126	-73.85323	-198.8722	125.0189	1.272249	0.8167327	1.783294
132	-65.58918	-191.7313	126.1421	2.148726	0.3116257	0.7492578
138	-66.61536	-192.8828	126.2675	1.539045	0.3116257	1.245529
144	-59.24675	-183.8834	124.6366	1.551796	0.4904807	2.155191
150	-57.13558	-180.7756	123.64	1.666536	2.343503	1.674283
156	-59.41617	-183.7062	124.2901	1.233228	2.343503	1.516355
162	-54.14461	-179.7033	125.5587	1.659597	0.4937424	1.433746
168	-61.11964	-186.4426	125.3229	1.416782	0.8449602	1.433746
174	-71.37474	-197.277	125.9023	1.994815	0.3923768	1.01099
180	-61.44784	-185.685	124.2372	0.8573559	1.299457	2.267905
186	-66.45902	-191.6223	125.1633	0.8642886	0.4824266	2.267905
192	-71.27261	-195.4236	124.151	1.432298	0.5664252	2.464317
198	-77.15696	-200.5562	123.3993	1.682961	1.216589	2.320308
204	-81.75901	-208.067	126.308	2.405242	0.1212563	0.9186434
210	-77.51014	-204.1857	126.6756	2.55562	0.05192976	0.6120367
216	-69.7953	-196.6259	126.8306	2.55562	0.02003562	0.472129
222	-63.11337	-189.1631	126.0497	2.210053	0.127726	1.310626
228	-68.43342	-193.205	124.7715	1.824794	0.6334928	1.732986
234	-62.43494	-188.209	125.7741	2.247483	0.463779	0.697065
240	-68.62295	-192.7116	124.0887	1.947134	1.976813	1.274686
246	-70.72598	-195.7233	124.9974	2.164017	0.9844647	0.9339675
252	-69.28286	-194.5621	125.2792	1.516966	1.524806	0.8241794
258	-71.96078	-196.8201	124.8593	1.518771	0.4472516	2.079976
264	-68.50139	-193.8199	125.3185	1.827243	0.5356472	1.437307
270	-74.08459	-196.7769	122.6923	1.694619	2.100558	2.374372
276	-73.24847	-194.5445	121.2961	2.594147	13.90756	0.500599
282	-75.97232	-197.8175	121.8452	1.740699	13.90756	0.9974431
288	-80.15932	-204.1475	123.9881	1.39333	1.355518	2.051727
294	-84.21088	-208.953	124.7421	2.361097	0.3370701	1.734632
300	-80.65834	-206.4997	125.8414	2.621045	0.2415792	0.7503345
306	-76.13558	-200.516	124.3804	2.13724	1.997026	0.7861098
312	-81.40508	-203.441	122.0359	2.504952	8.931123	0.6923467
318	-77.52897	-201.2146	123.6856	2.156715	3.565647	0.3323205
324	-79.66472	-204.2721	124.6074	1.778192	1.537199	1.221838
330	-78.3104	-201.6846	123.3742	2.157951	2.134541	1.592548
336	-81.77335	-208.0124	126.239	2.408709	0.1448761	0.893502
342	-71.85896	-196.2721	124.4131	1.521095	2.320078	1.199953
348	-71.41829	-196.9828	125.5645	2.003201	0.6885023	0.8591685
354	-65.04655	-191.2355	126.189	1.486751	0.627093	0.8292366
360	-63.62859	-187.7829	124.1543	2.212339	2.206342	0.8292366
366	-63.35279	-188.3168	124.964	1.693593	1.627115	0.9028907
372	-65.66397	-191.4386	125.7746	1.229888	0.04713025	2.426039
378	-62.798	-188.7482	125.9502	1.200851	0.2817502	1.789557
384	-64.89667	-191.4483	126.5516	1.489363	0.3501815	0.9515031
390	-68.95167	-196.213	127.2614	1.722009	0.02778079	1.0743
396	-74.24155	-198.1239	123.8824	1.893424	3.039618	1.039242
402	-69.759	-193.8044	124.0455	1.20184	1.945358	1.869896
408	-70.01157	-193.6639	123.6523	1.594965	1.945358	1.869896
414	-66.50176	-191.5845	125.0827	1.326834	0.6256812	1.869896
420	-62.15099	-187.2355	125.0845	1.359193	0.487844	1.989862
426	-70.39048	-193.3225	122.932	1.397804	2.061037	2.424621
432	-69.05434	-192.9507	123.8964	1.440528	1.415768	2.050092
438	-69.02243	-194.552	125.5296	1.643792	0.8229448	1.094504
444	-68.29693	-194.0598	125.7629	1.257089	0.8229448	1.229294
450	-72.26015	-197.7726	125.5124	1.761757	0.8229448	0.9979215
456	-67.61745	-192.7413	125.1238	1.08091	0.8229448	1.838056
462	-68.2586	-193.7912	125.5326	0.9577628	0.6152422	1.824596
468	-66.21302	-191.0622	124.8492	1.343129	1.459343	1.423491
474	-64.65307	-188.7328	124.0797	1.415506	1.496009	1.903766
480	-66.69519	-189.8397	123.1445	1.499067	4.576592	1.525202
486	-81.73468	-204.0905	122.3558	2.192497	9.076036	0.6248986
492	-79.2085	-200.8437	121.6352	2.623837	10.84983	0.6445528
498	-88.0442	-213.0834	125.0392	2.623837	0.7375104	0.6030841
504	-85.89467	-208.0466	122.1519	2.889014	6.586674	0.6030841
510	-75.65444	-198.3666	122.7121	2.03297	6.440516	1.039871
516	-71.03352	-192.0122	120.9787	2.158413	19.66608	0.8429516
522	-66.51364	-191.0905	124.5769	1.635337	2.288715	0.9550526
528	-67.2219	-192.4211	125.1992	1.67894	1.376236	0.8611762
534	-77.4871	-202.0052	124.5181	1.90609	2.259089	0.7055103
540	-69.86556	-194.7646	124.8991	1.84715	1.211371	1.131482
546	-59.57677	-185.7302	126.1535	2.009752	0.3886898	0.6919491
552	-63.47434	-190.1462	126.6719	1.243375	0.3886898	1.000114
558	-68.17137	-192.4753	124.3039	1.609915	1.890378	1.413306
564	-58.85046	-185.1741	126.3236	1.396725	0.2604809	1.413306
570	-62.51596	-189.4106	126.8946	1.15902	0.1682356	1.360905
576	-68.06671	-192.056	123.9893	1.339772	1.721973	1.909741
582	-72.61133	-198.2177	125.6064	1.636511	0.8852759	0.9581822
588	-69.35202	-195.4207	126.0687	1.527444	0.1909388	1.649828
594	-60.08604	-185.1179	125.0319	1.920355	0.8980437	1.215485
600	-71.20719	-194.2493	123.0421	2.310982	5.318393	0.4169729
606	-71.49641	-194.856	123.3596	2.794051	2.964319	0.4781467
612	-67.57607	-191.9226	124.3465	1.99398	2.547919	0.5445296
618	-72.46346	-197.1692	124.7058	2.225048	1.13087	1.025989
624	-67.02089	-192.2216	125.2007	1.46558	1.275317	1.154334
630	-74.46929	-198.4653	123.996	2.187968	1.275317	1.539434
636	-67.16952	-192.0668	124.8973	1.830542	1.0027	1.311242
642	-72.04754	-197.1814	125.1338	1.995415	0.5653993	1.414582
648	-76.6539	-201.3122	124.6583	2.249216	0.576491	1.568858
654	-61.82711	-186.9432	125.1161	2.249216	0.7473019	0.997352
660	-70.34054	-195.9828	125.6422	2.416643	0.4159694	0.773882
666	-70.96696	-196.9116	125.9447	2.141411	0.4159694	0.733462
672	-62.85622	-186.9693	124.1131	2.414607	1.954617	0.8064375
678	-64.21927	-188.2944	124.0751	2.317647	2.190943	0.8064375
684	-56.90513	-180.7967	123.8916	2.37534	2.190943	0.952659
690	-53.70562	-176.3242	122.6186	2.181986	4.753814	1.364895
696	-60.79065	-183.6534	122.8627	2.316081	4.753241	1.039847
702	-60.24085	-184.3655	124.1246	1.47048	2.018543	1.594804
708	-59.7074	-186.0247	126.3173	1.63203	0.3119654	1.121156
714	-62.42703	-187.4358	125.0088	2.087999	0.3783422	1.67847
720	-79.74975	-204.1244	124.3747	1.982294	2.13126	0.89024
726	-84.43909	-208.5754	124.1363	1.62871	2.13126	1.419499
732	-72.85711	-198.7002	125.8431	1.876795	0.3116076	1.316645
738	-69.2782	-192.4629	123.1847	2.102363	4.12158	1.121217
744	-66.8531	-188.7822	121.9291	1.725595	5.574338	2.022162
750	-72.39642	-198.4069	126.0105	1.99016	0.192205	1.342562
756	-66.13892	-191.6606	125.5217	2.017258	0.7414005	0.8104772
762	-63.89663	-188.8728	124.9761	2.048423	0.851056	1.198107
768	-70.80835	-194.29	123.4817	3.073114	2.121128	0.4281068
774	-65.63882	-191.2777	125.6389	2.986993	0.2080791	0.396814
780	-71.81823	-195.3909	123.5727	2.021074	3.179967	1.153382
786	-66.88593	-191.5589	124.673	1.193823	1.562683	1.610069
792	-71.7358	-196.6362	124.9004	0.6743438	1.184106	2.018515
798	-74.93579	-199.8867	124.9509	1.072337	0.6765881	2.081783
804	-69.9761	-195.3539	125.3778	1.737817	0.7444301	1.228035
810	-78.3025	-200.9751	122.6726	1.804411	4.360051	1.694414
816	-71.06961	-196.4287	125.3591	1.697063	0.253749	1.902697
822	-71.98414	-196.5642	124.58	1.836208	0.7775801	1.728277
828	-75.932	-198.8384	122.9064	1.809252	0.7778202	2.823947
834	-73.10724	-193.7037	120.5965	2.299903	23.07312	0.789779
840	-73.67825	-195.8688	122.1906	1.529143	1.929397	2.849021
846	-67.80758	-190.2406	122.433	1.34676	1.929397	2.81257
852	-70.22257	-194.8749	124.6523	1.576525	1.248117	1.523029
858	-65.34895	-189.1521	123.8031	1.776987	3.134497	1.181539
864	-64.60228	-190.433	125.8307	1.492225	0.4666755	1.388336
870	-61.012	-184.6075	123.5955	1.172798	4.291401	1.498021
876	-58.17592	-184.8634	126.6874	1.318394	0.3832862	0.9164845
882	-55.26753	-179.513	124.2455	1.369163	2.247688	1.485658
888	-56.90817	-181.7834	124.8752	0.9428211	0.9268015	2.021555
894	-61.73189	-188.05	126.3182	1.658584	0.1748664	1.404184
900	-66.91722	-191.4071	124.4898	1.609604	1.564326	1.435949
906	-72.80226	-195.014	122.2118	0.710793	1.564326	3.46481
912	-70.6057	-195.4932	124.8875	2.081574	1.453258	0.6291566
918	-68.0068	-189.8484	121.8416	1.265123	7.201666	2.136419
924	-63.24924	-188.7425	125.4932	1.573284	0.4726597	1.574211
930	-62.4912	-187.613	125.1218	1.056336	0.4726597	2.181514
936	-63.40759	-189.2882	125.8806	0.8229428	0.1366284	2.36782
942	-67.03138	-192.3225	125.2911	1.279702	0.1366284	2.451596
948	-71.37028	-195.0914	123.7211	1.802268	3.382723	1.144742
954	-65.99466	-188.6199	122.6252	1.79329	7.669637	1.102516
960	-71.51283	-193.6152	122.1024	2.412679	7.669637	1.010824
966	-73.95344	-197.9923	124.0389	2.612322	1.119631	1.282519
972	-76.37916	-200.2749	123.8957	2.588776	1.924779	0.8814791
978	-71.42679	-195.8856	124.4588	1.781661	2.287954	0.9253356
984	-76.21055	-199.4482	123.2376	1.826186	4.57724	1.191558
990	-72.62351	-194.6412	122.0177	1.655922	14.21	0.8637898
996	-79.12088	-204.6823	125.5614	1.701389	1.015261	0.7737307
1002	-79.39604	-203.0845	123.6885	1.169882	2.034058	2.095076
1008	-82.65174	-207.2368	124.585	1.930881	2.034058	0.7579665
1014	-83.1769	-207.809	124.6321	2.102925	1.814912	0.4226138
1020	-84.19708	-204.3259	120.1288	1.62746	42.64016	0.7855373
1026	-79.40025	-203.0893	123.689	1.405843	3.291959	1.517688
1032	-83.05068	-206.6236	123.5729	0.7607611	4.556228	1.752814
1038	-74.81986	-198.5394	123.7195	0.9726451	0.9905486	2.69545
1044	-101.4264	-224.1399	122.7135	3.125789	2.428991	1.233192
1050	-75.12162	-198.6733	123.5517	1.445956	1.9692	2.028272
1056	-71.4351	-195.4802	124.0451	1.41063	1.302367	2.030919
1062	-80.77378	-206.3787	125.6049	1.2954	0.4505907	1.721237
1068	-74.92801	-197.8997	122.9717	1.290806	4.05664	1.910782
1074	-76.14798	-199.6693	123.5213	1.606364	4.472817	1.16373
1080	-95.31893	-218.002	122.683	1.858787	5.156767	1.476656
1086	-99.31847	-222.076	122.7575	1.648181	5.156767	1.577894
1092	-80.88131	-206.0835	125.2022	1.34691	0.2055352	2.322338
1098	-81.03704	-204.2573	123.2203	1.783985	3.919217	1.411707
1104	-76.49288	-201.4293	124.9364	1.610458	1.611244	1.029259
1110	-65.01521	-192.0184	127.0031	1.432847	0.2018272	0.923093
1116	-71.47107	-198.2267	126.7556	2.183829	0.1144876	0.631593
1122	-72.65401	-196.7885	124.1345	2.114008	2.299037	0.9101058
1128	-71.86305	-196.4585	124.5955	2.199941	1.680056	0.6570538
1134	-67.71909	-193.922	126.2029	1.693311	0.1711858	1.475011
1140	-71.45767	-197.1774	125.7197	1.595988	0.4085089	1.475011
1146	-76.34381	-200.8686	124.5248	1.579141	2.017068	1.197585
1152	-79.00786	-202.6611	123.6533	1.565369	2.017068	1.860524
1158	-78.1475	-202.0411	123.8936	1.798642	1.723157	1.656744
1164	-78.17586	-202.8038	124.6279	1.938413	0.8715421	1.541923
1170	-67.70421	-189.8934	122.1892	1.143437	5.898056	2.180245
1176	-62.04031	-185.3487	123.3084	1.757362	3.17687	1.573205
1182	-70.28131	-190.7538	120.4725	1.728752	11.37028	2.264094
1188	-70.12836	-192.4417	122.3133	1.683589	9.175761	1.231163
1194	-80.995	-204.3692	123.3742	1.749574	3.340795	1.481652
1200	-70.90679	-195.2494	124.3426	2.223967	2.083595	0.6091464
1206	-69.59452	-193.681	124.0865	2.480137	2.083595	0.6089329
1212	-86.28031	-210.7446	124.4643	2.008375	2.277955	0.5668551
1218	-80.47517	-204.9542	124.479	1.542729	0.8862192	1.914264
1224	-75.61598	-198.3289	122.7129	2.822044	4.57139	0.3641435
1230	-78.29454	-204.2236	125.9291	2.333547	0.2810354	0.8793345
1236	-80.8999	-205.7281	124.8282	1.834808	1.263011	1.166185
1242	-63.86625	-187.1062	123.24	2.545941	3.821039	0.6503269
1248	-63.77953	-189.1982	125.4187	2.060659	0.8777672	0.6503269
1254	-60.92564	-184.4587	123.5331	1.674461	3.500571	1.370108
1260	-77.0341	-200.4607	123.4266	2.118775	3.242293	1.173801
1266	-68.44244	-191.9937	123.5513	2.384397	1.430507	1.630612
1272	-61.02114	-185.5963	124.5752	1.461191	2.257608	1.139522
1278	-75.36503	-197.8764	122.5113	1.896905	7.241046	1.188298
1284	-65.20989	-189.6965	124.4866	2.100927	1.984723	0.6885881
1290	-63.35538	-187.9678	124.6124	2.716	1.059111	0.464578
1296	-72.04431	-195.9425	123.8982	2.132254	3.258707	0.464578
1302	-76.72584	-198.0503	121.3244	2.10682	17.25785	0.7511036
1308	-78.07167	-203.2483	125.1766	1.93941	0.7757831	1.194952
1314	-75.41014	-199.3761	123.9659	2.533122	1.986963	0.8186537
1320	-68.67101	-192.9968	124.3258	2.173247	1.986963	0.8186537
1326	-67.90303	-192.178	124.2749	2.276146	1.848345	0.858363
1332	-73.6719	-199.3841	125.7122	1.172716	0.1826852	2.150857
1338	-82.54732	-207.1444	124.5971	1.737274	0.7555379	1.804081
1344	-86.83076	-212.3099	125.4791	1.740412	0.9949413	0.8560292
1350	-91.0171	-214.4497	123.4326	2.041496	2.768189	1.397322
1356	-87.68578	-214.755	127.0692	2.245955	0.02549834	0.6937824
1362	-78.95278	-204.532	125.5792	1.763419	1.046357	0.5180983
1368	-82.98955	-205.7243	122.7348	2.0744	6.771173	0.8971574
1374	-80.19865	-204.5193	124.3207	1.689318	1.022024	1.826187
1380	-83.92538	-207.7569	123.8315	1.792455	1.88413	1.632165
1386	-84.97687	-209.4067	124.4298	2.084968	1.88413	0.8750945
1392	-68.63136	-192.9341	124.3027	2.197064	1.714592	1.006692
1398	-75.68312	-195.853	120.1699	2.702043	25.02528	0.5236635
1404	-69.83902	-195.0627	125.2237	2.543331	0.6442133	0.6494448
1410	-71.19078	-196.3006	125.1099	2.469852	0.6951436	0.8338312
1416	-63.78429	-189.3885	125.6042	2.58016	0.4081412	0.4885506
1422	-58.63914	-183.7125	125.0734	2.877912	0.535458	0.4224916
1428	-70.26484	-194.755	124.4901	1.973067	1.658799	1.077829
1434	-62.24323	-188.2246	125.9814	1.674558	0.5321795	1.007101
1440	-56.47643	-181.0638	124.5874	2.109975	1.895222	0.5233201
1446	-69.29709	-193.034	123.7369	2.833899	2.112995	0.5014341
1452	-70.85556	-195.2566	124.401	1.825967	2.112995	1.036324
1458	-64.8125	-187.8472	123.0347	2.040548	5.473539	0.9439678
1464	-69.70795	-194.5054	124.7974	2.41283	1.024881	0.8309649
1470	-67.12666	-192.8741	125.7474	2.218366	0.4432424	0.8309649
1476	-64.83213	-188.4094	123.5773	1.98877	4.044223	0.8644941
1482	-63.69324	-189.275	125.5817	1.431687	0.3878502	1.724167
1488	-63.84151	-186.3905	122.5489	1.183388	6.515646	1.816698
1494	-59.83873	-184.9798	125.1411	0.8151762	1.092403	1.816698
1500	-75.94373	-197.632	121.6883	1.545514	13.0193	1.396052
1506	-59.57803	-183.0077	123.4297	1.826697	3.510161	1.328445
1512	-61.21359	-186.2249	125.0113	2.134472	1.178412	0.7203069
1518	-57.35455	-181.8438	124.4893	1.817588	1.644709	1.224652
1524	-61.83307	-186.1588	124.3257	1.760758	1.644709	1.402738
1530	-60.20397	-184.1112	123.9072	1.723375	2.52672	1.363603
1536	-59.9924	-184.0335	124.0411	1.825009	2.078887	1.363603
1542	-66.29539	-190.4629	124.1675	1.658961	2.078887	1.394753
1548	-75.49539	-199.8292	124.3338	1.806758	2.481875	0.9262605
1554	-74.55468	-197.0831	122.5284	1.629521	2.481875	2.391912
1560	-71.84531	-195.0928	123.2475	1.655364	1.375025	2.351536
1566	-75.37199	-197.5645	122.1926	2.401926	1.614732	2.434748
1572	-73.99381	-198.4387	124.4448	2.071691	1.335064	1.240966
1578	-74.82509	-200.7753	125.9502	2.270813	0.2680243	0.9600971
1584	-69.41505	-191.9572	122.5422	2.264862	4.386009	1.446087
1590	-71.66123	-194.7644	123.1031	1.5271	2.91298	1.955063
1596	-65.72202	-189.2701	123.5481	1.850247	2.495327	1.552207
1602	-64.26197	-188.9781	124.7161	2.368001	1.209058	0.7730975
1608	-66.45852	-190.5183	124.0598	1.84306	2.946074	0.9515318
1614	-65.28123	-186.4548	121.1735	2.33192	17.04473	0.6598536
1620	-58.41242	-183.1321	124.7197	2.126245	1.612984	0.6469329
1626	-63.38144	-188.2671	124.8857	2.216703	1.193698	0.7660998
1632	-64.48985	-188.4525	123.9627	2.22058	2.70675	0.7368656
1638	-60.10231	-185.2013	125.099	2.126353	0.8904344	0.9705335
1644	-54.91621	-179.7588	124.8426	2.234396	1.326906	0.6040636
1650	-57.40371	-183.9305	126.5268	1.79443	0.1996489	1.046437
1656	-65.90486	-187.9046	121.9997	2.065029	11.15493	0.8687811
1662	-86.47752	-210.8732	124.3957	2.185235	2.045689	0.6282414
1668	-88.81477	-213.1828	124.368	2.212898	2.045689	0.6282414
1674	-67.20903	-192.2816	125.0725	2.586494	0.7554994	0.4863627
1680	-68.87369	-194.1915	125.3178	2.328444	0.7641407	0.53679
1686	-68.56235	-192.5305	123.9682	2.214953	2.81156	0.6517051
1692	-65.73614	-189.8665	124.1304	1.877747	1.610644	1.480689
1698	-67.29331	-192.1911	124.8978	1.468903	0.4870372	2.041938
1704	-73.81286	-199.1316	125.3188	2.058533	0.4870372	1.317627
1710	-79.06624	-199.2332	120.1669	1.673635	5.568417	3.151886
1716	-84.50693	-205.7278	121.2209	1.691044	5.568417	2.500427
1722	-85.43879	-208.2475	122.8087	1.569844	2.606054	2.212525
1728	-86.7483	-209.2894	122.5411	2.17361	3.589242	1.711211
1734	-82.75607	-205.6734	122.9173	1.830366	2.488925	2.007792
1740	-84.02197	-207.727	123.705	2.388964	2.092962	1.168448
1746	-90.62133	-213.7149	123.0936	2.244527	2.092962	1.747727
1752	-90.11556	-213.8264	123.7108	3.349967	1.319237	0.6579859
1758	-88.67181	-209.757	121.0852	2.483831	13.01827	1.116978
1764	-93.15815	-216.4583	123.3002	2.786884	1.521895	1.468624
1770	-83.89885	-207.1442	123.2453	2.716122	3.427916	0.5554032
1776	-83.89805	-207.1396	123.2415	2.716122	3.427916	0.5722708
1782	-80.39737	-203.9785	123.5811	1.860972	2.456592	1.534042
1788	-83.08213	-205.4303	122.3482	1.847451	4.493382	1.861437
1794	-80.73214	-204.0675	123.3354	1.92393	4.173207	1.130991
1800	-76.66891	-196.7163	120.0473	2.617785	27.55272	0.3821983
1806	-75.85452	-195.8333	119.9788	2.606953	27.55272	0.7759593
1812	-71.75684	-195.2549	123.4981	2.267181	3.669141	0.7759593
1818	-75.94372	-198.4678	122.5241	2.821405	5.402791	0.4811165
1824	-74.99369	-199.1783	124.1846	2.686042	1.547738	0.6894103
1830	-75.15245	-196.8337	121.6813	2.708418	10.0675	0.3998668
1836	-67.22403	-194.0057	126.7816	2.500827	0.03826793	0.6519441
1842	-66.23062	-188.9978	122.7672	2.147441	5.8924	1.000437
1848	-78.41945	-202.6624	124.243	2.148357	1.273556	1.382849
1854	-68.81935	-193.565	124.7457	1.877585	0.4543292	1.907954
1860	-71.8469	-195.076	123.2291	1.289495	3.197858	1.949876
1866	-71.24779	-195.398	124.1502	1.586439	0.7358823	2.218588
1872	-69.36498	-193.8183	124.4533	2.013096	0.9783165	1.532019
1878	-71.53483	-197.0792	125.5444	2.080811	0.4450278	1.171315
1884	-79.17982	-203.1169	123.9371	2.22993	2.071388	1.114383
1890	-91.28801	-216.1633	124.8753	1.947591	1.001354	1.23404
1896	-73.70382	-198.0647	124.3608	2.156256	1.688204	1.006942
1902	-68.18883	-193.2336	125.0448	1.880246	1.163262	1.002891
1908	-72.66656	-196.5213	123.8548	2.072556	2.777043	1.002891
1914	-77.2867	-200.0023	122.7156	1.894135	6.654282	1.121232
1920	-77.9041	-201.179	123.2749	1.886471	5.322732	0.8930816
1926	-81.49125	-204.1035	122.6123	1.830371	6.127604	1.362579
1932	-84.3924	-208.3542	123.9618	2.11302	0.9313992	1.845037
1938	-77.17376	-200.7561	123.5824	1.771334	3.036464	1.399891
1944	-78.3358	-203.2839	124.9481	1.771334	0.852362	1.442867
1950	-77.31883	-199.9434	122.6245	1.582279	2.236049	2.440966
1956	-93.53579	-218.2719	124.7361	1.289931	2.236049	1.158872
1962	-79.02123	-202.1412	123.12	2.951134	2.982458	0.3297729
1968	-78.33137	-201.8928	123.5614	2.541915	2.982458	0.662391
1974	-73.80126	-198.1133	124.312	2.460613	1.594684	0.7896718
1980	-70.79902	-194.221	123.422	2.221044	3.221082	1.094025
1986	-70.20576	-193.2878	123.082	2.281295	3.221082	1.332472
1992	-77.41302	-199.5644	122.1514	2.88261	3.221082	1.583401
1998	-74.93358	-198.039	123.1054	1.928641	3.221082	1.583401
2004	-73.82522	-197.8163	123.9911	1.682679	2.708667	1.259
2010	-70.79469	-196.8069	126.0122	2.469452	0.266089	0.5817304
2016	-67.299	-193.3534	126.0544	2.607177	0.1926387	0.6446084
2022	-75.30209	-199.7006	124.3985	0.8790748	0.7789009	2.476729
2028	-70.42199	-195.882	125.46	1.814282	0.6908987	1.150136
2034	-80.0881	-205.7853	125.6972	1.93393	0.6908987	0.7730917
2040	-67.5546	-195.0529	127.4983	1.513009	0.06706751	0.8471071
2046	-73.28085	-197.5755	124.2947	1.328887	2.903677	1.227824
2052	-73.56121	-199.9314	126.3701	2.529699	0.1323176	0.5104766
2058	-69.00804	-194.5316	125.5236	2.056767	0.7930364	0.641157
2064	-75.29484	-200.7229	125.428	2.306755	0.6287501	0.7449305
2070	-71.1154	-195.9083	124.7929	2.192664	1.350975	0.7449305
2076	-73.81797	-198.6566	124.8386	1.880224	1.461677	0.9649478
2082	-73.42695	-198.1755	124.7486	2.031526	1.395666	0.9535148
2088	-69.51446	-195.8014	126.2869	1.729328	0.2435096	1.209593
2094	-62.82876	-189.1855	126.3567	1.473521	0.2811437	1.285116
2100	-73.05421	-197.6287	124.5745	2.103654	1.433345	1.027287
2106	-71.84318	-197.2156	125.3725	2.97568	0.2872948	0.3137473
2112	-62.50243	-188.3686	125.8661	2.228646	0.4377156	0.6440961
2118	-58.69456	-184.4503	125.7558	1.98854	0.4908114	0.9859785
2124	-68.80146	-194.2783	125.4768	1.216909	0.4347368	1.88398
2130	-69.1073	-194.0743	124.967	1.53858	0.2455919	2.278848
2136	-71.36801	-196.7154	125.3474	1.879048	0.7282109	1.149908
2142	-81.0098	-204.7231	123.7133	1.378877	1.808004	2.031191
2148	-88.61745	-212.6374	124.0199	1.327391	3.650575	1.210707
2154	-81.64779	-206.6357	124.9879	2.00255	1.283471	0.8144557
2160	-85.0018	-210.0272	125.0254	2.00255	1.262274	0.7881415
2166	-85.71812	-210.9305	125.2123	2.41584	0.7631126	0.6120028
2172	-90.42384	-216.3471	125.9233	1.767651	0.294814	1.370635
2178	-91.04904	-215.975	124.9259	2.567782	0.8320352	0.719058
2184	-81.43816	-205.2643	123.8261	1.314336	0.987007	2.418987
2190	-90.69463	-213.0249	122.3302	1.687021	2.801347	2.38576
2196	-76.96942	-202.1988	125.2294	1.666332	0.8143946	1.339224
2202	-74.3099	-200.7148	126.4049	2.220313	0.1593378	0.8611717
2208	-71.51821	-196.8675	125.3493	1.917696	0.8442864	0.9805434
2214	-72.59186	-197.9941	125.4022	2.142194	0.8212827	0.6474172
2220	-82.05872	-205.4169	123.3582	1.905765	4.455399	1.043932
2226	-76.23866	-202.8406	126.6019	2.514578	0.06859695	0.6834784
2232	-74.42129	-199.0654	124.6441	2.514578	1.226318	0.609464
2238	-80.20742	-204.552	124.3446	3.03197	1.000709	0.5800301
2244	-78.78823	-203.376	124.5878	2.800331	1.000709	0.4954805
2250	-78.69289	-202.0238	123.3309	1.722814	3.290379	1.548689
2256	-75.51839	-199.4257	123.9073	2.021086	1.475106	1.611615
2262	-71.16895	-195.8352	124.6663	2.267814	1.491463	0.6442295
2268	-77.58975	-200.78	123.1902	2.549027	3.64728	0.8213193
2274	-77.16869	-201.8143	124.6456	2.319881	1.264399	0.8649673
2280	-78.45351	-200.765	122.3115	1.863421	7.219974	1.383014
2286	-83.63543	-206.2122	122.5768	1.61465	6.624918	1.46856
2292	-83.9302	-208.9983	125.0681	1.487979	0.901889	1.524916
2298	-85.17282	-210.1978	125.025	1.70856	0.6359363	1.632923
2304	-84.67921	-211.2845	126.6053	1.671987	0.2406681	0.9751631
2310	-77.25091	-203.1045	125.8536	1.137626	0.2406681	1.969692
2316	-80.19786	-203.3947	123.1968	1.244406	4.44851	1.70024
2322	-81.02927	-203.8296	122.8003	2.326891	5.782187	0.7891642
2328	-78.8224	-203.8432	125.0208	2.249154	1.040242	0.7262468
2334	-80.04212	-206.2364	126.1943	1.672747	0.2258698	1.370688
2340	-74.38066	-199.4588	125.0781	1.490922	1.040242	1.407595
2346	-82.75889	-206.317	123.5581	1.63694	2.185514	1.811413
2352	-70.06739	-195.0662	124.9988	1.15875	0.8588737	1.842362
2358	-68.45787	-195.1693	126.7114	1.080401	0.15625	1.589632
2364	-72.79668	-199.8348	127.0382	1.321429	0.15625	1.139109
2370	-61.55083	-187.1654	125.6145	1.302425	0.8457071	1.293061
2376	-64.9385	-186.8887	121.9502	1.021876	1.483515	3.470115
2382	-66.9028	-191.7154	124.8126	1.802709	1.091809	1.332475
2388	-75.11122	-199.4696	124.3584	1.867699	2.131978	1.026881
2394	-74.51306	-198.3822	123.8692	2.263779	2.317962	1.019837
2400	-75.3982	-199.3407	123.9425	1.562635	1.007321	2.172812
2406	-80.92898	-202.0783	121.1493	1.776282	15.78492	1.386181
2412	-76.94469	-200.3993	123.4546	2.523533	1.687786	1.463538
2418	-76.02232	-199.7759	123.7536	1.589703	2.868292	1.463538
2424	-76.60049	-199.0326	122.4321	2.016556	7.59391	1.088565
2430	-75.12341	-195.4524	120.329	1.756517	34.99589	0.8485348
2436	-74.85134	-199.0988	124.2475	2.847842	0.9441145	1.042885
2442	-75.30184	-199.665	124.3632	1.475086	0.9667396	1.980336
2448	-63.4999	-189.4282	125.9283	1.36871	0.4032478	1.496698
2454	-66.16785	-189.2493	123.0815	2.0065	6.389485	0.4151392
2460	-69.51214	-193.862	124.3498	1.63361	3.088322	0.7849117
2466	-71.92594	-194.8605	122.9346	1.686536	8.79945	0.5315575
2472	-74.20631	-197.301	123.0947	2.03621	6.195579	0.6019921
2478	-75.03149	-200.5149	125.4834	1.937084	0.9592808	0.4335551
2484	-64.61291	-189.5869	124.974	1.69178	1.183431	1.222609
2490	-70.39386	-193.9703	123.5765	1.821921	5.192826	0.5460564
2496	-65.46446	-191.3539	125.8895	1.852001	0.5004231	0.9725389
2502	-72.96139	-198.9106	125.9492	2.06026	0.2960221	1.099971
2508	-74.20137	-197.6173	123.4159	1.931959	3.769192	1.173652
2514	-81.83632	-206.5494	124.7131	2.350943	1.364426	0.5321637
2520	-71.8336	-197.9346	126.101	2.811303	0.1204945	0.6394351
2526	-66.78025	-192.3656	125.5853	2.591859	0.4117288	0.5182795
2532	-67.32182	-192.9271	125.6053	2.200339	0.5529242	0.8024533
2538	-66.43752	-192.0279	125.5904	1.98475	0.5529242	1.05411
2544	-64.62796	-188.702	124.074	2.428284	1.638351	1.05411
2550	-67.93342	-193.2161	125.2827	2.3768	0.5799512	0.9274298
2556	-66.38396	-190.7694	124.3854	2.692119	1.290277	0.6719881
2562	-65.73356	-190.8577	125.1241	2.104096	0.8774191	0.9822885
2568	-66.1224	-190.9705	124.8481	1.696775	1.345344	1.21008
2574	-60.57928	-184.473	123.8937	1.707444	1.082151	2.062522
2580	-58.03437	-184.1631	126.1287	1.439107	0.2204422	1.607644
2586	-68.39445	-192.9207	124.5263	1.190877	1.789583	1.607644
2592	-67.51019	-191.3362	123.826	1.48575	2.123178	1.754269
2598	-73.45915	-196.1862	122.727	2.102303	3.452964	1.665944
2604	-80.36567	-205.911	125.5454	2.778199	0.2608015	0.8669264
2610	-70.92064	-197.2755	126.3549	1.531995	0.2270584	1.352398
2616	-78.91013	-202.7923	123.8821	1.669098	2.433976	1.460589
2622	-82.62158	-207.2213	124.5997	1.810108	1.380194	1.299493
2628	-77.21689	-201.4748	124.2579	1.639142	0.9402598	1.959334
2634	-83.04182	-208.5982	125.5563	1.98574	0.181408	1.709431
2640	-76.24978	-201.5366	125.2868	1.962726	0.5447111	1.345164
2646	-79.61473	-203.8749	124.2602	2.452777	1.700777	0.771853
2652	-78.10228	-201.0112	122.9089	1.220351	5.397061	1.729809
2658	-77.14229	-201.2898	124.1475	1.232826	3.138571	1.345602
2664	-69.13466	-191.714	122.5793	1.70743	1.130465	2.860935
2670	-59.42402	-182.5847	123.1607	1.690386	2.060245	2.089963
2676	-58.11664	-183.3599	125.2433	2.025094	0.6517965	1.200927
2682	-67.13943	-189.5073	122.3678	1.794439	8.43607	1.200927
2688	-75.70876	-201.3375	125.6288	1.046305	0.5405368	1.774045
2694	-93.37219	-213.2236	119.8514	0.898355	3.269434	4.204129
2700	-75.35207	-200.6817	125.3296	0.9590917	0.3863086	2.212777
2706	-75.75365	-198.8456	123.0919	0.6297036	3.779012	2.327341
2712	-74.31355	-198.0835	123.77	0.9305633	1.828371	2.27789
2718	-70.21271	-194.7957	124.5829	0.6551012	0.4233128	2.82484
2724	-75.71261	-198.73	123.0174	0.9860478	9.822663	1.133207
2730	-69.26364	-195.2508	125.9871	1.785312	0.282114	1.330013
2736	-72.30986	-197.4893	125.1794	1.751218	0.9768849	1.162748
2742	-64.48688	-189.9903	125.5035	2.072899	0.8251558	0.5059294
2748	-65.23835	-188.3772	123.1388	1.971414	6.200107	0.6505692
2754	-68.32701	-191.9637	123.6367	1.459054	5.104914	1.023542
2760	-64.42823	-189.5297	125.1014	1.774743	0.7048759	1.459007
2766	-69.83999	-194.0986	124.2586	1.527876	1.448024	1.727395
2772	-62.54514	-188.3123	125.7671	1.779926	0.6618539	0.9232774
2778	-67.27366	-192.9035	125.6298	1.260556	0.479072	1.693241
2784	-63.19788	-189.2943	126.0964	1.219507	0.3295443	1.594231
2790	-62.11166	-187.8661	125.7544	1.528615	0.5353305	1.330189
2796	-67.74012	-192.7588	125.0187	2.014339	1.188513	0.8620408
2802	-64.29503	-189.5155	125.2205	2.2731	0.5565616	1.124319
2808	-60.22826	-187.1615	126.9333	1.426358	0.2290452	0.9214343
2814	-61.73	-186.1456	124.4156	1.620541	1.753273	1.385496
2820	-63.81305	-188.5914	124.7783	1.668807	1.315427	1.31107
2826	-72.10601	-195.475	123.369	1.12944	0.9721536	2.825121
2832	-72.08958	-197.0477	124.9582	0.7307402	0.7149502	2.266375
2838	-76.98033	-200.9119	123.9315	1.314424	0.8744635	2.427381
2844	-88.60254	-214.734	126.1314	2.474094	0.2179912	0.5966855
2850	-82.89506	-209.0118	126.1168	2.052102	0.2179912	1.137686
2856	-87.29586	-213.1257	125.8298	2.238109	0.1121646	1.506746
2862	-88.31909	-213.6245	125.3055	1.762139	0.2783182	1.852809
2868	-85.90095	-212.4026	126.5017	1.653865	0.146428	1.339163
2874	-82.07968	-208.1771	126.0974	1.370878	0.5344868	1.177071
2880	-83.93767	-206.1973	122.2596	1.187201	0.4716307	3.829428
2886	-78.10095	-201.9148	123.8138	1.220167	0.4477957	2.921403
2892	-82.23083	-207.8184	125.5876	2.088116	0.4477957	1.122137
2898	-88.84242	-212.9454	124.103	1.621113	1.268703	1.869164
2904	-79.53773	-205.8589	126.3211	2.052152	0.2884872	0.7034196
2910	-93.42992	-219.1466	125.7167	1.936433	0.5403786	0.9969851
2916	-84.87966	-211.503	126.6234	2.040711	0.1470917	0.8654291
2922	-86.57863	-210.7556	124.177	1.402917	2.117874	1.564421
2928	-97.37604	-221.21	123.8339	2.208111	0.02504502	3.075602
2934	-83.11271	-207.9993	124.8866	2.175387	0.5008323	1.542613
2940	-84.60125	-209.0597	124.4584	1.64094	0.1913724	2.630853
2946	-88.5347	-215.003	126.4683	1.64094	0.2236476	1.176149
2952	-83.34092	-205.7711	122.4302	1.964111	9.276167	0.8220152
2958	-86.81037	-209.5735	122.7631	4.043671	1.407623	0.9148403
2964	-80.31558	-201.745	121.4294	5.578577	1.164627	0.9148403
2970	-94.34136	-212.6283	118.2869	6.367782	8.009671	0.775839
2976	-66.79921	-191.6768	124.8776	1.426073	1.011373	1.626836
2982	-69.55811	-195.1435	125.5854	1.687779	0.4709503	1.421205
2988	-67.43496	-191.595	124.16	1.201938	1.349485	2.067765
2994	-69.99334	-194.9497	124.9564	1.542945	1.381737	1.224325
3000	-72.88747	-197.4224	124.535	1.483797	1.381737	1.597685
3006	-80.53067	-205.72	125.1893	1.360267	1.058713	1.408877
3012	-78.94323	-202.6819	123.7386	1.549941	1.058713	2.28008
3018	-77.96698	-202.5929	124.6259	2.129432	1.058713	1.243583
3024	-72.1734	-198.2062	126.0328	2.425125	0.211679	0.8654522
3030	-76.42392	-202.6909	126.2669	2.037869	0.04000617	1.578772
3036	-76.30263	-199.4077	123.1051	2.182144	5.088702	0.8179493
3042	-73.59329	-199.7841	126.1909	1.864979	0.1444971	1.422729
3048	-78.18736	-204.6933	126.5059	2.104922	0.1444971	0.9357072
3054	-78.98455	-202.6521	123.6676	1.431753	1.944445	1.970304
3060	-77.26415	-201.2695	124.0054	1.099183	0.769102	2.591865
3066	-64.16151	-188.4299	124.2684	1.743091	1.313732	1.642204
3072	-73.65778	-198.166	124.5082	1.574649	1.313732	1.59052
3078	-78.01799	-201.4204	123.4024	1.847431	4.536731	1.033541
3084	-64.41816	-189.6101	125.192	3.065967	0.366647	0.4378538
3090	-67.51247	-191.0556	123.5432	2.604161	2.092612	0.1659154
3096	-70.37566	-192.9646	122.5889	2.242766	5.935893	0.1805594
3102	-70.662	-196.7644	126.1024	2.282835	0.1689494	0.1786197
3108	-68.63624	-193.7452	125.109	2.426325	0.788522	0.3219854
3114	-69.85944	-194.9134	125.0539	1.48402	0.4644746	1.953511
3120	-70.4513	-194.521	124.0697	1.518344	2.009615	1.603756
3126	-70.54432	-195.6313	125.087	1.921135	1.037668	1.036097
3132	-68.91034	-193.5008	124.5904	2.111823	1.849287	0.6191041
3138	-76.47351	-200.929	124.4555	2.808419	1.014748	0.3004317
3144	-73.53443	-197.6393	124.1048	2.218874	2.557251	0.5949115
3150	-71.64663	-196.1134	124.4667	1.722887	1.938156	1.163782
3156	-67.71267	-193.1749	125.4622	1.531008	1.304254	0.7880545
3162	-68.7102	-193.5481	124.8379	2.367682	0.9632027	0.9094019
3168	-84.44486	-209.2666	124.8218	1.760607	1.315934	1.198266
3174	-78.78196	-203.2014	124.4194	1.564182	2.463391	1.091305
3180	-86.71574	-208.3449	121.6291	1.333661	13.57019	1.549612
3186	-79.27992	-205.7338	126.4538	1.143318	0.3627713	1.326372
3192	-76.89953	-202.6781	125.7786	1.75861	0.2187187	1.633315
3198	-80.31178	-202.6335	122.3217	0.9749787	1.354625	3.337812
3204	-79.85319	-202.7842	122.931	1.229045	6.741828	1.472765
3210	-80.45956	-202.7548	122.2952	2.022772	10.57883	0.5964404
3216	-76.97498	-200.8901	123.9151	1.847649	3.513511	0.8532669
3222	-79.19306	-201.8565	122.6635	1.687737	7.076112	1.265457
3228	-76.35296	-200.6453	124.2924	1.896843	2.030539	1.115555
3234	-72.12109	-195.686	123.5649	1.76026	3.692788	1.216602
3240	-66.07261	-190.3271	124.2545	1.76026	2.387866	1.097659
3246	-65.98131	-187.7483	121.767	2.235361	12.99217	0.509808
3252	-60.52257	-185.0149	124.4924	1.876227	2.255259	0.7923508
3258	-56.50024	-181.9591	125.4588	2.18039	0.6933605	0.7567448
3264	-58.48383	-182.9711	124.4872	1.605049	2.879676	0.7567448
3270	-64.09943	-187.4473	123.3479	2.138317	4.793016	0.6290981
3276	-72.77276	-197.1093	124.3366	2.656213	1.438529	0.5945847
3282	-89.62874	-211.5437	121.9149	2.93557	7.116618	0.7500152
3288	-81.0744	-204.5061	123.4317	2.789991	2.75762	0.3978798
3294	-78.78122	-201.9445	123.1633	2.497168	3.519138	0.9648292
3300	-78.22691	-203.4542	125.2273	2.401289	0.7807988	0.5067399
3306	-75.1147	-200.288	125.1733	2.438881	0.7807988	0.5961458
3312	-76.92915	-201.9795	125.0504	2.710211	0.6686997	0.4312189
3318	-77.01629	-202.0567	125.0404	3.006723	0.4541573	0.3541809
3324	-64.33343	-189.0054	124.672	1.51159	1.140248	1.625373
3330	-61.46962	-186.0074	124.5378	1.88989	0.8938349	1.625373
3336	-62.07298	-186.5035	124.4305	1.584414	0.4355262	2.328587
3342	-56.91349	-182.2588	125.3453	1.584414	0.3459239	1.841856
3348	-62.59283	-187.7912	125.1984	2.795401	0.3459239	1.008863
3354	-60.73281	-185.8891	125.1562	1.894787	1.116745	0.9152103
3360	-57.65118	-181.9086	124.2574	2.089832	2.312276	0.7802771
3366	-57.22568	-181.7155	124.4899	1.574009	1.899456	1.289798
3372	-58.89199	-182.7516	123.8596	1.569024	1.899456	1.763936
3378	-62.07872	-186.3265	124.2478	1.956976	2.127388	1.049921
3384	-70.85944	-196.1585	125.2991	1.767072	0.7361213	1.277818
3390	-72.36273	-196.9744	124.6117	1.997384	1.076478	1.348935
3396	-81.25366	-206.4139	125.1602	1.515682	0.1716142	2.308428
3402	-78.44821	-203.8415	125.3933	1.951966	0.2041369	1.798548
3408	-72.33063	-198.691	126.3604	1.215743	0.2041369	1.635631
3414	-74.64738	-200.6887	126.0413	1.53489	0.2041369	1.63561
3420	-96.14079	-221.4179	125.2772	1.28271	0.5833786	1.80867
3426	-96.59393	-221.7336	125.1396	1.304837	0.1946842	2.40925
3432	-74.20654	-198.9367	124.7301	2.148688	1.617478	0.4885499
3438	-73.24565	-199.0961	125.8504	2.085537	0.4861982	0.7711591
3444	-83.20186	-207.9789	124.7771	2.643834	0.7772411	0.8997696
3450	-75.90473	-200.968	125.0632	2.546562	0.7772411	0.4000562
3456	-76.93269	-200.2144	123.2817	3.244005	2.190713	0.5328269
3462	-66.78301	-189.8706	123.0876	2.594139	4.231917	0.4549126
3468	-67.12662	-191.898	124.7714	2.506929	0.957613	0.8304942
3474	-64.15486	-188.0669	123.9121	2.506929	2.352392	0.6149314
3480	-72.76793	-195.9542	123.1863	2.287454	4.309734	0.8715708
3486	-74.52524	-199.4359	124.9107	2.092418	1.213609	0.8715708
3492	-77.46052	-204.0805	126.6199	2.420945	0.08607188	0.6725973
3498	-75.4076	-200.3472	124.9396	2.420945	0.9800859	0.6721082
3504	-77.49468	-202.2083	124.7136	2.520568	0.9800859	0.8565224
3510	-83.36426	-209.6253	126.261	2.327141	0.1612287	0.8967253
3516	-90.68551	-211.8812	121.1957	3.004788	11.47201	0.4548611
3522	-90.48253	-216.406	125.9234	1.346411	0.7390557	1.09854
3528	-88.10977	-212.5825	124.4727	1.40175	2.773185	1.056003
3534	-81.6792	-206.2239	124.5447	3.105352	0.6302357	0.260034
3540	-89.39076	-214.8312	125.4404	2.197569	0.6302357	0.2536735
3546	-85.9632	-211.8177	125.8545	1.532281	0.9382417	0.7031744
3552	-79.82896	-204.4322	124.6032	1.252045	1.697138	1.550785
3558	-86.60332	-212.657	126.0537	1.303757	0.2007897	1.796983
3564	-79.32605	-204.4285	125.1024	1.400763	0.6345153	1.796983
3570	-74.90421	-200.6719	125.7677	1.517983	0.2257091	1.796983
3576	-70.44553	-197.1544	126.7089	1.472498	0.1763103	1.235614
3582	-75.49856	-199.9838	124.4852	1.88941	1.743569	1.107393
3588	-75.89424	-200.7815	124.8872	1.835675	1.188788	1.169512
3594	-85.81639	-211.3096	125.4932	2.48549	0.5256474	0.5282457
3600	-73.40028	-197.2095	123.8092	2.763215	2.037253	0.6582972
3606	-67.74033	-192.3644	124.6241	2.54137	1.10832	0.7854669
3612	-74.9989	-200.7549	125.756	2.089218	0.4304285	0.9908476
3618	-77.43612	-199.8581	122.422	2.035794	6.6927	1.245509
3624	-72.69744	-198.1438	125.4463	2.260613	0.7166965	0.524365
3630	-77.29757	-202.7562	125.4586	1.617146	0.5283486	1.499124
3636	-75.21169	-201.0169	125.8052	1.542563	0.2488756	1.709836
3642	-67.26246	-192.6303	125.3679	1.721995	0.4556969	1.578748
3648	-67.84956	-193.845	125.9955	2.00524	0.5082652	0.5644559
3654	-72.2539	-198.2408	125.9869	1.63345	0.4610956	1.150605
3660	-71.91077	-195.9588	124.0481	1.505472	0.5632189	2.486026
3666	-74.66193	-198.8001	124.1381	1.44533	1.722901	1.733982
3672	-77.4477	-201.5436	124.0959	1.358082	1.679941	1.843709
3678	-77.36188	-201.1853	123.8235	1.329461	1.271173	2.245423
3684	-72.20056	-192.7963	120.5957	0.9576603	8.645665	2.932969
3690	-73.55042	-195.9636	122.4132	1.397658	5.281512	1.969182
3696	-66.83481	-190.545	123.7102	1.672613	2.531407	1.550592
3702	-61.4117	-186.0599	124.6482	1.615105	1.36039	1.427472
3708	-68.03245	-194.0012	125.9688	2.010251	0.279805	1.162005
3714	-68.62204	-193.3752	124.7531	1.481107	1.196402	1.551982
3720	-72.09204	-198.186	126.094	1.789593	0.1417629	1.559726
3726	-68.90144	-194.5197	125.6183	1.93522	0.4777452	1.183898
3732	-66.07319	-190.2131	124.1399	1.688998	2.822913	1.077863
3738	-75.27649	-199.5255	124.249	2.112112	2.038963	0.9432974
3744	-67.19815	-193.8497	126.6516	2.081532	0.1482559	0.7712933
3750	-73.86111	-198.8404	124.9793	2.593004	0.7787518	0.3475042
3756	-77.98485	-203.6831	125.6983	1.843212	0.8501868	0.4456321
3762	-75.86052	-200.2298	124.3693	2.547048	1.52353	0.630974
3768	-80.24238	-204.4562	124.2138	1.771099	0.8395511	1.974124
3774	-79.88102	-203.5472	123.6662	1.720078	2.02255	1.742277
3780	-81.39106	-204.1727	122.7816	1.48693	7.236308	1.305768
3786	-74.25788	-199.3322	125.0744	1.319614	0.4004398	2.126497
3792	-70.64749	-193.4625	122.815	1.883152	5.170673	1.352774
3798	-73.59583	-197.9481	124.3522	1.890786	1.513081	1.352774
3804	-73.83267	-199.8882	126.0556	1.703119	0.2760523	1.352774
3810	-67.72844	-193.6172	125.8888	2.176971	0.3021544	1.033453
3816	-70.81448	-193.9322	123.1177	1.73857	4.377411	1.410255
3822	-75.09015	-198.4032	123.3131	1.69744	3.171006	1.61521
3828	-80.0113	-203.8779	123.8666	1.554564	2.677515	1.469951
3834	-74.3998	-201.0377	126.6379	1.759669	0.2457664	0.8240276
3840	-75.78822	-200.8181	125.0299	1.601119	0.9791214	1.406619
3846	-67.51482	-192.4164	124.9016	2.427256	0.9791214	0.7292026
3852	-71.38939	-196.6875	125.2981	2.682063	0.5238541	0.539581
3858	-68.38823	-195.3086	126.9204	1.924991	0.1473084	0.4911446
3864	-65.07888	-191.5031	126.4242	1.673859	0.2523229	1.117502
3870	-68.24913	-193.1762	124.9271	1.290432	1.411254	1.432191
3876	-72.09919	-197.2972	125.1981	1.203256	0.790181	1.728149
3882	-80.17041	-206.0264	125.856	1.420267	0.4882542	1.39603
3888	-83.92587	-208.845	124.9191	1.420267	0.6999033	1.849116
3894	-75.137	-195.576	120.439	1.105367	4.753953	3.45774
3900	-73.87338	-197.293	123.4196	0.7662127	0.4171986	3.45774
3906	-72.29827	-195.1051	122.8068	1.221965	0.5069488	3.45774
3912	-84.02016	-208.5801	124.5599	1.092606	1.364908	1.864685
3918	-75.321	-200.031	124.71	0.9693417	1.331301	1.864685
3924	-73.93004	-198.5375	124.6075	1.396529	1.331301	1.637332
3930	-75.95267	-198.0973	122.1446	1.381595	2.898762	2.665065
3936	-61.49346	-185.5768	124.0834	1.592647	2.239913	1.442227
3942	-57.56271	-182.5109	124.9482	1.70921	0.9095534	1.442227
3948	-62.77566	-187.6885	124.9128	1.744564	0.9095534	1.442227
3954	-68.13799	-191.1943	123.0564	1.177257	0.9095534	3.024387
3960	-70.31366	-193.5445	123.2308	2.366598	3.812747	0.9188763
3966	-66.72543	-189.6614	122.936	1.533998	3.215223	1.977793
3972	-72.93698	-197.3177	124.3807	1.478473	2.240008	1.297909
3978	-74.08794	-198.4814	124.3935	1.850064	2.240008	0.9493435
3984	-79.92233	-202.7042	122.7819	1.434234	3.036312	2.193224
3990	-83.13172	-207.4325	124.3008	1.488125	1.979958	1.467707
3996	-84.63083	-208.6501	124.0192	1.656701	2.178383	1.467707
4002	-84.46566	-208.6014	124.1357	1.664715	1.025684	1.966075
4008	-74.665	-195.8241	121.1591	2.104392	19.98476	0.57069
4014	-73.69877	-198.7062	125.0074	2.343817	1.03795	0.4896448
4020	-82.39362	-206.9373	124.5437	1.813523	2.242331	0.816503
4026	-78.61163	-203.6018	124.9902	1.289639	1.168638	1.536383
4032	-88.10647	-210.2856	122.1792	1.250482	3.951215	2.474107
4038	-87.08967	-210.0482	122.9586	0.8899196	4.599247	2.072715
4044	-77.12541	-203.7535	126.6281	1.409087	0.1899649	1.318851
4050	-71.23729	-197.1601	125.9228	1.585439	0.2163871	1.658828
4056	-69.78384	-196.8365	127.0527	0.752146	0.2012916	1.473221
4062	-63.46382	-188.1028	124.639	1.24215	1.7759	1.493086
4068	-65.96797	-189.9386	123.9706	1.034885	3.60938	1.49435
4074	-69.45769	-195.787	126.3293	0.9653717	0.265448	1.717226
4080	-65.6754	-189.7251	124.0497	1.254227	1.050673	2.275197
4086	-80.54248	-204.8913	124.3488	1.04615	0.3040608	2.878905
4092	-79.45472	-203.6925	124.2378	0.7623795	0.5088195	2.878905
4098	-76.44271	-202.5275	126.0847	0.8785529	0.3428395	1.823296
4104	-73.62844	-199.6096	125.9812	1.259153	0.3428395	1.62819
4110	-74.85162	-197.6566	122.8049	1.900913	0.6031929	2.968967
4116	-76.1956	-201.5345	125.3389	1.495487	1.126824	1.119802
4122	-71.13278	-196.528	125.3952	1.767767	1.126824	0.7649205
4128	-76.02945	-200.8601	124.8306	1.384435	1.637422	1.304712
4134	-77.49272	-203.0737	125.581	1.215377	0.4708262	1.769285
4140	-76.83666	-200.0721	123.2354	1.340486	0.6625278	2.997139
4146	-82.48043	-206.1624	123.682	1.872991	2.127026	1.578935
4152	-77.51825	-203.3259	125.8076	1.393606	0.6402252	1.270733
4158	-70.03139	-195.5478	125.5165	1.303258	1.102878	1.152589
4164	-74.6166	-200.16	125.5434	1.446825	0.3974493	1.727322
4170	-77.59896	-204.6345	127.0355	1.445234	0.1672195	0.989813
4176	-74.05419	-196.864	122.8098	1.435121	1.854065	2.555088
4182	-73.98974	-198.5035	124.5138	0.8263916	0.6336372	2.555088
4188	-76.34421	-201.0629	124.7187	1.187248	1.02057	1.89829
4194	-77.61378	-201.1262	123.5124	1.416245	1.918441	2.093923
4200	-76.70591	-199.2276	122.5217	0.9357773	1.918441	3.011144
4206	-66.73175	-191.8559	125.1242	1.17068	0.2090785	2.476408
4212	-71.94298	-195.8636	123.9206	1.16177	2.76402	1.688896
4218	-73.26117	-198.1484	124.8873	1.022566	0.7559457	2.089566
4224	-77.51508	-202.837	125.3219	1.207537	0.7559457	1.6667
4230	-79.83979	-203.5955	123.7557	2.653165	2.081795	0.2569977
4236	-83.14008	-206.3253	123.1853	2.313911	4.638969	0.3452228
4242	-72.3748	-198.9495	126.5747	2.265276	0.1360744	0.6677159
4248	-72.83119	-197.6242	124.793	2.090818	0.8419579	1.323292
4254	-76.33978	-199.9055	123.5658	2.335562	3.385786	0.7307223
4260	-77.11239	-202.4559	125.3435	2.61663	0.5342608	0.4452388
4266	-79.14984	-203.3316	124.1818	2.025888	0.7541845	1.892095
4272	-81.77298	-208.678	126.905	1.354057	0.3210783	0.7646816
4278	-77.17162	-203.7237	126.5521	1.018626	0.3210783	1.417418
4284	-76.94537	-202.0322	125.0869	0.8554453	0.4725163	2.333182
4290	-77.39999	-204.4207	127.0207	1.187347	0.06073976	1.573932
4296	-72.56138	-196.7249	124.1635	1.35258	3.739012	1.029238
4302	-80.68768	-204.1528	123.4651	1.8617	4.908124	0.8320399
4308	-69.84249	-193.0749	123.2324	2.223553	4.936656	0.4121259
4314	-58.23471	-184.1105	125.8758	1.935381	0.5559496	0.7887831
4320	-66.92124	-193.1634	126.2422	2.073644	0.2593024	0.8803981
4326	-67.4876	-193.1144	125.6268	1.675257	0.2555301	1.72981
4332	-73.99212	-199.2191	125.227	2.393725	0.4962847	1.096177
4338	-75.70509	-201.681	125.9759	1.470395	0.4962847	1.248385
4344	-67.68103	-193.0326	125.3515	2.258255	0.5969084	0.9538276
4350	-68.11904	-192.5835	124.4645	2.306806	1.617822	0.7690536
4356	-67.22793	-191.2514	124.0234	1.870772	2.882571	0.9889561
4362	-65.33708	-190.0395	124.7024	2.157317	1.599426	0.3840335
4368	-64.61299	-188.5316	123.9186	1.889417	2.979855	1.032528
4374	-67.45697	-193.5447	126.0877	1.535215	0.5342296	1.036259
4380	-67.71629	-194.6698	126.9535	1.484756	0.2277851	0.8340122
4386	-69.81348	-195.0778	125.2643	1.952426	1.179807	0.5420539
4392	-67.72913	-193.1956	125.4665	1.515343	1.116583	0.9882885
4398	-76.8118	-203.331	126.5192	1.588502	0.1077132	1.490562
4404	-79.61814	-206.3345	126.7164	1.752149	0.1242348	1.145662
4410	-80.66071	-204.6813	124.0206	1.855607	1.867906	1.452881
4416	-83.26624	-207.5556	124.2894	1.719964	0.4855648	2.276181
4422	-81.08801	-204.9998	123.9118	2.078951	0.9055579	1.921052
4428	-90.89918	-214.5183	123.6191	1.555569	0.09839767	3.386976
4434	-100.3474	-223.3059	122.9585	2.033534	1.643818	2.167948
4440	-98.67024	-223.5326	124.8623	1.452586	0.5448096	2.014273
4446	-101.8133	-223.3539	121.5406	1.0191	1.077629	3.904463
4452	-99.4254	-224.1499	124.7245	1.620736	0.161323	2.538254
4458	-96.19552	-218.6732	122.4776	1.497998	1.805914	2.73974
4464	-104.309	-227.0285	122.7195	1.811162	1.505796	2.523347
4470	-88.39926	-212.5643	124.1651	1.384068	1.133002	2.06578
4476	-86.67736	-211.3274	124.6501	1.375966	0.8229393	1.959344
4482	-78.9569	-205.8392	126.8823	1.892719	0.1635474	0.5904987
4488	-76.3294	-202.0597	125.7303	1.33164	0.7806057	1.236001
4494	-83.34542	-209.6509	126.3055	2.121097	0.1761677	1.014739
4500	-80.13622	-205.4223	125.2861	1.851394	0.7648337	1.187899
4506	-76.68378	-200.6929	124.0092	1.028692	1.142749	2.389864
4512	-74.21414	-198.7985	124.5843	1.265877	1.142749	1.857762
4518	-70.37039	-194.7879	124.4175	1.313214	2.207571	1.413575
4524	-63.84757	-188.1058	124.2583	1.685421	0.742919	2.077903
4530	-71.12804	-195.691	124.5629	1.65777	1.23771	1.535662
4536	-61.2086	-187.0511	125.8425	1.513705	0.5296823	1.278095
4542	-67.95771	-193.4404	125.4827	1.412204	0.5296823	1.630478
4548	-70.06649	-195.2385	125.172	1.686844	0.9467886	1.250463
4554	-70.28184	-195.3295	125.0477	1.193735	1.576297	1.317772
4560	-69.02855	-192.9278	123.8992	1.582533	1.576297	1.873569
4566	-60.5065	-184.4946	123.9881	1.933229	0.977532	1.917073
4572	-66.61009	-191.8317	125.2216	1.212784	0.5063361	1.975561
4578	-80.15029	-204.2695	124.1193	1.170391	0.5509458	2.661466
4584	-72.88603	-197.7514	124.8654	1.685531	0.8123851	1.602527
4590	-72.1061	-197.286	125.1799	1.079067	0.8123851	1.809113
4596	-72.81595	-196.4251	123.6092	1.348304	2.165813	1.980096
4602	-61.23948	-185.7301	124.4906	1.328249	1.481701	1.686688
4608	-72.65668	-194.8003	122.1436	1.5329	4.991616	2.110869
4614	-75.00383	-195.7037	120.6999	1.664118	9.617379	2.329875
4620	-69.83829	-191.0731	121.2348	1.980782	12.78723	1.432916
4626	-66.93268	-190.5707	123.638	2.340535	3.11412	0.7768187
4632	-71.53488	-195.1921	123.6572	1.582007	3.239744	1.424006
4638	-68.04822	-191.7565	123.7082	1.550071	3.239744	1.409274
4644	-73.1463	-197.5098	124.3635	1.623415	2.00702	1.300127
4650	-87.40326	-211.1283	123.725	1.375982	4.528229	1.172213
4656	-88.85174	-212.1328	123.2811	0.8899711	0.8038627	3.132582
4662	-78.07773	-202.8725	124.7948	1.38848	1.257907	1.550713
4668	-86.62976	-209.5069	122.8772	1.562836	2.630174	2.165304
4674	-83.86422	-207.2329	123.3687	2.017782	3.72459	1.153725
4680	-74.66976	-197.2723	122.6026	1.364758	6.851015	1.598087
4686	-80.56671	-205.1503	124.5836	1.241878	2.001663	1.43005
4692	-75.88678	-198.431	122.5442	1.650732	6.091836	1.557529
4698	-76.70475	-200.8907	124.1859	1.652117	3.608318	0.696807
4704	-75.19009	-198.6858	123.4957	1.769454	3.596897	1.295345
4710	-71.34874	-195.0186	123.6698	1.834348	3.240915	1.20979
4716	-71.12781	-195.715	124.5872	2.200244	0.4822835	1.761856
4722	-65.3005	-191.8417	126.5412	1.917798	0.2739929	0.418467
4728	-65.61001	-190.632	125.0219	2.000625	0.8045268	1.245133
4734	-62.51797	-187.1375	124.6195	1.352275	2.921799	0.887465
4740	-53.56402	-179.8594	126.2954	0.8260114	0.5286085	1.464381
4746	-58.12658	-184.1472	126.0206	1.342542	0.5286085	1.273751
4752	-65.82556	-190.7364	124.9108	1.647373	0.6755797	1.719359
4758	-61.73865	-187.4653	125.7266	1.59304	0.3785322	1.515922
4764	-65.98331	-189.097	123.1137	2.084122	5.74939	0.6928615
4770	-64.8936	-188.2038	123.3102	2.261482	4.195979	0.7945419
4776	-71.95826	-196.6694	124.7112	2.450611	1.070515	0.8364681
4782	-71.60913	-197.2993	125.6901	2.459301	0.4161549	0.6068917
4788	-70.03761	-194.3369	124.2993	2.977738	1.09733	0.4113669
4794	-72.7845	-198.4404	125.6559	2.265496	0.5514272	0.6022277
4800	-76.16215	-203.0815	126.9194	2.147462	0.08239282	0.6536822
4806	-79.92276	-205.5749	125.6522	0.9737388	0.2182141	2.249752
4812	-84.18381	-207.9466	123.7628	1.319031	0.9376274	2.487687
4818	-78.77475	-204.8212	126.0464	1.993946	0.4358136	0.7473645
4824	-74.66718	-199.6066	124.9394	1.956957	1.583729	0.5582897
4830	-79.90614	-205.3463	125.4402	1.767335	1.182128	0.5761853
4836	-73.47139	-197.5648	124.0934	1.959425	1.182128	1.692221
4842	-76.82624	-203.2601	126.4339	2.087549	0.1705724	0.9360513
4848	-77.1508	-201.4679	124.3171	2.089241	1.70866	1.099468
4854	-93.37453	-218.8626	125.4881	1.645023	0.6854296	1.2764
4860	-94.6212	-220.2345	125.6133	1.686858	0.3877053	1.516903
4866	-86.8135	-212.1021	125.2886	1.540413	0.6822351	1.516903
4872	-94.07796	-218.2693	124.1913	2.244548	1.529535	1.183575
4878	-88.50005	-215.3569	126.8568	2.04596	0.0357513	1.116951
4884	-95.16521	-219.3306	124.1654	2.323278	0.8653931	1.603863
4890	-76.98242	-200.9261	123.9437	1.915515	2.725458	1.090586
4896	-76.64295	-199.8194	123.1765	1.845325	5.439131	1.008002
4902	-74.76305	-199.0976	124.3345	2.063566	1.695452	1.114989
4908	-65.38106	-189.4139	124.0328	2.36207	1.695452	1.117893
4914	-67.13808	-192.626	125.4879	2.233908	0.5654377	0.8821679
4920	-80.51542	-206.5809	126.0654	1.586982	0.2755324	1.436593
4926	-71.55087	-197.0493	125.4985	1.369766	0.4359784	1.762165
4932	-72.33382	-198.0667	125.7328	1.660728	0.4907661	1.29939
4938	-81.23625	-203.9192	122.683	1.840185	1.582149	2.49378
4944	-68.42045	-193.9464	125.5259	1.587429	0.3623065	1.689851
4950	-61.16368	-186.6346	125.4709	1.624245	0.23885	1.902958
4956	-56.68616	-182.6421	125.956	1.924594	0.3855677	1.040152
4962	-62.61528	-187.1678	124.5525	2.523458	1.351919	0.5038332
4968	-61.85912	-186.3775	124.5184	2.557079	1.351919	0.5153463
4974	-61.86722	-187.3746	125.5074	2.256427	0.6096553	0.7420995
4980	-61.33276	-186.8292	125.4964	2.365956	0.4613723	0.9145
4986	-58.67961	-183.9658	125.2862	1.940989	0.712611	1.166726
4992	-65.5072	-188.9987	123.4915	1.860938	3.699965	1.191072
4998	-68.61859	-192.9616	124.343	1.919195	0.7836897	1.830292
5004	-61.44679	-185.7485	124.3018	1.345381	2.38396	1.406388
5010	-65.61573	-189.7142	124.0985	2.095427	1.486843	1.406388
5016	-67.88956	-192.2113	124.3217	2.198634	1.550934	1.094509
5022	-68.62718	-192.926	124.2988	2.602298	1.550934	0.6197169
5028	-76.7421	-196.9553	120.2132	2.671667	24.61048	0.6016963
5034	-71.53605	-195.4396	123.9035	2.772601	1.92997	0.524539
5040	-65.93376	-191.4075	125.4737	2.720533	0.4007277	0.5493428
5046	-66.03734	-191.5904	125.5531	1.789633	0.4007277	1.465818
5052	-57.72135	-183.309	125.5877	1.522099	0.5347468	1.465818
5058	-55.07182	-181.7229	126.651	1.512408	0.1524892	1.315755
5064	-59.5898	-185.3896	125.7998	1.666378	0.5090999	1.213934
5070	-68.89623	-194.0998	125.2036	2.488878	0.6530218	0.7578892
5076	-78.98687	-201.7218	122.7349	1.459328	2.637688	2.321153
5082	-81.23603	-205.8769	124.6408	1.453696	0.5143118	2.190669
5088	-81.35134	-208.0812	126.7298	1.896432	0.2054024	0.637855
5094	-91.87996	-216.3278	124.4478	1.869475	1.600163	1.241741
5100	-76.36264	-198.1914	121.8287	1.426032	4.962941	2.38729
5106	-68.0561	-192.7894	124.7333	1.247709	1.44431	1.590174
5112	-82.49756	-205.1646	122.667	1.470533	2.349509	2.44695
5118	-74.7164	-199.097	124.3806	1.312798	2.349509	1.384143
5124	-75.40309	-199.8957	124.4926	1.66247	0.9043529	1.809678
5130	-73.8764	-198.3063	124.4299	1.381191	1.165199	1.870737
5136	-78.94723	-203.5979	124.6506	1.817975	1.589306	1.116925
5142	-68.34727	-193.4685	125.1213	2.206977	1.043463	0.6005101
5148	-64.92122	-189.9341	125.0129	2.44835	0.9005164	0.6351477
5154	-73.87526	-198.7932	124.9179	2.13569	1.281587	0.7266833
5160	-75.80361	-200.464	124.6604	2.223626	1.600807	0.5597328
5166	-70.76905	-194.0785	123.3094	1.244334	1.600807	2.466425
5172	-77.44186	-200.6825	123.2406	1.480599	6.324504	1.087474
5178	-81.17183	-204.3109	123.1391	1.48374	6.324504	1.175682
5184	-78.94557	-202.3501	123.4046	0.9369114	4.860643	1.684001
5190	-78.8676	-199.9671	121.0995	3.573513	7.557458	0.255714
5196	-86.15964	-207.6184	121.4587	3.573513	6.710112	0.5039229
5202	-76.55616	-197.1977	120.6415	2.265677	24.15168	0.632211
5208	-67.85721	-192.37	124.5128	2.45985	1.448042	0.6299889
5214	-65.75007	-191.2036	125.4535	1.52973	0.6484293	1.434726
5220	-64.67617	-187.7044	123.0282	1.549159	5.971564	1.284357
5226	-62.7411	-187.5104	124.7693	1.737188	1.283063	1.284357
5232	-67.83085	-192.1554	124.3246	2.588701	1.283063	0.9071253
5238	-65.26633	-189.5211	124.2547	2.588701	1.540466	0.7431156
5244	-66.75129	-191.5036	124.7523	2.157613	1.114036	1.060823
5250	-70.19941	-194.1365	123.9371	2.192334	2.601852	0.8732322
5256	-69.63788	-192.8924	123.2546	2.30363	4.196916	0.8120422
5262	-78.75251	-202.7527	124.0002	1.75203	3.394251	0.9173551
5268	-73.8578	-197.2834	123.4256	1.615445	2.239916	1.896643
5274	-69.5556	-193.006	123.4504	2.21167	2.77525	1.243395
5280	-82.57466	-204.1695	121.5949	1.457826	2.163469	3.16814
5286	-82.42092	-203.0685	120.6476	1.587114	8.913346	2.486173
5292	-66.10734	-189.6486	123.5412	1.700203	2.567059	1.640997
5298	-59.2952	-184.5279	125.2327	0.8343953	1.125108	1.718322
5304	-61.6434	-184.8851	123.2417	1.698814	2.240337	1.964311
5310	-61.57711	-183.7219	122.1447	1.635686	9.818952	1.322115
5316	-63.27573	-187.4983	124.2226	1.130111	2.351188	1.63834
5322	-63.90975	-188.7592	124.8495	1.169837	2.351188	1.110715
5328	-74.5601	-198.0197	123.4596	1.049997	2.737336	2.087283
5334	-77.75187	-200.4239	122.672	0.8603276	2.737336	2.70563
5340	-67.59773	-191.5816	123.9839	1.201199	2.363773	1.75264
5346	-61.59262	-185.7584	124.1658	1.649286	0.9530242	2.005245
5352	-58.77063	-183.384	124.6134	0.8242506	0.9636037	2.244998
5358	-61.89024	-185.36	123.4697	0.9306593	0.8578038	2.958338
5364	-60.55757	-185.6761	125.1185	1.096666	0.7442187	1.89535
5370	-59.49746	-182.3407	122.8432	1.425945	3.733602	1.98108
5376	-74.64046	-196.6458	122.0054	2.300672	10.04271	0.7736135
5382	-68.5628	-190.6092	122.0464	2.241709	9.652607	0.8756669
5388	-79.53395	-202.7595	123.2255	1.924403	3.928309	1.29369
5394	-78.41484	-203.4125	124.9977	2.393686	0.9304631	0.7092651
5400	-74.47823	-198.8069	124.3287	1.64925	2.847692	0.9169995
5406	-77.37849	-201.2907	123.9122	1.637618	4.424839	0.7199137
5412	-70.67741	-195.5995	124.9221	1.143385	1.468236	1.514573
5418	-71.2441	-194.3629	123.1188	2.003547	2.403381	1.782291
5424	-76.59195	-200.5598	123.9679	1.508471	2.403381	1.528446
5430	-72.05144	-195.2076	123.1562	1.611453	3.970533	1.576506
5436	-70.86928	-193.7242	122.8549	1.521197	6.327826	1.378043
5442	-86.11704	-208.9431	122.8261	1.197236	1.574205	2.80535
5448	-88.32939	-210.9047	122.5753	0.844171	2.533294	2.83323
5454	-73.45575	-199.1564	125.7006	1.151318	0.3016949	1.961218
5460	-88.82349	-212.0588	123.2353	2.185263	2.584671	1.503409
5466	-76.75352	-202.5444	125.7909	2.185263	0.2607002	1.205645
5472	-79.61751	-203.2132	123.5957	1.745501	4.552515	0.9358363
5478	-86.40146	-209.4061	123.0047	1.745501	4.552515	1.450416
5484	-76.27213	-199.4953	123.2232	1.877268	1.714887	2.065644
5490	-67.37022	-190.8895	123.5193	1.194019	3.301458	1.788792
5496	-70.75239	-195.006	124.2536	0.8320375	3.349688	1.507713
5502	-59.17037	-184.4835	125.3132	1.7299	0.5206563	1.532689
5508	-62.37424	-187.3231	124.9488	2.074334	0.5331319	1.532689
5514	-63.31948	-189.7482	126.4287	1.500685	0.2215516	1.33079
5520	-63.22416	-189.7073	126.4831	1.912079	0.1115083	1.251736
5526	-58.74339	-184.8481	126.1047	1.665332	0.1805421	1.546858
5532	-60.67067	-185.4271	124.7564	1.17386	1.050161	1.862081
5538	-59.571	-185.9108	126.3398	1.583006	0.1186411	1.594789
5544	-55.76584	-181.9343	126.1684	2.018372	0.2354709	1.077127
5550	-61.06536	-187.9343	126.869	1.95652	0.1523915	0.5342412
5556	-65.59403	-190.3322	124.7382	2.332327	1.277817	0.7037697
5562	-72.44965	-196.1772	123.7276	2.421466	2.791497	0.7298561
5568	-65.77484	-189.7134	123.9386	1.941689	1.337595	1.721845
5574	-66.1914	-189.974	123.7826	2.227607	0.5137287	2.245726
5580	-62.96432	-187.6605	124.6962	1.709275	0.8834307	1.649514
5586	-58.68372	-184.4719	125.7881	1.288782	0.4093434	1.649514
5592	-66.44732	-191.6099	125.1626	1.251561	1.361188	1.308054
5598	-56.1199	-182.2325	126.1126	2.008368	0.2136354	1.190563
5604	-66.12438	-190.8713	124.7469	1.327951	1.29645	1.606585
5610	-63.44107	-187.8796	124.4386	1.308509	0.2768211	2.703908
5616	-57.38862	-184.1975	126.8089	1.518759	0.08711448	1.389733
5622	-59.16574	-184.7726	125.6069	2.034663	0.6810062	0.7768229
5628	-59.9862	-185.4776	125.4915	2.286355	0.5961513	0.7504906
5634	-69.76457	-192.7338	122.9692	2.697423	3.687335	0.2444628
5640	-64.87763	-191.3815	126.5038	2.274017	0.1597302	0.3969498
5646	-63.55092	-188.3498	124.7988	2.662232	0.861666	0.3315793
5652	-89.08048	-212.1155	123.035	0.6484027	1.276684	3.14658
5658	-81.21114	-206.2912	125.0801	1.697846	1.276684	1.05111
5664	-69.13079	-195.1877	126.0569	2.493697	0.2413264	0.4423458
5670	-65.02673	-188.7112	123.6844	1.164047	0.985357	2.602326
5676	-64.20232	-189.1326	124.9303	1.570286	1.103791	1.413888
5682	-73.44985	-199.3745	125.9247	2.493255	0.2915133	0.587309
5688	-77.06793	-201.2377	124.1698	2.493255	1.494191	0.9972011
5694	-75.13469	-199.3967	124.262	1.651268	1.494191	1.612355
5700	-75.45624	-200.946	125.4897	2.154325	0.6495567	0.829752
5706	-75.89305	-199.2531	123.3601	2.01727	3.096127	1.36183
5712	-67.71092	-192.6483	124.9373	1.31321	2.123312	1.007575
5718	-72.23911	-196.7707	124.5316	1.72906	2.685499	0.6019372
5724	-85.70514	-207.5183	121.8131	0.9357122	0.5980699	4.114314
5730	-88.8251	-209.4526	120.6275	1.819018	20.39004	1.415982
5736	-70.61103	-195.9148	125.3038	2.043036	0.3277096	1.574602
5742	-82.47678	-207.0105	124.5337	2.058123	0.9834349	1.433435
5748	-85.86272	-209.0557	123.193	1.333959	0.9834349	2.800832
5754	-77.50386	-201.4598	123.956	3.069379	1.373093	0.3808851
5760	-83.0306	-205.0016	121.971	2.681447	8.344265	0.6793578
5766	-77.01856	-201.6463	124.6278	2.405918	0.8233632	1.217279
5772	-72.82049	-197.7069	124.8864	2.358514	0.8233632	1.026413
5778	-66.61712	-191.6605	125.0434	2.054457	0.459749	1.567683
5784	-68.43315	-193.7523	125.3191	2.38449	0.459749	1.077151
5790	-78.70019	-201.482	122.7819	1.474927	1.880952	2.537328
5796	-84.01741	-207.8074	123.79	2.274152	1.880952	1.298811
5802	-78.12925	-204.2132	126.084	2.312464	0.2426273	0.8359599
5808	-73.0371	-197.538	124.5009	1.678657	1.023603	1.706838
5814	-70.56566	-196.0025	125.4368	1.901724	0.9455419	0.7667101
5820	-75.60423	-197.5688	121.9646	1.57636	8.207456	1.709021
5826	-72.72015	-196.9053	124.1851	1.50001	1.624637	1.709021
5832	-78.41309	-201.6708	123.2577	1.964552	3.398123	1.389069
5838	-78.45541	-203.4196	124.9642	1.446121	0.7599141	1.747526
5844	-78.40832	-202.2929	123.8846	1.788775	1.563339	1.747526
5850	-69.2128	-192.7316	123.5188	1.702212	2.308563	1.747526
5856	-76.0482	-200.0769	124.0287	1.666039	2.223301	1.434722
5862	-70.83465	-193.9547	123.12	1.607954	3.659451	1.683643
5868	-70.21406	-192.6603	122.4462	1.990844	6.159433	1.361051
5874	-72.42593	-195.9174	123.4915	1.294497	5.102311	1.297325
5880	-67.31539	-191.3294	124.014	2.196151	2.824133	0.4484039
5886	-68.18327	-194.1452	125.9619	1.43755	0.6956587	1.02856
5892	-70.72576	-194.7403	124.0146	2.023998	2.936289	0.7974855
5898	-76.26718	-198.6744	122.4073	2.861563	5.581427	0.3855661
5904	-76.18909	-200.8213	124.6322	2.975343	0.7853375	0.4166897
5910	-80.49883	-202.4789	121.98	1.163957	2.811117	2.921485
5916	-79.44119	-199.386	119.9448	1.050005	1.468152	4.606052
5922	-72.18945	-195.8058	123.6163	2.613275	2.732357	0.6273166
5928	-81.58705	-202.747	121.1599	1.612328	4.27754	2.81334
5934	-65.23401	-191.1156	125.8816	1.399118	0.4021086	1.51051
5940	-70.35157	-196.1304	125.7788	2.416567	0.4021086	0.5196162
5946	-75.98265	-197.6431	121.6604	2.492974	11.14953	0.753959
5952	-70.92181	-197.0569	126.1351	2.606295	0.1778495	0.5280479
5958	-68.49903	-192.5268	124.0278	3.109508	1.235645	0.38008
5964	-68.32603	-192.2867	123.9607	3.363692	0.9636824	0.3073437
5970	-71.55147	-193.5804	122.029	2.683206	8.303	0.4943641
5976	-72.3614	-197.5394	125.178	2.684577	0.5762095	0.6541131
5982	-77.69506	-201.7499	124.0548	1.564539	1.042984	2.075203
5988	-77.66402	-201.9877	124.3237	1.60641	1.607492	1.540637
5994	-75.61991	-200.0053	124.3854	1.545617	1.418108	1.640771
6000	-71.37616	-195.7033	124.3271	1.852308	2.769648	0.6954626
6006	-70.76332	-196.1204	125.3571	2.962738	0.3372451	0.4383533
6012	-87.49905	-210.4958	122.9967	3.260036	2.631898	0.3615125
6018	-75.65447	-199.2704	123.6159	2.159326	2.435276	1.283688
6024	-66.9307	-192.5441	125.6134	2.000096	0.4731783	1.138099
6030	-72.51985	-197.8514	125.3316	2.070957	0.6074986	1.138099
6036	-62.01517	-187.6813	125.6661	1.847582	0.6074986	1.035043
6042	-64.97082	-187.2248	122.254	2.332894	8.924792	0.5892806
6048	-64.43536	-188.7049	124.2695	2.387548	1.890867	0.6634193
6054	-61.58643	-185.5482	123.9617	1.583638	1.890867	1.685448
6060	-66.38454	-190.7113	124.3268	1.840313	1.890867	1.20809
6066	-69.66436	-192.7828	123.1184	2.177588	3.270382	1.370333
6072	-69.29967	-192.7941	123.4945	2.372686	3.270382	0.8401157
6078	-68.26255	-190.3514	122.0889	2.745806	7.618948	0.4390794
6084	-75.57124	-198.4077	122.8364	3.37118	2.251964	0.2101575
6090	-68.05922	-189.9224	121.8632	3.37118	5.743607	0.3974783
6096	-72.77837	-195.8988	123.1204	2.998477	3.032592	0.4444113
6102	-85.35249	-206.4831	121.1306	2.294694	17.20423	0.7676484
6108	-75.62767	-198.3687	122.7411	2.166625	6.73837	0.7842619
6114	-68.74758	-193.9281	125.1805	1.839809	0.8618441	1.191347
6120	-66.33833	-186.7854	120.4471	2.03272	25.10739	1.077603
6126	-62.13583	-187.0893	124.9535	2.21481	0.8225288	1.099628
6132	-85.41812	-208.3197	122.9016	2.455721	5.011083	0.7510584
6138	-82.42246	-206.1106	123.6881	2.455721	2.603701	0.855157
6144	-68.63433	-191.9419	123.3076	1.445415	4.473076	1.466716
6150	-69.64001	-193.5934	123.9534	1.705563	3.252044	1.067704
6156	-70.27985	-193.8863	123.6065	1.942461	3.027273	1.245992
6162	-75.15057	-198.7551	123.6045	1.936631	3.027273	1.25249
6168	-72.9496	-196.8731	123.9235	1.735439	4.134826	0.6913452
6174	-74.10667	-196.059	121.9523	1.68288	8.36386	1.621025
6180	-69.95823	-194.3278	124.3696	0.771148	1.0239	2.395597
6186	-72.05723	-197.1085	125.0513	1.078257	1.0239	1.741879
6192	-77.53544	-200.5467	123.0113	1.229881	4.536344	1.821183
6198	-77.57286	-199.9988	122.426	1.880635	9.7405	0.8363683
6204	-69.0269	-191.1983	122.1714	2.288784	9.7405	0.5499426
6210	-71.48719	-193.6501	122.1629	2.297253	9.7405	0.5499426
6216	-68.52184	-193.4035	124.8816	1.414171	1.975581	1.046346
6222	-77.92286	-203.8167	125.8938	1.335407	0.3925624	1.562364
6228	-77.15192	-199.6427	122.4908	1.308988	5.069601	2.01515
6234	-74.07497	-195.9785	121.9035	1.236001	8.227556	1.981951
6240	-95.78967	-220.346	124.5564	2.682084	1.108244	0.6679643
6246	-87.1035	-213.4703	126.3668	2.044751	0.125787	1.190292
6252	-74.3811	-198.7498	124.3687	1.298196	2.220498	1.457186
6258	-71.92127	-195.7654	123.8442	0.905043	0.6344726	2.916061
6264	-78.1177	-200.0283	121.9106	1.866247	1.666348	2.916061
6270	-73.29738	-195.736	122.4386	1.043715	2.029091	2.956793
6276	-71.16566	-196.9385	125.7729	0.9631472	0.1883021	2.235931
6282	-77.48132	-202.1481	124.6667	1.660924	1.739133	1.152157
6288	-75.4388	-202.1517	126.7129	1.581227	0.1064793	1.350513
6294	-84.09102	-209.8201	125.7291	1.484991	0.2129017	1.871121
6300	-73.31357	-198.6211	125.3075	1.988611	0.7820554	1.023894
6306	-75.84094	-200.7093	124.8684	2.058242	0.7820554	1.345026
6312	-71.26964	-197.2963	126.0266	1.742178	0.3717789	1.167616
6318	-76.46629	-201.0556	124.5893	1.807352	1.061292	1.52305
6324	-73.61386	-200.0945	126.4806	2.434601	0.1045778	0.7495168
6330	-71.70005	-197.8806	126.1805	2.718139	0.1109855	0.3216632
6336	-89.7202	-214.4795	124.7593	3.304753	0.452714	0.3734075
6342	-80.78491	-204.2652	123.4803	1.619882	1.923116	1.97836
6348	-83.45287	-206.7504	123.2976	1.511025	7.204872	0.7838071
6354	-70.36296	-195.5355	125.1725	1.891562	0.9787035	1.038657
6360	-78.08789	-203.5179	125.43	2.594772	0.4863559	0.6066524
6366	-74.87229	-201.3539	126.4816	2.586787	0.0669661	0.7731057
6372	-72.79124	-198.7232	125.932	2.038012	0.4232536	0.8701349
6378	-78.48161	-204.7658	126.2842	1.697549	0.2745821	1.170804
6384	-78.04128	-202.8486	124.8073	1.7224	0.8721057	1.568432
6390	-72.61843	-197.8725	125.2541	1.873171	0.4156776	1.604536
6396	-71.70512	-195.6722	123.9671	1.81332	2.05925	1.439005
6402	-65.14644	-186.9523	121.8059	1.969621	11.00981	1.174757
6408	-54.70036	-181.0273	126.3269	1.746806	0.1024774	1.532187
6414	-62.75955	-188.2424	125.4829	1.379545	0.927306	1.264499
6420	-66.24959	-192.3673	126.1177	2.327828	0.2788104	0.5968077
6426	-75.5961	-198.0028	122.4067	2.327828	7.99986	0.6429426
6432	-69.51368	-192.7809	123.2672	1.016523	2.21684	2.399015
6438	-63.12081	-189.3613	126.2405	1.407025	0.3548371	1.299007
6444	-71.65797	-196.2874	124.6294	2.693633	1.058604	0.4377442
6450	-56.77677	-183.0356	126.2589	1.90588	0.266314	1.021306
6456	-64.22079	-188.261	124.0402	1.90588	2.695295	1.021306
6462	-67.43078	-191.5706	124.1398	2.324755	2.140347	0.7445394
6468	-80.79933	-204.6102	123.8109	1.324758	2.140347	1.869257
6474	-68.16306	-193.3983	125.2353	1.922065	0.9035431	1.024507
6480	-74.86225	-199.1572	124.2949	2.120139	2.140347	0.8137208
6486	-68.19935	-192.7247	124.5254	2.120139	1.464313	1.036298
6492	-75.4949	-198.2529	122.758	2.392137	3.252185	1.488124
6498	-76.86659	-200.4319	123.5653	2.392137	3.255286	0.7227024
6504	-72.37223	-197.1487	124.7764	1.384157	0.1495504	2.677558
6510	-78.06745	-196.9469	118.8795	1.576595	13.63775	3.154242
6516	-79.63636	-201.6372	122.0009	1.717167	5.256826	2.035456
6522	-78.9236	-204.6126	125.689	1.387205	1.128154	0.8748212
6528	-73.50163	-195.7874	122.2857	2.101226	9.063812	0.8748212
6534	-66.9151	-191.9827	125.0675	1.897942	0.9922862	1.117808
6540	-65.09494	-189.6403	124.5454	1.707538	1.616018	1.285877
6546	-71.1773	-195.71	124.5327	1.511633	1.631885	1.441952
6552	-66.44211	-190.8627	124.4205	1.835568	1.557053	1.316952
6558	-65.10789	-189.7405	124.6326	1.747454	1.823653	1.054507
6564	-71.93845	-194.4161	122.4777	1.573921	10.91268	0.923447
6570	-88.18004	-213.1095	124.9295	1.768753	1.316792	1.094847
6576	-80.67645	-203.1634	122.487	1.961267	7.581006	1.091278
6582	-68.44149	-192.8996	124.4581	2.218823	1.866539	0.6532259
6588	-75.65774	-200.1006	124.4429	2.244063	1.866539	0.3888388
6594	-72.98644	-197.0864	124.0999	1.627979	3.011438	1.095467
6600	-79.26895	-203.5557	124.2868	1.750569	1.517824	1.508299
6606	-77.53191	-199.8369	122.305	1.614626	2.57102	2.514305
6612	-72.25837	-197.5681	125.3097	1.312819	0.4121903	1.960316
6618	-64.25711	-188.678	124.4209	1.944045	0.5648119	1.960316
6624	-59.5794	-184.881	125.3016	1.06654	0.3238785	2.245678
6630	-73.24133	-196.0413	122.8	0.9769591	1.942705	2.809396
6636	-78.3568	-198.7471	120.3903	1.201385	4.830179	3.417112
6642	-73.52185	-197.3274	123.8055	1.644526	1.177828	2.104505
6648	-65.87613	-190.1379	124.2618	1.957277	0.6785298	1.949874
6654	-61.57613	-187.5349	125.9587	1.526796	0.4200651	1.32596
6660	-61.83859	-187.0451	125.2066	1.164877	0.4844029	2.041779
6666	-61.86255	-187.4024	125.5399	1.572803	0.4844029	1.52535
6672	-70.56862	-197.1853	126.6167	1.731471	0.04586464	1.52535
6678	-67.61674	-193.301	125.6842	2.163254	0.3457565	1.145856
6684	-64.81756	-192.1969	127.3793	1.84213	0.03072536	0.8052171
6690	-65.0498	-190.633	125.5832	1.7543	0.8830799	0.8553424
6696	-67.77898	-193.7144	125.9354	1.402042	0.8830799	0.8553424
6702	-86.09833	-211.7849	125.6866	2.018828	0.7062014	0.5953905
6708	-76.31147	-200.2477	123.9362	2.018828	3.396929	0.6176435
6714	-61.94576	-186.888	124.9422	1.501299	0.8631089	1.63834
6720	-68.02657	-191.7893	123.7627	1.217879	2.248998	1.934261
6726	-71.95842	-194.7106	122.7522	1.811247	4.201945	1.668717
6732	-67.06999	-193.3107	126.2407	2.29857	0.2481196	0.4838883
6738	-64.53483	-190.8859	126.3511	2.29857	0.2066642	0.5525169
6744	-71.27172	-195.3522	124.0805	2.862969	1.522543	0.5394535
6750	-69.97683	-195.4314	125.4546	2.658208	0.4185941	0.6792607
6756	-69.73064	-194.4925	124.7618	2.55371	1.059011	0.4168666
6762	-72.83948	-197.1668	124.3273	3.851382	0.3678496	0.3209671
6768	-70.66042	-193.0653	122.4049	4.035763	1.703539	0.180461
6774	-69.24381	-195.0236	125.7798	2.472907	0.3311054	0.7412164
6780	-65.80374	-191.3281	125.5244	1.818699	0.4473789	1.399121
6786	-71.99745	-195.1884	123.1909	2.130916	3.055532	1.4184
6792	-73.30669	-196.7798	123.4731	1.931057	2.311525	1.616103
6798	-71.45194	-195.3558	123.9038	2.212575	2.40128	0.9936612
6804	-77.88782	-202.456	124.5682	2.780845	1.003841	0.6463186
6810	-72.90303	-197.1448	124.2418	2.2744	2.199633	0.5600097
6816	-74.47129	-198.5197	124.0484	2.507838	1.752536	0.9221042
6822	-72.46403	-196.2535	123.7895	1.774099	2.906338	1.276814
6828	-68.3781	-191.6808	123.3027	1.864683	3.490167	1.404524
6834	-61.8278	-188.0458	126.218	1.793835	0.2435785	1.213231
6840	-58.7431	-182.8305	124.0874	1.883139	2.645032	1.020292
6846	-59.35428	-182.5499	123.1956	1.757813	5.65631	1.020292
6852	-63.96405	-189.3469	125.3829	1.791539	0.9544114	0.9528438
6858	-75.36775	-198.1635	122.7957	1.766391	2.924783	1.997234
6864	-73.91291	-198.6799	124.767	2.408035	1.072265	0.8176442
6870	-70.67508	-193.9464	123.2713	0.8799241	4.904813	1.808463
6876	-61.41045	-185.152	123.7415	1.73725	2.911174	1.343692
6882	-67.8785	-191.8004	123.9219	2.020694	2.911174	0.9252151
6888	-64.43309	-189.0158	124.5827	2.13934	1.721547	0.7380103
6894	-67.31799	-191.2894	123.9714	2.33111	2.456367	0.7380103
6900	-70.52198	-195.0626	124.5406	1.321628	1.047829	1.909927
6906	-79.78014	-201.6347	121.8546	1.342038	3.10995	2.811845
6912	-60.19965	-184.7688	124.5691	1.837975	2.252822	0.3192587
6918	-56.83886	-182.2098	125.371	2.039397	0.7166722	0.9908435
6924	-80.31113	-205.5701	125.2589	1.183514	0.9846514	1.545
6930	-79.30171	-200.7181	121.4164	2.613471	12.08289	0.7447882
6936	-72.38513	-197.0476	124.6625	2.52288	1.208548	0.5725866
6942	-78.86151	-200.2386	121.3771	2.746839	9.315058	1.099268
6948	-69.08138	-190.7444	121.6631	1.89979	13.22285	1.099268
6954	-79.95343	-203.4611	123.5076	3.368161	1.264734	0.2160146
6960	-66.26639	-185.9404	119.674	2.063406	42.87693	0.7966164
6966	-64.40168	-188.2351	123.8334	1.75653	3.560539	1.020365
6972	-55.83248	-179.2542	123.4217	1.336333	2.84484	1.888894
6978	-66.66886	-187.8631	121.1942	1.336333	5.173361	2.799944
6984	-73.98239	-197.6208	123.6384	1.867687	2.310247	1.541963
6990	-77.07479	-200.7372	123.6624	2.311865	2.358806	1.147607
6996	-74.78391	-196.6989	121.915	2.049591	11.16056	0.977267
7002	-63.81842	-189.7385	125.9201	2.078253	0.3609529	0.9724782
7008	-71.57156	-196.3316	124.76	1.788175	0.190666	2.35136
7014	-65.56183	-190.3244	124.7625	1.786947	1.213603	1.297237
7020	-67.95276	-192.9325	124.9798	2.340477	0.4693276	1.38686
7026	-67.90691	-193.1874	125.2804	2.039719	0.4856206	1.365075
7032	-70.18754	-194.7546	124.567	2.300364	1.483944	0.7686345
7038	-68.54948	-192.1537	123.6042	2.520401	3.008852	0.5777766
7044	-78.99914	-201.1606	122.1615	2.061142	8.654621	1.113144
7050	-73.919	-198.3191	124.4001	1.849192	1.867027	1.149459
7056	-77.68495	-199.6679	121.9829	1.996873	9.856499	1.149459
7062	-75.90247	-199.8358	123.9333	1.540602	1.407624	1.963045
7068	-80.68323	-204.0298	123.3465	1.169219	3.156591	1.963045
7074	-65.62107	-191.3897	125.7686	2.616911	0.2941489	0.6547503
7080	-70.01789	-195.0194	125.0015	2.112415	1.227233	0.7025062
7086	-68.93126	-193.7139	124.7827	2.266477	1.227233	0.799599
7092	-68.3916	-192.0024	123.6108	1.663823	3.042114	1.458866
7098	-61.90977	-188.1056	126.1959	1.241235	0.294106	1.564545
7104	-63.37661	-188.9159	125.5393	1.267081	0.294106	2.003562
7110	-83.01881	-207.4624	124.4436	2.903204	1.039781	0.5386875
7116	-86.84065	-209.0424	122.2017	2.562407	7.771867	0.6725431
7122	-61.34527	-186.8833	125.538	2.146787	0.731891	0.4565866
7128	-63.89336	-190.2977	126.4044	2.068395	0.2362542	0.7561945
7134	-72.55142	-198.291	125.7396	1.949236	0.4923168	1.038302
7140	-76.35353	-201.3979	125.0443	1.706851	0.8692836	1.403834
7146	-85.20186	-207.4281	122.2263	1.282719	2.990886	2.651215
7152	-61.90246	-187.8956	125.9931	1.589193	0.2653474	1.508864
7158	-71.32153	-196.8042	125.4827	1.316685	0.6477967	1.573179
7164	-80.74231	-205.1856	124.4433	0.8376231	0.5411429	2.676217
7170	-77.35685	-200.541	123.1841	1.808696	5.552513	1.007561
7176	-66.67539	-191.5985	124.9231	1.472185	1.132764	1.474086
7182	-71.65021	-194.3095	122.6593	1.650088	6.080944	1.474086
7188	-75.53828	-197.5898	122.0515	1.122609	11.49194	1.59349
7194	-72.42011	-195.3945	122.9744	1.998636	5.229897	1.107127
7200	-87.04108	-208.6424	121.6014	1.538441	8.752828	1.917877
7206	-87.58945	-208.418	120.8286	1.231975	2.32412	3.698569
7212	-78.10538	-204.2503	126.1449	2.033003	0.1157383	1.412168
7218	-86.26569	-210.6961	124.4304	1.528857	2.49347	1.100016
7224	-73.78645	-198.6998	124.9133	1.904628	0.9155484	1.31109
7230	-71.69873	-194.8378	123.139	1.99128	6.274658	0.5148338
7236	-74.18765	-198.9034	124.7158	1.404359	1.609367	1.395465
7242	-71.3697	-194.2597	122.89	1.624625	1.609367	2.487193
7248	-71.98542	-195.5744	123.589	1.400218	1.609367	2.185159
7254	-69.66777	-193.926	124.2582	1.292696	1.121086	2.071799
7260	-66.10276	-191.2341	125.1313	1.39736	1.598541	1.055251
7266	-67.12683	-193.3424	126.2156	1.628767	0.2457059	1.346137
7272	-68.80198	-194.4594	125.6574	2.007041	0.2277158	1.52167
7278	-74.75013	-198.3929	123.6427	1.785816	0.2708255	2.906738
7284	-63.98385	-187.9345	123.9507	2.178535	1.996584	1.186162
7290	-67.46782	-193.0732	125.6054	2.29338	0.3949789	1.004275
7296	-62.44617	-187.8721	125.4259	2.723954	0.4260033	0.5253663
7302	-64.1225	-188.8744	124.7519	2.518367	1.111672	0.5789837
7308	-61.20106	-186.9345	125.7335	2.255813	0.4895212	0.6753942
7314	-59.84115	-185.0847	125.2436	2.009993	1.000416	0.8064569
7320	-69.942	-195.3351	125.3931	2.202724	0.5971746	0.9679897
7326	-75.01703	-200.6885	125.6715	2.076816	0.4248466	1.093985
7332	-81.35323	-203.989	122.6358	1.457021	5.077794	1.815256
7338	-74.31361	-198.2607	123.9471	2.097051	1.45349	1.538641
7344	-64.0098	-188.4717	124.4619	2.267658	1.484772	0.9355151
7350	-74.1354	-196.8657	122.7303	2.306567	6.155677	0.7889051
7356	-68.96701	-195.5867	126.6197	1.374418	0.2779933	1.152611
7362	-71.76207	-195.7639	124.0018	2.068318	1.304706	1.605148
7368	-63.12907	-186.7512	123.6222	1.821739	2.720297	1.437549
7374	-66.26562	-189.8736	123.608	2.024121	2.334604	1.437549
7380	-61.23995	-185.3491	124.1092	1.888374	2.133651	1.231566
7386	-71.45798	-194.103	122.645	1.736462	7.571315	1.153226
7392	-83.50282	-206.4724	122.9696	1.242002	5.358084	1.678833
7398	-86.81168	-207.8687	121.0571	1.528074	5.358084	2.736332
7404	-83.19566	-203.5613	120.3656	1.833286	23.01561	1.441613
7410	-71.20659	-196.2751	125.0685	1.698165	0.6860137	1.559374
7416	-80.73125	-206.0598	125.3286	1.642999	0.5429954	1.559374
7422	-97.21309	-218.427	121.2139	2.361024	2.541727	2.735973
7428	-89.4797	-213.4996	124.0199	1.615925	1.896038	1.618308
7434	-81.15088	-204.6823	123.5314	2.584806	2.76946	0.7923562
7440	-71.14299	-196.594	125.451	1.100648	0.4230132	1.994232
7446	-71.76883	-198.0271	126.2583	2.032659	0.2466296	0.9443335
7452	-74.84679	-198.8679	124.0211	1.787746	2.868311	1.077784
7458	-70.39144	-196.2024	125.811	1.417262	0.6498943	1.237146
7464	-72.80441	-198.4	125.5956	2.575125	0.4013942	0.3929831
7470	-71.83004	-198.4918	126.6617	2.523314	0.06162372	0.6061764
7476	-79.03164	-205.955	126.9234	2.168665	0.08098764	0.6084746
7482	-61.88122	-188.1735	126.2923	1.451487	0.2383769	1.43983
7488	-62.86274	-187.2683	124.4056	1.867032	1.328656	1.43983
7494	-60.54885	-185.1388	124.59	1.884174	1.685083	1.050756
7500	-62.33361	-186.1806	123.847	0.5958503	1.153995	2.753007
7506	-55.10896	-178.9718	123.8628	1.460522	2.776862	1.509306
7512	-62.90393	-189.3423	126.4383	1.772593	0.1130814	1.394804
7518	-61.10431	-187.3239	126.2196	1.451514	0.3495936	1.28871
7524	-65.27589	-191.1769	125.901	1.864086	0.2696151	1.36033
7530	-80.40996	-203.6743	123.2643	1.171765	3.89463	1.829701
7536	-82.21641	-208.6626	126.4462	2.003501	0.09141005	1.276783
7542	-70.07534	-194.0431	123.9677	2.150759	2.689205	0.8369904
7548	-71.38801	-196.0398	124.6518	2.191742	1.564123	0.7161523
7554	-70.61391	-196.394	125.7801	1.901518	0.7101006	0.6439833
7560	-67.88448	-194.1489	126.2644	2.360778	0.2048536	0.6439833
7566	-73.31962	-198.295	124.9754	1.824983	1.681694	0.6439833
7572	-66.15265	-192.2387	126.0861	1.9534	0.4179849	0.7953863
7578	-70.10843	-195.4161	125.3077	2.440491	0.5239777	0.9249828
7584	-63.26605	-189.9081	126.642	1.660017	0.3476331	0.545178
7590	-67.80017	-192.8223	125.0221	1.73266	1.797828	0.5488649
7596	-70.98048	-196.6881	125.7076	1.697623	0.3658317	1.47091
7602	-51.54037	-175.9737	124.4333	1.638271	1.552452	1.463689
7608	-50.01565	-174.5659	124.5502	1.489342	1.007595	1.815643
7614	-64.771	-190.944	126.173	1.555157	0.3362457	1.26526
7620	-69.84837	-193.9673	124.1189	2.417118	2.158889	0.5708846
7626	-70.52088	-194.0603	123.5394	2.351793	2.338838	1.228226
7632	-75.08366	-197.8286	122.745	1.813306	6.964004	1.106821
7638	-69.58135	-193.201	123.6196	2.10445	3.415832	0.9389192
7644	-74.23381	-198.8574	124.6236	1.948652	1.704614	0.9389192
7650	-70.04635	-194.2529	124.2066	1.669287	1.704614	1.531864
7656	-70.99744	-194.2445	123.2471	1.490149	4.246695	1.531864
7662	-76.55904	-200.3717	123.8126	1.244096	3.303262	1.542706
7668	-70.53868	-197.4016	126.8629	2.102249	0.0300091	1.083127
7674	-62.37492	-188.8051	126.4302	2.563773	0.02051914	1.083127
7680	-68.84858	-192.7479	123.8994	1.970497	2.15555	1.326415
7686	-68.73257	-192.6464	123.9139	1.970497	2.338717	1.234057
7692	-66.36553	-191.4428	125.0773	1.756224	1.251548	1.017625
7698	-71.11943	-195.2478	124.1283	1.781232	1.345866	1.696447
7704	-81.37086	-206.3843	125.0134	2.717204	0.698939	0.4865819
7710	-68.35311	-191.0982	122.7451	1.965279	1.702444	2.323643
7716	-74.16735	-195.9297	121.7623	1.730919	3.105098	2.631372
7722	-80.53088	-201.499	120.9681	2.595441	1.332139	3.190836
7728	-72.84782	-197.8635	125.0157	2.07477	0.1287195	2.138122
7734	-75.84629	-199.9336	124.0873	1.574796	0.9399953	2.11524
7740	-76.332	-201.6218	125.2898	1.27553	0.4106912	2.000496
7746	-75.32604	-200.1258	124.7997	1.837083	0.9235796	1.446524
7752	-78.45716	-203.8658	125.4087	2.686398	0.4105734	0.7353048
7758	-65.30986	-189.4959	124.186	2.686398	1.626317	0.5169301
7764	-64.28433	-190.5223	126.238	2.6599	0.1060733	0.7658882
7770	-65.13181	-190.9178	125.786	2.461526	0.3258905	0.7658882
7776	-71.44349	-193.2698	121.8263	2.734749	9.138857	0.4602506
7782	-67.31409	-193.3053	125.9912	2.001499	0.2308506	1.258163
7788	-69.52477	-193.9702	124.4454	1.839665	2.251943	0.8970983
7794	-63.91117	-189.1386	125.2274	1.807496	0.7769945	1.262101
7800	-62.30502	-187.3739	125.0689	2.031305	0.8649677	1.117826
7806	-62.77586	-188.6957	125.9198	2.154136	0.3106244	1.006349
7812	-67.49497	-192.5667	125.0717	2.332557	0.8168467	0.8648328
7818	-71.95374	-197.3928	125.4391	2.016854	0.6558503	1.025321
7824	-75.73715	-200.3638	124.6266	2.13917	1.235901	1.094598
7830	-67.87122	-190.98	123.1088	2.06171	5.248985	0.9049671
7836	-70.01428	-195.3253	125.311	2.257679	0.6033109	0.986653
7842	-72.05345	-196.2291	124.1757	1.876296	1.343184	1.595723
7848	-70.90003	-195.7152	124.8152	1.629507	0.4588671	2.022363
7854	-70.54123	-196.0396	125.4984	2.089183	0.7734273	0.6751101
7860	-64.35636	-189.4136	125.0572	1.702704	1.350697	1.010125
7866	-59.03635	-186.2186	127.1822	1.684628	0.08452215	0.9193794
7872	-60.44723	-186.1237	125.6765	1.847441	0.6817701	0.9193794
7878	-68.96165	-195.0423	126.0806	1.50921	0.6098971	0.9550162
7884	-66.72236	-190.3101	123.5877	3.006101	1.892577	0.3034854
7890	-69.53588	-193.9535	124.4176	3.371985	0.5410555	0.2641674
7896	-69.71642	-194.8942	125.1778	2.973654	0.4196915	0.42827
7902	-71.89722	-196.3959	124.4987	2.849491	1.011861	0.3892344
7908	-67.36564	-191.7327	124.367	2.8327	1.200326	0.4663305
7914	-68.55909	-193.9157	125.3566	3.35466	0.1436441	0.27531
7920	-66.14058	-190.4742	124.3337	3.130904	0.7642293	0.2545905
7926	-64.80767	-189.6027	124.7951	2.817851	0.7642293	0.3779026
7932	-69.95404	-190.8512	120.8972	2.677721	16.47021	0.3851191
7938	-61.96399	-185.5266	123.5626	2.147824	2.313877	1.385311
7944	-64.07908	-187.4992	123.4201	1.682149	2.782852	1.668664
7950	-60.18422	-185.0559	124.8717	1.542717	1.622014	1.145086
7956	-67.57178	-192.8429	125.2711	1.957469	1.166395	0.5421185
7962	-69.18383	-193.2289	124.045	2.189683	2.708753	0.6408614
7968	-68.1757	-190.7107	122.535	2.780355	5.312762	0.3522779
7974	-67.74603	-190.6651	122.9191	2.437441	5.298796	0.4126281
7980	-71.63188	-194.2563	122.6244	2.052949	8.152071	0.6988386
7986	-72.73665	-195.8106	123.0739	2.498183	4.393164	0.6988386
7992	-70.79192	-195.2651	124.4731	1.974247	1.92697	0.9216307
7998	-78.36126	-200.9193	122.558	1.938933	4.040777	1.753143
8004	-85.41248	-205.0484	119.6359	2.771151	31.1486	0.7023617
8010	-74.38708	-198.4804	124.0933	1.864276	1.699574	1.473104
8016	-74.72909	-198.1719	123.4428	2.382562	3.180711	0.9295929
8022	-67.42979	-192.3206	124.8908	2.330212	1.146883	0.6288896
8028	-67.709	-193.2825	125.5735	1.649082	0.8264155	1.044604
8034	-66.08468	-190.1924	124.1077	1.881706	1.72691	1.435093
8040	-69.35219	-194.1833	124.8311	2.592015	0.964725	0.5279031
8046	-68.05262	-192.019	123.9664	2.455651	2.197021	0.7613727
8052	-66.16165	-191.6084	125.4467	2.018976	0.6480505	1.026232
8058	-65.60958	-191.0206	125.411	2.092125	0.5365734	1.14354
8064	-75.1125	-198.5609	123.4484	2.227181	3.057307	1.125504
8070	-76.23965	-200.4546	124.215	2.155902	1.700779	1.13628
8076	-71.0674	-197.161	126.0936	1.840623	0.3186884	1.121096
8082	-79.10598	-202.0988	122.9929	2.873964	3.169026	0.8887589
8088	-70.94286	-195.1612	124.2184	2.887373	1.274185	0.381552
8094	-74.13873	-195.1866	121.0478	3.626085	8.38879	0.4011437
8100	-75.98762	-199.4879	123.5003	3.600724	1.15833	0.2810485
8106	-72.27386	-197.055	124.7811	2.151058	1.15833	1.000154
8112	-74.59842	-196.5587	121.9603	2.129055	9.795873	1.058114
8118	-72.7122	-198.3926	125.6804	1.784995	0.3237079	1.493217
8124	-73.40715	-197.8364	124.4293	2.146765	1.442002	1.116862
8130	-75.38452	-198.2293	122.8448	2.088807	6.215124	0.8986642
8136	-77.06019	-203.2215	126.1613	1.672612	0.5603284	0.7465809
8142	-81.45577	-206.2583	124.8025	2.656617	0.896231	0.6502671
8148	-79.50221	-203.7293	124.227	2.393119	1.679997	0.9045285
8154	-81.55958	-207.3412	125.7816	2.393119	0.3119772	0.8967339
8160	-77.35877	-201.1193	123.7605	1.872221	3.76308	0.8989978
8166	-78.36664	-203.1216	124.755	1.584102	1.930978	1.03032
8172	-71.80979	-196.3093	124.4995	2.010582	2.058897	0.7453386
8178	-68.59816	-194.0053	125.4072	2.416608	0.6186414	0.5962878
8184	-78.8623	-200.538	121.6757	2.89839	9.08107	0.509035
8190	-78.91082	-204.3067	125.3959	2.67632	0.465627	0.4395777
8196	-71.21572	-195.1792	123.9635	2.67632	1.991291	0.5219023
8202	-67.04215	-192.0286	124.9865	2.019913	0.8887744	1.177665
8208	-70.69766	-197.3322	126.6345	1.414097	0.279063	1.101295
8214	-77.72997	-201.348	123.618	1.715647	4.046953	1.101295
8220	-75.07726	-198.8025	123.7252	1.961474	4.046953	0.6935904
8226	-66.61103	-191.6484	125.0374	1.726729	1.698513	0.6935904
8232	-75.02603	-198.8953	123.8693	2.003705	3.629966	0.6035535
8238	-69.6728	-193.7099	124.0371	1.848059	3.629966	0.5601262
8244	-73.83938	-195.0117	121.1724	1.370203	25.13683	1.015438
8250	-75.81909	-199.9411	124.122	1.627892	2.548196	1.258732
8256	-78.74851	-202.9869	124.2384	1.80393	1.998554	1.258732
8262	-63.56455	-189.3902	125.8256	0.9621727	0.4124375	1.847961
8268	-68.7213	-193.9253	125.204	1.134796	0.8455465	1.726879
8274	-64.13918	-188.8982	124.759	1.28061	1.879088	1.319588
8280	-67.47657	-191.8523	124.3757	1.48497	3.062642	0.9437642
8286	-61.81603	-186.3253	124.5093	1.335481	2.752801	1.092425
8292	-61.81422	-187.6097	125.7955	1.059223	0.8520651	1.337493
8298	-61.00185	-186.0563	125.0544	1.219024	1.590906	1.283406
8304	-64.26045	-188.3266	124.0661	1.860747	1.590906	1.551569
8310	-71.55158	-196.7008	125.1493	1.573213	1.590906	0.856961
8316	-69.10373	-196.0112	126.9075	1.477492	0.1282637	1.205007
8322	-74.08483	-201.2081	127.1232	1.106582	0.09196627	1.44867
8328	-77.30421	-201.86	124.5557	1.576928	2.615969	0.8615238
8334	-76.20378	-202.6012	126.3974	1.709103	0.2505768	1.113982
8340	-77.90242	-204.2578	126.3554	1.423851	0.05114221	1.908692
8346	-72.58736	-196.576	123.9886	1.691973	0.4274001	2.548285
8352	-79.25459	-202.0924	122.8378	1.374129	3.076095	2.185141
8358	-79.47434	-202.4072	122.9329	2.006126	3.995819	1.441923
8364	-84.56981	-210.1274	125.5576	1.297216	1.239638	1.006548
8370	-87.5597	-211.7114	124.1517	1.031239	1.572421	2.075502
8376	-98.33311	-222.3079	123.9748	1.419486	1.841346	1.812724
8382	-86.04755	-209.7959	123.7484	2.40993	2.954498	0.5162472
8388	-85.57672	-207.0653	121.4886	1.712255	19.21966	0.8129912
8394	-70.40996	-196.3121	125.9022	1.594989	0.4432051	1.282186
8400	-71.77238	-194.9458	123.1734	1.858089	3.074912	1.628616
8406	-76.97177	-201.5945	124.6227	1.335451	0.7276085	2.081015
8412	-75.41645	-199.9853	124.5689	1.885547	1.385159	1.259676
8418	-77.6487	-201.3193	123.6706	1.702225	1.560419	1.954924
8424	-70.47199	-195.1895	124.7175	2.035324	1.560419	0.846249
8430	-79.65917	-203.593	123.9338	2.33285	2.710883	0.517719
8436	-78.90433	-201.7315	122.8272	2.273877	4.66266	1.13653
8442	-81.74591	-204.8934	123.1474	2.218118	5.095166	0.7000922
8448	-77.91984	-203.5256	125.6058	2.184842	0.5182715	0.8878433
8454	-82.56228	-202.6907	120.1285	1.735642	19.12714	1.913566
8460	-77.27532	-201.561	124.2857	1.644736	1.456858	1.619987
8466	-73.97098	-197.7861	123.8151	1.158286	1.472549	2.2589
8472	-83.64849	-204.8228	121.1743	1.075427	2.735476	3.472072
8478	-77.09392	-201.0113	123.9174	1.502287	2.20909	1.644244
8484	-90.266	-213.8573	123.5913	2.494204	2.350578	1.049364
8490	-91.00927	-214.5486	123.5393	2.989099	1.678909	1.001874
8496	-76.5193	-200.9199	124.4006	2.259764	1.858776	0.6946737
8502	-73.66956	-199.1105	125.441	2.446318	0.5506782	0.6822118
8508	-66.06985	-191.3785	125.3087	3.025378	0.2922654	0.751846
8514	-68.14739	-193.9225	125.7751	2.3758	0.2902827	0.9765113
8520	-65.51516	-188.8648	123.3497	2.186347	3.832585	0.9765113
8526	-63.35557	-189.4048	126.0493	1.135297	0.1346702	2.061714
8532	-70.49505	-196.2335	125.7385	1.446118	0.1346702	2.061714
8538	-66.5326	-189.8901	123.3575	1.473328	0.3665018	3.135946
8544	-62.18937	-187.8003	125.6109	2.245049	0.4132725	1.011974
8550	-62.47646	-187.6762	125.1997	1.983495	0.9466205	0.9520964
8556	-62.90358	-187.1038	124.2002	1.683087	1.513858	1.623582
8562	-64.45241	-188.617	124.1646	2.075809	1.943165	1.115851
8568	-64.3796	-188.1743	123.7947	2.192746	2.399061	1.117382
8574	-66.34833	-188.6894	122.3411	2.600136	6.583921	0.7850937
8580	-66.13556	-192.4085	126.2729	2.519662	0.160088	0.5690958
8586	-70.50729	-194.4098	123.9025	1.94628	2.282606	1.28788
8592	-78.15485	-199.6342	121.4793	1.784309	16.07851	1.073992
8598	-77.42368	-201.6564	124.2327	1.16158	2.106087	1.702961
8604	-80.43261	-204.0871	123.6545	1.901189	2.106087	1.587002
8610	-71.23856	-196.0363	124.7977	2.162756	0.7036059	1.395405
8616	-68.90905	-194.8852	125.9761	2.328749	0.2237225	0.9941943
8622	-73.86687	-198.3513	124.4844	2.227719	1.503023	0.9397693
8628	-73.94603	-199.0623	125.1162	2.097972	0.832351	1.04607
8634	-79.43959	-203.9614	124.5219	1.765277	1.188759	1.517715
8640	-84.85058	-208.67	123.8194	2.395351	1.188759	1.571236
8646	-79.70142	-202.5961	122.8947	1.678494	2.569216	2.097305
8652	-77.06087	-200.4391	123.3783	1.738052	1.620321	2.097305
8658	-88.34423	-213.3122	124.9679	1.938348	0.9341441	1.221797
8664	-84.05178	-208.6383	124.5865	2.481853	1.268482	0.7204248
8670	-80.58511	-204.5461	123.961	2.651761	1.853267	0.7747848
8676	-88.37114	-212.6361	124.265	2.651761	1.555119	0.5576447
8682	-87.14656	-213.761	126.6144	2.16411	0.0334783	1.234243
8688	-80.25727	-205.2567	124.9995	1.901327	0.8390174	1.312353
8694	-77.52802	-202.0616	124.5335	2.966408	0.8913809	0.5341501
8700	-77.94439	-201.8537	123.9093	2.127996	2.137859	1.195761
8706	-68.34173	-193.9168	125.5751	2.3113	0.2444015	1.315201
8712	-70.70097	-194.9976	124.2966	3.013904	0.9912334	0.3192428
8718	-80.37403	-204.7049	124.3309	2.779991	0.2695597	1.837943
8724	-68.8401	-193.2915	124.4514	1.798925	2.303575	0.9054322
8730	-62.07877	-188.1022	126.0234	1.657063	0.2520169	1.4606
8736	-62.64986	-189.5239	126.8741	1.997017	0.106977	0.797894
8742	-66.2897	-191.5991	125.3094	2.019287	0.4805736	1.365059
8748	-67.51944	-192.7659	125.2464	1.467998	0.7094527	1.575263
8754	-72.35923	-197.4287	125.0694	1.76937	1.116862	1.124023
8760	-79.28909	-199.1241	119.835	2.485118	33.574	0.5802294
8766	-78.85146	-198.6346	119.7831	2.103459	33.574	1.130518
8772	-69.43565	-195.2118	125.7761	1.350046	0.5619693	1.421003
8778	-79.59866	-203.9389	124.3403	1.442369	2.252722	1.353863
8784	-73.3255	-195.9854	122.6599	2.561258	5.700791	0.6721192
8790	-71.02602	-193.9229	122.8969	2.134343	5.956801	0.8567962
8796	-68.82585	-192.9272	124.1014	2.363288	1.952996	0.8847917
8802	-84.23254	-207.4396	123.2071	1.290782	2.728478	2.097634
8808	-84.98104	-210.8666	125.8856	2.134115	0.4999314	0.5352645
8814	-71.1971	-195.7804	124.5833	1.642097	1.534489	1.354445
8820	-75.71077	-199.7987	124.088	1.732508	1.534489	1.658016
8826	-80.52967	-203.8175	123.2878	1.732508	3.004258	1.658016
8832	-78.42482	-202.0324	123.6076	2.082999	3.004258	1.132095
8838	-78.72608	-203.568	124.8419	2.667249	0.658735	0.9680078
8844	-95.51066	-220.887	125.3764	2.362642	0.6888872	0.5524728
8850	-75.81128	-199.0286	123.2173	2.405848	1.876642	1.636076
8856	-85.7345	-210.7826	125.0481	2.455482	0.2246745	1.64543
8862	-82.65942	-207.9588	125.2994	2.918433	0.3216496	0.8189637
8868	-84.12158	-209.9131	125.7916	3.047951	0.1451906	0.4220548
8874	-82.99332	-207.128	124.1347	2.526675	1.689007	0.8495255
8880	-70.70284	-196.5411	125.8382	0.9665564	0.202367	2.163843
8886	-76.70906	-199.3479	122.6389	1.193358	7.645586	1.576975
8892	-74.28805	-199.6268	125.3387	1.495141	0.3993152	1.833525
8898	-81.78192	-208.1506	126.3687	1.477442	0.1993895	1.44608
8904	-76.44555	-201.7566	125.3111	2.287129	0.4772328	1.145493
8910	-76.1692	-198.7956	122.6264	2.631349	4.128162	1.145493
8916	-76.81204	-201.7245	124.9125	2.013268	0.6925036	1.433466
8922	-84.47569	-208.6164	124.1407	3.055513	1.046268	0.8223964
8928	-82.20328	-207.3816	125.1783	1.979605	1.020014	0.8987179
8934	-80.9262	-201.3418	120.4156	2.197579	22.73618	1.118501
8940	-68.87226	-192.8031	123.9308	2.28029	1.274348	1.519844
8946	-68.03018	-192.5196	124.4894	2.512609	0.8329802	1.234674
8952	-73.3221	-194.9246	121.6025	2.330159	9.536521	1.234674
8958	-80.7391	-204.3004	123.5613	2.338009	2.697134	1.065432
8964	-87.68916	-211.8211	124.1319	1.869934	1.116037	1.769867
8970	-85.5132	-210.6663	125.1531	1.390268	0.6336556	1.769867
8976	-93.21298	-218.505	125.292	1.931601	0.5064533	1.413472
8982	-83.3225	-208.8277	125.5052	1.55682	0.7466893	1.270383
8988	-86.66835	-212.0953	125.427	2.307979	0.1652863	1.6088
8994	-81.00679	-207.3663	126.3595	2.042066	0.2006896	0.9633132
9000	-76.79326	-203.3763	126.5831	1.981527	0.1711611	0.8860504
9006	-78.36754	-203.6263	125.2587	1.922257	0.5079223	1.444374
9012	-92.85781	-219.6254	126.7676	2.183709	0.09608965	0.7494363
9018	-87.33829	-213.821	126.4827	2.455316	0.09917837	0.7494363
9024	-74.11375	-198.6209	124.5072	1.586977	0.7190066	1.998178
9030	-78.97662	-202.7223	123.7457	1.330929	1.788853	2.049575
9036	-85.21302	-211.4446	126.2316	1.536908	0.1532586	1.614052
9042	-82.0896	-208.4654	126.3758	2.097982	0.1532586	1.043179
9048	-75.38141	-201.0856	125.7041	1.595762	0.2324353	1.774236
9054	-78.56067	-203.5375	124.9768	1.718966	0.5272361	1.774236
9060	-90.70202	-214.9743	124.2722	2.860684	0.5272361	1.457257
9066	-86.69582	-212.2003	125.5045	1.66596	0.2858348	1.769182
9072	-88.02412	-211.359	123.3349	1.898201	2.679193	1.608732
9078	-76.5607	-203.3739	126.8132	2.42689	0.00923151	0.7433244
9084	-81.90555	-207.0229	125.1173	2.268893	0.8053632	0.9011737
9090	-76.56236	-201.5429	124.9805	2.343626	0.8053632	0.9679392
9096	-80.61091	-206.2648	125.6539	2.42399	0.4574255	0.5969829
9102	-72.4195	-197.868	125.4485	2.558331	0.4574255	0.7395917
9108	-68.62851	-192.3531	123.7246	2.452634	2.738509	0.7232838
9114	-70.66083	-194.3312	123.6703	2.566607	2.738509	0.5999357
9120	-71.32263	-194.9238	123.6012	2.314869	2.738509	1.031208
9126	-72.02666	-195.7943	123.7676	1.628448	2.738509	1.467664
9132	-78.32548	-203.808	125.4825	2.162555	0.4207826	1.192447
9138	-75.3555	-201.2975	125.942	1.85506	0.431877	1.035771
9144	-83.32704	-208.3442	125.0172	1.609777	1.258007	1.201044
9150	-83.59702	-207.8649	124.2679	1.7823	1.048157	1.780776
9156	-78.96048	-203.8764	124.9159	1.814278	0.4487748	1.84178
9162	-78.86803	-203.6026	124.7345	2.138701	0.4670462	1.719973
9168	-73.32272	-197.3928	124.0701	1.867813	1.797332	1.439615
9174	-84.11621	-209.2502	125.134	1.178486	0.3062168	2.306918
9180	-75.25128	-198.0231	122.7718	1.415528	6.440978	1.502833
9186	-73.42428	-198.4731	125.0488	2.07704	0.2410877	1.877998
9192	-73.5433	-198.0162	124.4729	1.841133	0.4184495	2.156359
9198	-70.97977	-197.7233	126.7435	1.384532	0.02596289	1.748836
9204	-74.79705	-199.6176	124.8206	1.670019	0.6949825	1.748836
9210	-83.64316	-206.084	122.4409	1.42511	1.864018	2.784418
9216	-84.35433	-207.6831	123.3288	1.020104	1.202104	2.784418
9222	-87.25863	-209.2135	121.9548	1.340615	0.8207336	3.634899
9228	-82.80965	-206.7696	123.9599	1.094913	0.8207336	2.584725
9234	-80.08156	-204.8805	124.7989	2.414461	0.5368096	1.383471
9240	-72.05026	-198.2526	126.2023	2.066993	0.1020868	1.384527
9246	-83.04883	-207.138	124.0892	3.089986	1.193182	0.3887856
9252	-85.29504	-208.0218	122.7268	3.020839	4.013097	0.4315354
9258	-74.97202	-200.5326	125.5605	2.770151	0.3360517	0.499557
9264	-74.07473	-198.9845	124.9098	2.848182	0.6295237	0.7057882
9270	-78.54213	-202.9991	124.4569	1.851196	2.196497	0.9047566
9276	-78.68652	-201.4559	122.7694	1.659177	4.877899	1.61797
9282	-71.66144	-195.6344	123.973	0.6191868	1.389905	2.539497
9288	-72.27513	-194.498	122.2229	1.31381	0.6907145	3.587873
9294	-74.07633	-196.8007	122.7243	1.541684	2.913097	2.19503
9300	-74.03453	-199.1865	125.152	1.373326	1.583178	1.068612
9306	-70.33376	-195.6267	125.293	1.724734	1.414821	0.5705178
9312	-64.13321	-189.207	125.0738	2.519954	0.8094302	0.5216562
9318	-69.88403	-196.144	126.26	2.845724	0.004120445	0.4518921
9324	-69.04723	-193.2174	124.1702	2.59201	1.789507	0.53532
9330	-68.46226	-193.9275	125.4652	2.020843	0.5937259	1.080241
9336	-68.3106	-194.19	125.8794	2.047845	0.2226409	1.330082
9342	-79.5439	-203.3599	123.816	1.852402	1.584372	1.740571
9348	-81.63032	-205.9357	124.3054	1.747119	1.584372	1.460978
9354	-85.90705	-210.0396	124.1326	1.32339	0.6802251	2.44302
9360	-77.23234	-201.9605	124.7282	1.851176	0.8023112	1.590429
9366	-80.82004	-204.1257	123.3057	1.502914	2.89678	1.838736
9372	-91.41083	-214.9034	123.4926	1.284339	1.601494	2.325088
9378	-86.5211	-207.8709	121.3498	1.672995	6.251859	2.325088
9384	-75.3139	-200.7211	125.4072	1.575132	0.3252034	1.836544
9390	-72.48758	-197.2806	124.793	0.8400673	0.4648598	2.536113
9396	-71.24363	-194.9531	123.7095	1.104314	0.2814389	3.258142
9402	-69.51855	-193.7051	124.1865	0.9654336	0.7524013	2.575159
9408	-65.84017	-191.1225	125.2823	1.837828	0.7524013	1.21585
9414	-63.52531	-188.7372	125.2119	1.661532	1.05697	1.143381
9420	-71.85898	-197.9267	126.0678	1.595986	0.1589768	1.675231
9426	-75.20913	-200.4445	125.2354	1.237098	0.1589768	2.463736
9432	-80.45962	-205.9848	125.5252	1.764017	0.4622806	1.420461
9438	-77.85408	-202.5249	124.6709	1.376929	1.712348	1.397403
9444	-71.82136	-196.1143	124.2929	1.931021	1.800946	1.207547
9450	-68.61942	-192.1371	123.5176	1.801112	3.53382	1.27056
9456	-69.05468	-195.1706	126.116	2.016964	0.222527	1.158191
9462	-79.45416	-203.8075	124.3534	1.721578	1.264502	1.625713
9468	-81.39394	-206.3075	124.9136	1.892357	1.287781	1.015052
9474	-76.9023	-200.9392	124.0369	1.869953	2.069798	1.335399
9480	-77.76187	-200.9055	123.1437	1.68308	2.214378	2.049424
9486	-75.89918	-199.7339	123.8347	2.209312	3.007455	0.7464331
9492	-82.33256	-206.4794	124.1468	1.616385	3.007455	1.064163
9498	-86.66946	-211.291	124.6216	1.797029	0.4604475	2.037826
9504	-86.56834	-212.2569	125.6885	2.210627	0.5047882	0.7794161
9510	-87.62377	-213.0555	125.4317	2.331019	0.6471991	0.649797
9516	-81.32743	-205.9137	124.5863	2.170934	1.233881	1.104012
9522	-76.07678	-201.0817	125.0049	1.957591	1.074133	1.04627
9528	-84.83846	-209.359	124.5205	2.162516	0.6553142	1.650034
9534	-80.20263	-205.4026	125.2	2.165067	1.015988	0.4396712
9540	-88.23163	-210.6353	122.4036	1.593924	4.524192	1.988894
9546	-85.76946	-209.0104	123.2409	1.869214	4.524192	1.165287
9552	-65.69896	-191.6685	125.9695	2.364182	0.3248496	0.611063
9558	-66.574	-193.0071	126.4331	1.677942	0.4448148	0.5564038
9564	-68.63962	-196.2825	127.6429	1.619308	0.0389382	0.6856351
9570	-79.09875	-203.122	124.0232	1.82493	2.605306	1.151282
9576	-78.16672	-201.7307	123.564	2.684464	2.605306	0.7080817
9582	-72.59304	-195.7029	123.1098	2.728145	3.773319	0.4654832
9588	-70.47243	-193.5723	123.0999	2.728145	3.773319	0.4252364
9594	-68.62684	-191.3251	122.6982	2.413011	6.315251	0.4323289
9600	-74.97888	-198.4193	123.4404	1.519849	1.659113	2.181803
9606	-74.68929	-199.4787	124.7894	1.414251	1.222042	1.558146
9612	-70.26681	-196.1093	125.8425	1.328589	0.4367315	1.543941
9618	-67.81837	-194.3572	126.5389	1.336422	0.4177583	0.9841987
9624	-74.95149	-196.9188	121.9673	2.365711	10.35322	0.6457357
9630	-71.67043	-196.0072	124.3368	2.282083	1.986593	0.6193728
9636	-71.75754	-196.4846	124.727	1.780093	1.146647	1.378251
9642	-63.55688	-189.8504	126.2935	1.745657	0.3418328	0.9718632
9648	-60.44601	-186.3531	125.9071	2.091977	0.450494	0.7692385
9654	-58.57351	-182.6167	124.0432	1.159542	0.3811235	2.895343
9660	-63.37718	-189.064	125.6868	1.331558	0.2535269	1.928655
9666	-68.59913	-194.194	125.5949	1.194386	0.7402785	1.490703
9672	-65.05168	-190.6744	125.6227	1.506804	0.9921346	0.9595734
9678	-62.76002	-189.1717	126.4117	1.854618	0.1689379	1.183588
9684	-64.51164	-189.1203	124.6087	2.15893	1.122958	1.181978
9690	-61.71451	-187.1459	125.4314	1.710006	1.122958	0.7997688
9696	-67.2306	-193.545	126.3144	1.949272	0.0634975	1.522882
9702	-70.33348	-195.4241	125.0906	1.581104	0.5729938	1.741601
9708	-63.74872	-188.5426	124.7939	1.992454	1.143293	1.149353
9714	-63.03454	-188.2908	125.2563	1.896068	0.7096189	1.234211
9720	-60.87827	-185.9123	125.0341	2.00016	1.146718	0.9035514
9726	-61.44486	-186.234	124.7892	2.214477	1.283807	0.7967642
9732	-55.20553	-180.831	125.6254	1.445236	0.4948758	1.543474
9738	-67.84832	-189.3615	121.5131	1.278803	8.416477	2.187771
9744	-86.73072	-210.0443	123.3136	1.997707	4.913036	0.8493773
9750	-76.0627	-199.8246	123.7619	2.142103	3.400333	0.7172929
9756	-83.20539	-202.1893	118.9839	1.892441	66.64318	0.77094
9762	-75.10163	-202.1185	127.0168	1.510614	0.1695098	0.9333267
9768	-74.13214	-199.3817	125.2496	1.928585	0.9009929	1.006723
9774	-72.69206	-198.5405	125.8484	2.056442	0.4522404	0.8848019
9780	-69.88363	-194.0663	124.1826	2.067443	2.746711	0.5195707
9786	-78.25687	-203.5879	125.3311	1.914779	0.4764373	1.435027
9792	-74.55943	-198.0086	123.4491	2.02413	3.174789	1.258169
9798	-63.63805	-189.4024	125.7644	1.717079	0.2533893	1.605652
9804	-74.3487	-200.4039	126.0552	2.217819	0.328211	0.7190064
9810	-70.64688	-196.2527	125.6058	1.611076	0.328211	1.667766
9816	-71.19029	-196.7053	125.515	0.6171813	0.558947	2.120428
9822	-74.7812	-195.5098	120.7286	0.4158359	2.627266	4.137559
9828	-70.92635	-195.6946	124.7683	0.2855383	1.187022	2.354761
9834	-64.22873	-188.5476	124.3188	0.4099093	0.5994911	2.958437
9840	-60.77417	-186.8318	126.0576	0.661109	0.2821373	2.080588
9846	-64.11577	-190.852	126.7362	1.06679	0.1962561	1.485967
9852	-87.09492	-210.6008	123.5059	1.994381	4.58489	0.7210485
9858	-83.3634	-206.5795	123.2161	1.816184	4.58489	1.216555
9864	-69.72027	-196.0505	126.3302	2.139362	0.2078709	0.8647858
9870	-75.03851	-198.6418	123.6033	1.934273	3.415248	1.120878
9876	-76.6347	-199.7317	123.097	2.284477	4.883643	0.302796
9882	-67.05892	-190.596	123.537	1.752118	5.611898	0.5390116
9888	-64.89096	-191.1248	126.2338	2.058617	0.3505705	0.5628176
9894	-60.83256	-184.5254	123.6929	1.151721	5.177605	1.231775
9900	-64.86952	-187.9014	123.0318	1.091452	0.8105839	3.1563
9906	-62.94161	-188.2131	125.2715	1.286278	1.087912	1.380887
9912	-60.02377	-186.0245	126.0007	1.222119	0.513831	1.40474
9918	-64.88603	-187.8632	122.9772	1.307028	2.966481	2.168262
9924	-64.86239	-189.3945	124.5321	1.278485	2.065958	1.412804
9930	-68.70064	-193.7804	125.0798	0.9042937	0.3458053	2.459403
9936	-71.51539	-196.8619	125.3465	1.183262	1.161234	1.350028
9942	-72.92702	-199.3804	126.4533	1.717612	0.4141965	0.5339964
9948	-76.1537	-199.6116	123.4579	2.420402	3.662404	0.4707039
9954	-68.20632	-193.7157	125.5093	1.981577	0.8132852	0.309005
9960	-65.79256	-191.3626	125.5701	2.461267	0.4291205	0.297587
9966	-66.58202	-189.3715	122.7895	2.570986	5.348316	0.5087056
9972	-62.45519	-185.8758	123.4206	1.838419	5.348316	0.3071337
9978	-65.96806	-191.2574	125.2893	2.116506	0.8701968	0.2935715
9984	-82.42197	-204.833	122.411	1.947834	7.51024	1.183658
9990	-79.26652	-201.9878	122.7213	0.8950958	2.456219	2.736321
9996	-71.88832	-195.803	123.9147	1.199499	2.084865	1.905058
10002	-72.73158	-197.06	124.3284	1.136155	0.666323	2.449294
10008	-73.56972	-199.4078	125.8381	0.977164	0.5686989	1.64434
10014	-67.65128	-194.6568	127.0056	1.198404	0.125443	1.362183
10020	-73.42454	-200.4582	127.0337	1.544104	0.125443	1.040672
10026	-72.01421	-198.2749	126.2607	1.209942	0.125443	1.89354
10032	-75.26504	-200.7901	125.5251	0.9425926	0.4505104	2.016897
10038	-79.15801	-200.7901	121.6321	0.9982975	1.993215	3.473848
10044	-84.69119	-210.7051	126.0139	2.275234	0.2146505	1.035053
10050	-79.40205	-204.1663	124.7642	2.536102	1.083461	0.5640033
10056	-89.12885	-213.1398	124.011	1.952774	2.162728	1.246359
10062	-73.78282	-199.9345	126.1516	1.933689	0.3585994	0.8833721
10068	-71.76907	-196.7505	124.9814	2.155944	1.187577	0.7208717
10074	-74.27375	-200.118	125.8442	1.865036	0.6455151	0.7482116
10080	-83.45582	-206.0585	122.6027	2.270758	4.510069	1.364819
10086	-83.66891	-205.77	122.1011	2.167276	3.619166	2.009147
10092	-75.60511	-199.9003	124.2952	2.44013	1.44801	0.9584467
10098	-85.73181	-210.4557	124.7239	2.159523	1.182612	1.027011
10104	-82.70336	-208.0191	125.3157	1.987433	0.5830015	1.254315
10110	-75.98767	-199.2432	123.2555	1.987433	3.480747	1.347992
10116	-74.39324	-199.5379	125.1446	1.664936	0.7511695	1.465126
10122	-74.77797	-197.323	122.545	3.113891	4.227266	0.389722
10128	-83.87323	-201.8667	117.9935	2.098212	98.93574	0.700934
10134	-69.47465	-192.6431	123.1684	2.098212	4.822509	0.9300964
10140	-67.56975	-190.1304	122.5607	1.898814	9.021723	0.7931912
10146	-70.00257	-195.2665	125.2639	2.499909	0.6254189	0.7056636
10152	-74.09908	-198.6339	124.5348	2.620889	1.142344	0.75491
10158	-75.80295	-200.4836	124.6806	2.873611	0.8422991	0.4651385
10164	-67.99031	-194.1615	126.1712	3.02237	0.0636983	0.4772033
10170	-78.2441	-201.5852	123.3411	3.02237	2.262443	0.7940691
10176	-69.87951	-193.9514	124.0719	3.02237	1.2218	0.3174266
10182	-76.24847	-198.0544	121.806	2.224446	12.16996	0.3267935
10188	-73.83492	-196.4347	122.5998	1.66274	9.535828	0.9258735
10194	-71.94797	-196.1398	124.1918	2.022073	2.337777	0.9258735
10200	-77.76808	-202.7667	124.9986	2.192582	1.182636	0.6237559
10206	-69.33824	-194.2234	124.8852	2.236864	1.241247	0.6651051
10212	-68.721	-193.3103	124.5893	2.826983	0.9582598	0.5916841
10218	-71.33943	-191.8161	120.4766	2.272513	25.11124	0.7832746
10224	-67.57722	-191.9438	124.3665	1.816192	2.458874	0.8920994
10230	-82.54562	-208.0045	125.4589	2.179979	0.6159579	0.8920994
10236	-73.8208	-197.7506	123.9298	1.97545	2.991152	0.9283017
10242	-64.08109	-188.0259	123.9449	1.64992	2.289341	1.483963
10248	-71.06217	-194.6124	123.5502	1.363322	2.525024	1.884231
10254	-74.00987	-198.9237	124.9138	1.759406	0.9929724	1.362619
10260	-69.46158	-194.4603	124.9987	2.071749	1.226603	0.7709852
10266	-65.40839	-189.2582	123.8498	2.336261	2.788973	0.6666258
10272	-81.55282	-201.4984	119.9456	1.470505	44.23833	1.078257
10278	-67.93237	-193.1974	125.265	1.360519	0.8811687	1.489833
10284	-76.2399	-196.8095	120.5696	1.728238	22.09445	1.421433
10290	-63.14917	-185.8809	122.7317	1.976173	4.197461	1.565214
10296	-66.50097	-189.2314	122.7304	2.265271	4.197461	1.345779
10302	-67.09584	-189.7253	122.6295	1.733082	4.197461	1.810727
10308	-73.20494	-197.0462	123.8413	1.449422	3.521978	1.297136
10314	-84.91035	-207.8842	122.9739	1.856884	5.353939	1.203273
10320	-83.44587	-206.0925	122.6466	1.702118	5.747893	1.505707
10326	-80.60238	-203.1457	122.5433	2.209942	6.944414	0.9178
10332	-71.45778	-196.3205	124.8627	1.932779	0.7759011	1.452868
10338	-69.85328	-195.9979	126.1446	1.534237	0.4132787	1.175404
10344	-64.03684	-190.5917	126.5549	2.112403	0.1665396	0.7760116
10350	-76.14296	-200.9827	124.8397	1.759601	0.692653	1.674167
10356	-59.46553	-184.6572	125.1917	2.47063	0.692653	0.7225012
10362	-63.09614	-189.3349	126.2388	2.106636	0.297245	0.3327957
10368	-70.68014	-194.9627	124.2826	2.539997	1.306351	0.2090649
10374	-64.45157	-188.2496	123.798	3.241253	1.306351	0.3320226
10380	-66.4384	-191.1876	124.7492	2.496444	1.12189	0.3935253
10386	-70.48735	-195.6313	125.1439	2.782764	0.4690639	0.2751727
10392	-65.66768	-190.6073	124.9397	1.748415	1.749582	0.7614597
10398	-61.77419	-187.6006	125.8264	2.053019	0.5529183	0.3483626
10404	-62.2949	-188.8981	126.6032	2.007575	0.2170286	0.5885821
10410	-63.34152	-188.812	125.4704	1.50135	0.9467871	1.153776
10416	-55.66415	-182.0427	126.3785	1.72272	0.1791469	1.294374
10422	-54.1531	-180.5554	126.4023	1.309546	0.3274845	1.294374
10428	-59.09067	-183.4752	124.3845	1.519064	1.278293	1.739493
10434	-56.14365	-181.7858	125.6422	1.58027	0.422873	1.524732
10440	-58.52366	-184.5574	126.0338	1.494409	0.1781524	1.726522
10446	-69.47531	-192.6773	123.202	2.115974	4.801449	0.8794925
10452	-64.88216	-191.9084	127.0262	1.954223	0.09775117	0.6898569
10458	-65.62677	-191.8319	126.2051	2.215656	0.2080454	0.919674
10464	-59.44224	-184.5484	125.1061	1.9045	1.273476	0.7989018
10470	-68.65866	-192.6645	124.0059	2.188223	2.871	0.4771438
10476	-68.74507	-192.7305	123.9855	1.603801	2.871	1.268387
10482	-70.17407	-196.0586	125.8845	1.181998	0.3173876	1.790491
10488	-65.6899	-191.7156	126.0257	1.040834	0.3173876	1.790491
10494	-75.37941	-200.998	125.6186	1.824653	0.5758048	1.143283
10500	-78.55304	-201.7112	123.1582	1.59257	4.361927	1.494444
10506	-74.3457	-198.6173	124.2716	1.260149	0.7475304	2.34053
10512	-71.23434	-195.6426	124.4082	1.285534	0.9560823	2.083472
10518	-63.57247	-189.3499	125.7774	0.9911792	0.5958034	1.64895
10524	-65.4653	-192.6546	127.1893	1.573112	0.1083464	0.9213159
10530	-64.33537	-186.5849	122.2495	1.818956	5.436924	1.765043
10536	-71.51129	-195.0135	123.5022	1.732272	5.433602	0.763398
10542	-75.39511	-199.1504	123.7553	1.497845	5.433602	0.7354026
10548	-77.09777	-202.0738	124.9761	2.178864	1.2109	0.6507789
10554	-80.09538	-204.6027	124.5074	2.199133	1.632038	0.8416496
10560	-79.6034	-203.7235	124.1201	2.077845	1.632038	1.321534
10566	-89.7443	-214.5831	124.8388	1.81785	0.3444229	2.028151
10572	-79.38453	-202.8583	123.4738	2.039398	3.456445	1.128667
10578	-85.00927	-210.1084	125.0991	1.697245	1.543975	0.806024
10584	-76.35718	-200.4694	124.1122	1.406266	1.074623	2.121499
10590	-69.6886	-192.1597	122.4711	1.416931	1.715106	2.829045
10596	-65.64735	-189.7866	124.1392	1.769479	1.715106	1.502199
10602	-69.76325	-196.3214	126.5581	1.360786	0.1534187	1.502911
10608	-66.30856	-190.4194	124.1108	1.432895	2.123632	1.588544
10614	-66.06489	-191.6093	125.5444	0.8221108	0.6897765	1.839599
10620	-60.32151	-185.89	125.5685	1.094102	0.4313296	1.909315
10626	-62.08318	-187.8388	125.7557	1.130844	0.4313296	1.755319
10632	-67.12539	-193.0066	125.8812	1.52087	0.4313296	1.375698
10638	-71.92832	-197.8056	125.8773	1.295432	0.6529186	1.27979
10644	-78.96434	-201.5435	122.5792	1.772903	4.520158	1.747568
10650	-67.40129	-192.8279	125.4266	1.374582	0.8225948	1.40607
10656	-65.70179	-191.4973	125.7955	1.571742	0.8225948	0.8999273
10662	-72.59227	-195.0107	122.4184	1.15477	8.311457	1.672453
10668	-62.19224	-186.979	124.7868	1.007692	1.963075	1.47107
10674	-63.97186	-189.0414	125.0695	0.8254438	0.8275842	2.043139
10680	-66.17425	-190.6849	124.5107	1.572412	1.129221	1.704364
10686	-68.67645	-192.3005	123.624	1.349442	1.752083	2.13296
10692	-62.37907	-188.8941	126.5151	1.587586	0.3635014	0.8509442
10698	-64.61232	-188.9567	124.3443	1.197472	3.342888	1.142073
10704	-67.89144	-190.688	122.7965	1.138819	0.7587404	3.304206
10710	-71.18982	-193.0237	121.8339	0.6986458	2.742904	3.304206
10716	-64.90607	-188.1557	123.2497	0.9452147	2.708774	2.299614
10722	-69.43958	-194.1165	124.677	1.002062	0.4765078	2.4949
10728	-68.6544	-194.0099	125.3555	1.537045	1.518661	0.6876794
10734	-73.12741	-197.0698	123.9424	1.811932	3.876581	0.3579409
10740	-77.9488	-197.88	119.9312	1.971083	31.87386	1.20192
10746	-69.46442	-189.4615	119.9971	2.1183	31.87386	1.006785
10752	-72.96066	-193.5469	120.5862	1.836128	30.0635	0.7800729
10758	-75.0283	-195.8449	120.8166	2.527129	19.12319	0.4482117
10764	-74.91562	-198.3993	123.4837	2.199499	4.006489	0.7225727
10770	-71.61972	-193.6171	121.9974	2.28238	10.5485	0.6924467
10776	-62.00388	-185.9886	123.9847	1.74073	3.933922	0.6924467
10782	-63.04904	-186.8294	123.7804	1.866301	3.933922	0.810583
10788	-66.48017	-191.1931	124.713	2.131833	1.627504	0.6261988
10794	-60.69272	-186.0441	125.3514	2.473507	0.555153	0.7713394
10800	-64.7716	-191.7737	127.0021	2.154812	0.06890525	0.4251371
10806	-59.30505	-186.2079	126.9029	2.261831	0.06890525	0.5499969
10812	-60.5418	-186.1108	125.569	2.227002	0.5919306	0.731986
10818	-61.06586	-186.7509	125.685	2.023007	0.5468973	0.9292871
10824	-58.15309	-183.2296	125.0765	2.337773	0.8461495	0.8107277
10830	-60.57236	-186.6589	126.0866	2.453355	0.1988135	0.8107277
10836	-63.92596	-187.8913	123.9653	1.968587	3.26171	0.7551369
10842	-92.65495	-216.0742	123.4192	3.572059	1.405374	0.3676046
10848	-93.32057	-218.8749	125.5543	3.572059	0.0704115	0.3777899
10854	-67.25687	-193.334	126.0771	2.756305	0.1292189	0.3273085
10860	-63.35032	-189.7459	126.3956	1.720027	0.1769177	1.288434
10866	-62.71386	-189.1905	126.4767	1.109782	0.1905243	1.657652
10872	-68.23133	-193.8219	125.5906	1.999717	0.4429402	1.204658
10878	-69.37442	-193.8229	124.4484	1.908679	2.129178	0.8913961
10884	-64.07559	-188.6866	124.611	1.57443	0.2777206	2.4303
10890	-64.41933	-190.6203	126.2009	1.86786	0.3685399	0.878857
10896	-66.71801	-190.9899	124.2718	1.705446	2.019166	1.302168
10902	-66.61566	-191.5944	124.9787	1.705818	1.202424	1.192447
10908	-73.7833	-198.7646	124.9813	1.586896	0.3799637	2.03825
10914	-68.45271	-194.824	126.3713	1.727552	0.116874	1.469284
10920	-88.96503	-213.3834	124.4184	1.051229	0.2362994	2.935977
10926	-88.62424	-212.4058	123.7816	1.49442	2.681595	1.576637
10932	-86.66013	-210.6578	123.9977	1.434641	2.681595	1.460068
10938	-86.36308	-207.8976	121.5346	1.201189	3.22537	3.061316
10944	-75.00521	-200.6597	125.6545	1.796069	0.3785572	1.416575
10950	-69.8954	-195.0617	125.1663	1.612884	0.8299277	1.416575
10956	-61.90242	-188.2082	126.3058	1.707492	0.2622486	1.170245
10962	-65.86376	-192.5783	126.7146	1.557546	0.1478398	1.239858
10968	-69.1555	-193.0562	123.9007	1.76749	2.771041	1.239858
10974	-75.84293	-201.5504	125.7074	1.880713	0.6702018	0.8638002
10980	-70.07054	-197.1155	127.0449	1.349226	0.1187397	1.228439
10986	-71.14403	-194.3643	123.2203	1.561001	1.334429	2.448662
10992	-69.41277	-194.7444	125.3316	1.365873	0.5545565	1.743181
10998	-66.62374	-191.7916	125.1678	1.603346	0.5860224	1.657378
11004	-79.98249	-204.4277	124.4452	2.513845	1.235577	0.9005515
11010	-71.63162	-197.556	125.9244	2.249845	0.3004568	0.9266346
11016	-79.05937	-205.9208	126.8614	1.964321	0.1409556	0.6604498
11022	-70.89018	-195.9496	125.0594	2.356621	0.9710997	0.5329571
11028	-68.40164	-193.7037	125.302	1.948059	1.029562	0.7718681
11034	-68.12076	-193.5943	125.4735	2.589519	0.4661528	0.5956598
11040	-78.34213	-201.0499	122.7078	1.3931	5.829232	1.671818
11046	-78.24664	-200.2118	121.9652	1.486562	4.378326	2.372466
11052	-70.16692	-195.2407	125.0738	1.858458	0.6743834	1.446877
11058	-73.754	-199.44	125.686	2.200017	0.5795301	0.4288326
11064	-73.56968	-196.5759	123.0062	2.243797	5.001506	0.8920249
11070	-76.38144	-202.1721	125.7906	2.43527	0.3644392	0.6653191
11076	-74.4381	-195.6265	121.1884	1.52505	2.083521	3.394649
11082	-75.64868	-199.471	123.8223	1.051536	2.083521	2.066249
11088	-75.34027	-198.9822	123.6419	1.695699	3.419959	1.290299
11094	-73.11025	-198.1525	125.0422	1.478499	0.7602007	1.669191
11100	-75.42124	-200.5042	125.0829	1.853344	0.7798263	1.339489
11106	-81.94982	-208.3892	126.4394	1.640715	0.2304364	1.185089
11112	-65.86329	-187.9181	122.0548	1.592483	5.974772	1.960469
11118	-63.12529	-187.6555	124.5302	1.601307	1.423533	1.490409
11124	-64.71105	-188.9315	124.2204	1.939064	1.650176	1.342353
11130	-59.20087	-184.6289	125.428	1.360736	0.8587836	1.383673
11136	-66.31193	-191.776	125.4641	1.825212	0.5533186	1.302536
11142	-68.37771	-194.567	126.1893	2.14048	0.2297574	0.9513786
11148	-75.01995	-196.7408	121.7208	1.418747	8.656105	1.929597
11154	-76.03029	-199.5876	123.5573	1.508026	3.975598	1.34881
11160	-70.78938	-196.6543	125.8649	2.083255	0.3540063	1.036836
11166	-63.31079	-189.1539	125.8432	2.083255	0.3540063	1.057636
11172	-71.044	-192.8398	121.7958	2.19522	10.63206	1.028201
11178	-71.80897	-194.9228	123.1138	2.125463	3.762366	1.267719
11184	-69.77352	-193.2681	123.4946	2.161918	3.762366	0.8720064
11190	-83.94569	-207.7214	123.7758	1.923815	2.677218	1.249647
11196	-82.57425	-207.1479	124.5736	1.850054	1.413229	1.267118
11202	-70.43397	-195.0065	124.5726	1.869374	0.9231214	1.592173
11208	-72.17575	-197.1543	124.9786	2.033485	0.5109221	1.567193
11214	-79.30714	-202.9112	123.604	1.062917	2.758606	1.976474
11220	-80.31383	-204.9441	124.6303	1.994034	1.160507	1.274163
11226	-82.62902	-205.8066	123.1776	1.2846	0.8805462	2.90586
11232	-74.77779	-198.2274	123.4496	1.302492	0.6735726	2.882013
11238	-80.42911	-203.8188	123.3897	0.9797701	1.058335	2.85168
11244	-80.31064	-204.8142	124.5036	0.9269101	0.3081418	2.85168
11250	-75.5664	-200.5794	125.013	1.199968	0.3081418	2.367399
11256	-72.11184	-197.7	125.5882	1.176101	0.3081418	2.00989
11262	-70.62177	-195.2476	124.6258	1.773019	0.9035389	1.638553
11268	-70.69505	-195.1572	124.4621	1.00073	2.14487	1.638553
11274	-73.25096	-197.805	124.554	2.295297	1.065474	1.157529
11280	-68.09339	-193.984	125.8906	1.956672	0.5287111	0.7974929
11286	-68.36973	-194.4361	126.0664	2.287379	0.3091668	0.6480688
11292	-74.15102	-198.9772	124.8262	2.050396	1.24976	0.9759637
11298	-75.71453	-201.0277	125.3132	2.125729	0.3203435	1.518651
11304	-79.12857	-204.6917	125.5631	1.746128	0.9726225	0.7687026
11310	-69.17742	-195.3863	126.2089	2.102394	0.1438196	1.218878
11316	-70.29952	-195.6311	125.3315	2.435342	0.4939719	0.9572729
11322	-71.29978	-197.3238	126.024	2.084414	0.3843344	0.7897394
11328	-73.74854	-198.3622	124.6136	2.088357	1.625051	0.853025
11334	-73.47141	-197.5726	124.1011	2.829013	1.465596	0.3482737
11340	-71.0557	-198.0128	126.9571	1.834212	0.1409894	0.3286753
11346	-67.68215	-193.5031	125.821	2.229256	0.3510538	0.2250129
11352	-71.96596	-195.9711	124.0051	1.537076	2.648346	1.387356
11358	-72.5714	-197.7064	125.135	1.415915	0.8649456	1.558705
11364	-66.96908	-191.7123	124.7432	1.711226	0.658927	1.807448
11370	-79.18269	-202.3172	123.1345	1.696803	1.299566	2.435001
11376	-77.19637	-201.0894	123.893	1.61822	1.0457	2.144314
11382	-83.98683	-206.6177	122.6308	0.6617204	9.019506	1.781384
11388	-78.34638	-202.4097	124.0633	0.9887909	0.6913735	2.684751
11394	-77.81899	-202.132	124.313	0.8364864	0.62003	2.684751
11400	-74.88191	-200.5982	125.7163	0.9012224	0.62003	1.731444
11406	-76.84025	-200.9014	124.0612	0.882566	4.009733	1.434735
11412	-68.52945	-195.5784	127.0489	1.779061	0.1438658	0.6322703
11418	-74.21616	-198.7706	124.5544	2.148596	1.670556	0.8128779
11424	-71.50015	-198.6534	127.1532	1.730041	0.05070458	1.066987
11430	-71.02581	-196.9322	125.9064	1.578286	0.1116612	1.920773
11436	-63.83591	-190.653	126.8171	1.521626	0.1881879	1.062912
11442	-71.35166	-198.349	126.9974	1.321136	0.1967758	1.057237
11448	-68.61672	-194.7848	126.1681	1.567507	0.1190535	1.727596
11454	-66.31724	-193.0266	126.7094	1.223776	0.05185664	1.800837
11460	-67.11474	-191.9682	124.8535	1.546437	1.991651	0.9313066
11466	-69.41868	-193.9045	124.4858	1.314917	0.6885091	2.216491
11472	-74.91994	-199.4827	124.5628	1.784655	1.752152	1.126986
11478	-67.78954	-193.478	125.6884	1.28139	0.5043116	1.60592
11484	-81.12383	-205.5913	124.4675	1.725544	1.6698	1.304665
11490	-68.17665	-191.3939	123.2173	1.335669	1.402965	2.557596
11496	-64.62669	-188.9738	124.3471	0.8319451	0.9606064	2.411626
11502	-66.29049	-190.9096	124.6191	0.791639	1.905785	1.773742
11508	-72.00261	-197.5233	125.5207	0.6349029	0.3858135	2.29893
11514	-85.08659	-211.3015	126.2149	1.694109	0.1884892	1.423337
11520	-70.0177	-195.8656	125.8479	2.314466	0.2286997	1.116589
11526	-65.68097	-190.5222	124.8412	2.323721	0.8485223	1.075249
11532	-65.46273	-189.7395	124.2768	1.616721	1.722484	1.509896
11538	-61.21124	-186.3037	125.0925	1.942738	0.6794022	1.361701
11544	-69.65374	-194.1797	124.526	2.698185	0.375368	1.591025
11550	-62.55644	-185.5413	122.9849	2.0017	6.571448	0.7218008
11556	-68.57672	-191.7896	123.2128	2.705329	3.558211	0.5048942
11562	-74.28871	-196.7157	122.427	2.513449	7.138192	0.5048942
11568	-65.37705	-188.6626	123.2856	2.412917	4.029234	0.6828737
11574	-64.96418	-188.7462	123.782	2.135268	3.334509	0.7369289
11580	-71.30501	-192.9247	121.6196	2.019978	14.08116	0.9197341
11586	-68.74359	-193.1888	124.4452	1.685387	0.8589632	1.86075
11592	-72.36137	-196.6865	124.3251	1.668226	0.9881772	1.86075
11598	-67.68	-192.0265	124.3465	1.777129	2.053938	1.161985
11604	-81.64005	-206.9389	125.2989	1.07712	0.9505761	1.619143
11610	-71.10771	-195.9074	124.7997	2.134834	0.9905444	1.147115
11616	-59.43636	-182.8447	123.4083	2.155544	3.618145	1.025155
11622	-67.90778	-191.6992	123.7915	2.105797	2.943428	0.9586102
11628	-71.91763	-194.2316	122.314	2.731126	6.605655	0.575145
11634	-64.80361	-189.3505	124.5469	1.204684	1.166921	1.910133
11640	-63.72533	-188.1871	124.4618	1.68943	1.71841	1.312221
11646	-68.50994	-194.2747	125.7648	2.330401	0.4569195	0.4896781
11652	-60.05839	-184.1876	124.1293	1.956987	1.59845	1.427614
11658	-63.43781	-186.5461	123.1083	0.9238474	4.08636	2.058189
11664	-70.05773	-192.5784	122.5206	2.363514	6.601345	0.8534133
11670	-68.02968	-191.2186	123.189	0.6451951	1.033705	3.18679
11676	-77.17426	-199.1821	122.0078	1.082045	4.906838	2.50094
11682	-66.83524	-191.1348	124.2996	1.662923	2.022375	1.312634
11688	-67.60693	-191.4523	123.8453	1.433831	2.022375	1.816823
11694	-69.88362	-194.5805	124.6968	1.433205	2.022375	1.172341
11700	-61.17574	-185.5474	124.3717	1.627783	2.693271	0.9685929
11706	-62.46878	-185.5315	123.0627	2.453415	4.787784	0.5059045
11712	-64.66441	-187.4456	122.7811	2.352891	5.692317	0.8100733
11718	-76.3445	-201.4253	125.0808	2.122861	0.7875368	1.104906
11724	-77.90416	-201.7224	123.8182	1.950559	3.36965	0.9095593
11730	-74.0652	-197.9103	123.8451	1.910414	3.36965	0.9241275
11736	-83.67024	-207.3044	123.6342	2.197291	3.416829	0.8131113
11742	-77.95143	-200.844	122.8926	0.5172602	2.378462	2.885841
11748	-78.88375	-203.4391	124.5553	0.2878752	1.000295	2.596285
11754	-82.80065	-205.9079	123.1073	0.6746987	2.125831	2.741675
11760	-75.22248	-199.9417	124.7192	1.159576	1.783768	1.491027
11766	-78.94849	-203.9641	125.0156	1.195902	0.979501	1.715426
11772	-84.18127	-208.8481	124.6669	0.8312012	1.822824	1.748673
11778	-91.40294	-210.7041	119.3012	1.603346	30.58664	1.991696
11784	-78.22859	-202.8803	124.6517	1.831715	1.731953	1.011544
11790	-72.20642	-196.7435	124.5371	2.049157	1.569268	1.01955
11796	-70.2475	-194.0499	123.8024	1.94165	2.208437	1.402857
11802	-70.81758	-193.7764	122.9588	1.847812	3.23806	1.741189
11808	-70.40369	-194.619	124.2153	1.367756	1.569692	1.807215
11814	-74.50604	-196.1603	121.6543	1.678248	9.261162	1.724721
11820	-69.90152	-192.8228	122.9212	1.514402	2.643328	2.164114
11826	-73.43532	-198.9722	125.5368	1.248871	0.222369	2.138687
11832	-79.90059	-202.851	122.9504	1.501072	6.551002	1.276807
11838	-72.05002	-197.153	125.103	1.530526	0.1737411	2.331071
11844	-71.39868	-196.3158	124.9171	1.509508	0.1737411	2.461802
11850	-62.60589	-187.8866	125.2807	1.145846	0.1737411	2.461802
11856	-68.98067	-193.7776	124.797	0.7937001	0.5108281	2.514335
11862	-70.49223	-194.9421	124.4498	1.031543	1.538067	1.892386
11868	-86.69208	-210.6919	123.9998	1.520333	1.230762	2.027942
11874	-79.40623	-203.3611	123.9549	1.371637	2.009055	1.789409
11880	-85.34533	-210.9645	125.6191	2.366315	0.3125033	1.087009
11886	-81.73952	-205.9716	124.232	2.049609	1.92702	1.087009
11892	-80.13918	-203.329	123.1898	1.768499	1.907408	2.078786
11898	-72.1696	-196.5745	124.4049	1.492428	2.132364	1.314698
11904	-76.08703	-200.231	124.144	1.274265	1.683124	1.866707
11910	-77.15077	-200.7678	123.617	1.183468	1.302408	2.452933
11916	-77.52656	-201.1976	123.671	1.71116	4.578921	0.8813576
11922	-64.24242	-187.8517	123.6093	2.124071	4.064002	0.4410944
11928	-74.56268	-199.0219	124.4592	2.002935	1.207625	1.371236
11934	-70.52782	-196.6479	126.1201	2.087036	0.2843566	0.9323218
11940	-74.44789	-198.4036	123.9557	1.983867	1.202317	1.759481
11946	-73.57868	-194.8093	121.2306	1.77734	14.61683	1.422535
11952	-83.66451	-205.951	122.2865	1.48922	5.410533	1.969747
11958	-84.13853	-207.0947	122.9562	1.85917	5.410533	1.203703
11964	-83.50603	-206.8867	123.3807	1.668524	2.343697	1.853825
11970	-75.46424	-200.0262	124.562	1.91104	0.8389589	1.636686
11976	-69.16483	-193.8338	124.669	1.369488	1.290133	1.636686
11982	-71.09034	-196.6803	125.59	2.307523	0.4644749	0.8683535
11988	-62.91211	-188.3687	125.4566	0.9130883	0.9926785	1.592476
11994	-65.13893	-190.3924	125.2535	1.673934	0.8132934	1.314771
12000	-55.93801	-180.7963	124.8583	0.8367889	1.042544	2.025416
12006	-61.34376	-188.301	126.9572	1.528036	0.2417159	0.7136987
12012	-70.3534	-197.4642	127.1108	1.32782	0.2417159	0.7839382
12018	-66.01233	-193.0341	127.0218	1.562533	0.09741398	1.139642
12024	-69.88424	-197.2065	127.3222	1.135262	0.07801864	1.319707
12030	-73.84929	-196.2545	122.4052	1.640191	9.0601	1.206759
12036	-66.25069	-190.7032	124.4525	2.141991	0.7724102	1.605377
12042	-62.14787	-187.5918	125.4439	2.312881	0.5562607	0.8574818
12048	-59.49355	-183.7896	124.296	1.98549	1.716184	1.205361
12054	-60.96749	-184.8307	123.8632	2.231909	2.784978	0.8110041
12060	-71.13059	-195.922	124.7914	1.688353	0.5257678	1.923919
12066	-75.4028	-197.7025	122.2998	2.316608	3.74519	1.74077
12072	-68.0473	-193.5731	125.5258	2.640323	0.3838112	0.7038213
12078	-61.75391	-186.454	124.7001	2.150547	1.225287	1.022775
12084	-68.02389	-192.6309	124.607	2.035929	1.322341	1.140803
12090	-62.08885	-188.4534	126.3645	2.03328	0.08959787	1.325435
12096	-64.54808	-189.108	124.5599	2.274736	1.588065	0.3407462
12102	-66.4066	-189.1747	122.7681	2.202598	6.162405	0.870207
12108	-68.70735	-191.7261	123.0187	1.951995	6.162405	0.870207
12114	-72.24857	-195.3266	123.078	1.87904	6.162405	0.8861322
12120	-74.65513	-200.6408	125.9857	1.645485	0.3943819	1.246811
12126	-63.71154	-187.9024	124.1908	1.356861	1.07346	2.103104
12132	-65.66879	-190.5741	124.9054	1.849272	1.418713	0.9615707
12138	-71.07825	-197.1559	126.0776	1.740351	0.3115827	1.236013
12144	-85.56086	-210.3046	124.7437	2.190178	1.20501	0.9562845
12150	-71.78268	-196.9463	125.1636	2.137922	0.8239308	0.9689865
12156	-74.48028	-198.4431	123.9628	1.858062	1.832695	1.511197
12162	-74.54885	-200.2929	125.7441	1.285988	0.3659612	1.743312
12168	-77.9764	-202.1453	124.1689	1.683435	1.386215	1.714419
12174	-71.41954	-198.019	126.5995	2.744254	0.03273154	0.5398216
12180	-88.28963	-212.3368	124.0472	1.687403	0.6856417	2.261504
12186	-92.85992	-217.6707	124.8108	2.173342	0.4306009	1.687466
12192	-77.33784	-202.5591	125.2213	1.747528	1.217351	0.9071036
12198	-76.92941	-202.5139	125.5845	1.91134	0.7390469	0.8674508
12204	-70.15302	-195.6699	125.5168	2.087059	0.7390469	0.7209145
12210	-68.96003	-194.7266	125.7666	1.754086	0.7132319	0.876669
12216	-66.23331	-191.4628	125.2295	2.183439	0.8008338	0.876669
12222	-63.18557	-188.7187	125.5332	1.513651	0.819772	1.209647
12228	-70.05082	-194.0671	124.0163	1.884153	2.852262	0.996082
12234	-70.27146	-195.329	125.0576	2.10869	1.218583	0.4065394
12240	-66.584	-191.1311	124.5471	1.342269	1.811985	1.46944
12246	-67.03553	-192.716	125.6804	1.535573	0.7096782	1.179795
12252	-68.73641	-194.0792	125.3428	2.712488	0.4747384	0.4353079
12258	-84.31637	-208.7331	124.4167	2.201522	1.777999	0.8306996
12264	-63.13878	-187.8765	124.7377	1.429576	1.157022	1.626253
12270	-62.66131	-187.902	125.2407	1.234587	0.304749	2.204512
12276	-64.13374	-186.7742	122.6405	1.21931	1.027184	3.175375
12282	-56.3659	-181.08	124.7141	0.7865627	0.1834357	3.009803
12288	-55.50639	-181.9096	126.4032	1.719778	0.3921563	0.7468531
12294	-58.98675	-184.784	125.7973	2.556024	0.3140338	0.3942409
12300	-59.45599	-185.9776	126.5216	2.680314	0.05764246	0.4009728
12306	-62.02436	-183.4919	121.4676	2.680314	11.37918	0.7110736
12312	-58.93766	-184.0869	125.1493	2.802671	0.5186953	0.3723328
12318	-62.46913	-188.4203	125.9512	2.646596	0.2211247	0.417222
12324	-70.4875	-196.7885	126.301	1.825248	0.4391684	0.5210137
12330	-71.65548	-194.6049	122.9494	2.68445	4.363185	0.4310225
12336	-66.50451	-191.6984	125.1939	1.883621	0.9724626	1.031833
12342	-70.49355	-196.7597	126.2662	1.223972	0.4449065	1.285422
12348	-70.85117	-195.6156	124.7645	1.188499	0.4078752	2.400487
12354	-84.18841	-208.4827	124.2943	2.539703	1.27174	1.000377
12360	-67.25	-191.8187	124.5687	1.354403	2.326133	1.206797
12366	-66.27359	-191.0789	124.8053	1.453257	0.7783006	1.837265
12372	-66.40755	-191.8207	125.4132	1.529901	0.5497072	1.572642
12378	-60.74056	-188.0018	127.2612	1.66819	0.04861468	1.03292
12384	-65.68002	-191.7761	126.0961	1.577579	0.683432	0.7238226
12390	-71.68546	-196.0012	124.3158	1.434879	3.108231	1.035924
12396	-72.30727	-197.6686	125.3614	1.444531	0.3570067	1.910411
12402	-62.40093	-187.2898	124.8889	1.444604	0.3011914	2.300922
12408	-63.91661	-190.6058	126.6892	1.523275	0.3011914	0.8820163
12414	-69.4693	-196.0697	126.6004	2.365927	0.0402773	1.037407
12420	-72.38061	-198.4483	126.0677	3.308834	0.02394184	0.4603919
12426	-66.16805	-191.4527	125.2847	2.05319	0.9122277	0.8155168
12432	-76.30569	-198.032	121.7263	1.804316	14.71434	0.957913
12438	-79.26213	-200.5193	121.2572	1.924821	14.71434	1.275329
12444	-69.1628	-194.2888	125.126	1.48191	0.8574955	1.522697
12450	-67.36274	-191.7656	124.4029	1.259744	0.3087769	2.709293
12456	-71.02212	-194.6542	123.6321	1.523133	0.3087769	3.016713
12462	-66.03747	-191.5557	125.5183	1.312012	0.206747	2.138828
12468	-63.46815	-187.1838	123.7157	1.377523	0.6422898	2.700176
12474	-63.41866	-188.7088	125.2901	1.047057	0.7751195	1.78561
12480	-61.34944	-186.6084	125.259	1.519639	0.5159665	1.728915
12486	-67.42019	-191.9408	124.5206	2.55866	1.338155	0.5644063
12492	-90.12431	-211.7625	121.6382	0.8571457	3.382454	3.167722
12498	-74.85176	-195.7822	120.9304	1.16121	1.318398	4.051776
12504	-66.21027	-190.1432	123.9329	1.681087	1.318398	1.916174
12510	-56.40105	-181.2902	124.8891	1.756138	1.570285	0.9591498
12516	-60.41688	-184.255	123.8381	1.719115	2.500074	1.430886
12522	-59.88026	-185.6453	125.765	1.636034	0.6619711	1.069854
12528	-63.38719	-187.4022	124.015	2.055187	2.160049	1.15648
12534	-64.37009	-187.2511	122.881	2.294981	5.956262	0.6336431
12540	-64.72699	-189.9941	125.2671	2.401891	0.7235017	0.6336431
12546	-64.87668	-187.9299	123.0532	2.54014	4.504876	0.4425823
12552	-68.49501	-193.0478	124.5528	2.764705	1.065778	0.4425823
12558	-66.9409	-191.3221	124.3812	2.649864	1.358597	0.6542758
12564	-77.1315	-202.3955	125.264	1.231235	0.5895634	1.846862
12570	-80.18985	-202.0639	121.8741	3.122229	6.538976	0.3314606
12576	-76.15922	-200.5868	124.4276	3.239946	0.6815148	0.3199436
12582	-86.46295	-211.9921	125.5291	2.854573	0.3101435	0.4538069
12588	-79.05548	-203.2295	124.174	3.150871	0.8934104	0.2593829
12594	-82.79352	-208.1458	125.3523	3.150871	0.2588488	0.4363297
12600	-77.00474	-202.7898	125.785	1.194591	0.5256431	1.573582
12606	-72.63815	-198.5774	125.9392	1.522982	0.5256431	1.194439
12612	-75.70074	-201.2813	125.5806	1.546928	0.5256431	1.463302
12618	-81.33108	-205.5195	124.1885	1.545401	3.011557	1.089946
12624	-68.54461	-194.575	126.0304	2.098489	0.4371496	0.5314752
12630	-75.54009	-199.5172	123.9771	2.849377	0.8066206	1.400875
12636	-78.23335	-201.7563	123.5229	2.4499	1.821354	1.400875
12642	-76.51614	-203.5399	127.0237	1.665582	0.1899731	0.4167959
12648	-71.51226	-196.0763	124.564	1.378659	2.39321	1.159934
12654	-74.96681	-199.7565	124.7896	2.354557	0.9722663	0.9652059
12660	-69.64189	-196.0844	126.4425	1.055766	0.351942	1.421798
12666	-80.47582	-205.9373	125.4615	0.4664108	0.2591595	2.619807
12672	-69.13704	-193.1956	124.0585	0.4175004	1.37287	2.619807
12678	-74.14384	-199.4082	125.2644	0.2457253	0.4580317	2.619807
12684	-77.49202	-200.0414	122.5493	0.5039389	0.7184906	3.846394
12690	-80.04935	-205.0415	124.9922	0.8959743	0.2654298	2.634519
12696	-74.60084	-201.2091	126.6083	1.266703	0.2654298	1.280287
12702	-69.40671	-196.0842	126.6775	1.085596	0.3122619	1.280287
12708	-68.86672	-193.3116	124.4448	0.8258456	0.2697071	3.003418
12714	-72.70039	-199.6375	126.9371	1.178205	0.1438984	1.378134
12720	-70.366	-195.2032	124.8372	1.260351	1.034863	1.756767
12726	-64.8724	-190.3017	125.4293	1.437999	1.034863	1.167596
12732	-70.36055	-195.4974	125.1369	1.119765	2.667547	0.6343708
12738	-71.04601	-194.5941	123.5481	1.816017	4.836346	0.8105683
12744	-71.46599	-195.5045	124.0385	1.670668	3.857227	0.7609897
12750	-65.56407	-189.4681	123.904	1.098541	2.230554	1.926133
12756	-74.00942	-199.2671	125.2577	0.5959031	0.2964866	2.609225
12762	-68.76389	-192.8155	124.0516	0.7810221	0.6993537	2.812562
12768	-72.49184	-195.5705	123.0786	0.2268144	4.013285	2.538597
12774	-84.31019	-209.9415	125.6313	2.054417	0.413794	1.168517
12780	-72.35663	-195.1263	122.7697	0.1615804	1.320604	3.5674
12786	-68.29849	-191.6668	123.3684	0.1480458	1.101377	3.336381
12792	-68.1608	-191.2187	123.0579	0.1785339	1.356538	3.372314
12798	-63.80438	-188.3712	124.5668	0.3812521	0.9909199	2.537039
12804	-68.75523	-191.4648	122.7095	0.6837549	2.355153	2.90308
12810	-61.04768	-187.963	126.9154	0.6261155	0.2379854	1.591606
12816	-64.23663	-190.4836	126.247	0.8034954	0.4577057	1.60489
12822	-69.61347	-193.506	123.8925	1.668156	2.39281	1.469235
12828	-82.63945	-205.3987	122.7593	0.8782329	2.875293	2.602735
12834	-73.86602	-196.7858	122.9198	1.011642	5.391893	1.867779
12840	-81.00986	-203.6378	122.6279	1.173221	7.43904	1.629519
12846	-75.21038	-196.9596	121.7493	1.636106	14.10952	1.162179
12852	-74.88473	-199.1531	124.2684	1.636106	3.501755	0.6436941
12858	-70.23566	-194.8428	124.6071	1.62925	0.625188	1.987237
12864	-68.47703	-193.6316	125.1546	1.44432	1.701278	0.9123562
12870	-88.55669	-213.1189	124.5622	2.121803	1.476042	0.9896568
12876	-88.73731	-213.7798	125.0424	1.695964	1.55202	0.8707369
12882	-77.78026	-202.7054	124.9251	1.967257	1.541677	0.3713162
12888	-75.03155	-198.8065	123.7749	2.854202	1.916901	0.6866144
12894	-97.40254	-220.0108	122.6083	1.904064	2.396453	2.192642
12900	-76.08314	-202.0983	126.0152	2.23023	0.3207966	0.7848383
12906	-78.66183	-203.5159	124.8541	1.839887	1.423286	1.019328
12912	-92.26388	-215.6038	123.3399	1.969794	3.666764	1.237513
12918	-91.20261	-216.4524	125.2498	1.521137	0.5440915	1.702829
12924	-74.71739	-198.412	123.6946	1.4035	3.856896	1.355064
12930	-88.88512	-210.9127	122.0276	1.201578	1.820408	3.183459
12936	-84.17177	-209.8294	125.6576	1.426694	0.233707	1.919712
12942	-76.57554	-200.9629	124.3874	1.83622	1.637869	1.297493
12948	-65.90782	-192.0215	126.1137	1.897771	0.4416812	0.7741058
12954	-64.97727	-191.1349	126.1577	1.515165	0.4777097	1.076886
12960	-63.99856	-188.4921	124.4936	1.488735	1.041723	1.832017
12966	-78.07277	-203.2713	125.1985	1.138084	0.5025871	2.044748
12972	-77.64465	-202.0051	124.3604	1.485913	1.925174	1.448915
12978	-75.70627	-200.7663	125.06	1.555279	0.6083525	1.744706
12984	-81.92251	-203.7547	121.8322	1.007887	3.3921	2.959496
12990	-83.58433	-207.0656	123.4813	1.817129	2.598206	1.588908
12996	-77.33536	-201.8364	124.501	1.1597	1.814685	1.636894
13002	-72.22211	-196.2948	124.0727	2.309707	2.438001	0.594811
13008	-74.58511	-200.2193	125.6342	1.619033	0.721658	1.133525
13014	-69.81867	-193.1088	123.2901	2.235369	2.755368	1.361632
13020	-76.40051	-198.7295	122.329	2.582689	3.478034	1.599755
13026	-76.30599	-200.3305	124.0245	1.587673	2.497633	1.389254
13032	-71.7248	-197.5646	125.8398	1.97884	0.1975757	1.471159
13038	-73.14821	-197.472	124.3238	1.428006	0.4772453	2.448474
13044	-71.72788	-195.8572	124.1294	0.8417172	0.4690638	2.936814
13050	-68.83627	-193.5099	124.6736	1.368175	1.57477	1.474244
13056	-67.17605	-190.8927	123.7167	1.506769	3.116425	1.474244
13062	-67.27582	-190.9587	123.6828	1.612229	3.116425	1.419527
13068	-64.95888	-189.8166	124.8578	0.9787478	0.8415759	2.071181
13074	-80.83104	-204.2775	123.4465	1.957516	4.849488	0.7497575
13080	-70.64855	-196.5129	125.8644	2.119107	0.5204819	0.4512525
13086	-74.73728	-199.0772	124.3399	1.813134	1.12203	1.659244
13092	-69.54125	-192.3712	122.83	2.232882	6.205919	0.7337317
13098	-69.0945	-193.7884	124.6939	1.816601	1.927016	0.849019
13104	-68.98806	-193.4708	124.4827	1.704212	1.315861	1.512441
13110	-78.41276	-203.6205	125.2077	1.3462	1.756015	0.9222316
13116	-72.44299	-199.1658	126.7228	2.357366	0.08278865	0.6182949
13122	-80.86402	-205.6601	124.796	2.137245	1.527848	0.5711433
13128	-70.50773	-194.6934	124.1857	1.891088	2.883271	0.7767817
13134	-68.55158	-193.6936	125.142	1.48154	1.053903	1.354553
13140	-71.62348	-196.6937	125.0703	1.730311	1.053903	1.20932
13146	-68.32958	-193.7279	125.3983	1.400497	1.112402	1.163196
13152	-77.61038	-201.1501	123.5398	2.981998	0.6317804	1.786751
13158	-66.78065	-190.3526	123.572	2.138229	2.486214	1.315971
13164	-71.43113	-194.177	122.7459	2.070569	6.644713	0.9200162
13170	-79.07328	-200.8976	121.8243	2.070569	12.33601	0.8772728
13176	-75.97655	-199.0696	123.0931	1.733139	6.176815	1.020369
13182	-72.69776	-196.8748	124.1771	2.717374	1.567883	0.4078788
13188	-68.49706	-193.2043	124.7073	2.424022	1.283723	0.4986131
13194	-78.3081	-197.6736	119.3655	2.987246	33.17668	0.5266219
13200	-63.90046	-190.0139	126.1134	2.60632	0.185197	0.4985254
13206	-59.76149	-184.0535	124.292	2.630926	1.534543	0.4189512
13212	-54.32565	-178.153	123.8273	2.629263	2.312112	0.4460446
13218	-58.87323	-184.3029	125.4296	2.455882	0.5808809	0.572719
13224	-58.93817	-183.1931	124.255	1.688913	2.270808	1.213867
13230	-81.68439	-202.8757	121.1913	2.984894	11.28589	0.3521388
13236	-74.84191	-198.9714	124.1295	3.285907	0.9210592	0.3521388
13242	-70.2233	-192.9697	122.7464	3.014544	3.960465	0.4190729
13248	-73.58247	-195.4916	121.9091	2.913488	7.696779	0.4523741
13254	-69.83532	-192.8994	123.064	1.73873	5.179868	1.26613
13260	-69.81916	-192.528	122.7088	1.429995	3.805171	2.050949
13266	-69.57485	-191.8447	122.2699	1.697508	8.476601	1.355088
13272	-65.38431	-189.7665	124.3822	1.737819	1.80042	1.294386
13278	-67.52315	-193.1631	125.64	2.011214	0.7451162	0.6097012
13284	-63.40747	-189.8025	126.395	1.856729	0.3734863	0.4807099
13290	-80.79177	-205.3233	124.5315	1.318427	0.6866394	2.186286
13296	-79.59696	-204.7634	125.1664	2.240561	0.6866394	1.032756
13302	-73.51185	-194.7448	121.233	2.121489	18.56229	0.3624128
13308	-65.69292	-191.1339	125.4409	1.066243	1.805832	0.9381346
13314	-65.05275	-189.4785	124.4257	1.856745	2.131306	0.9707881
13320	-74.66895	-194.5359	119.8669	2.157458	28.40555	1.278293
13326	-62.00112	-188.2701	126.269	1.626215	0.3876138	1.022032
13332	-75.9632	-200.2015	124.2383	2.103079	2.135357	0.9052954
13338	-65.75199	-191.1692	125.4172	1.366187	0.324215	1.972942
13344	-72.85923	-198.3654	125.5062	1.7605	0.6319929	1.225714
13350	-66.17875	-191.3913	125.2125	2.032204	0.2801428	1.726816
13356	-59.97743	-184.6268	124.6493	1.924893	1.574199	1.027906
13362	-58.65524	-183.8111	125.1559	1.428607	1.743431	0.8973844
13368	-55.00982	-180.5356	125.5258	0.9168211	0.8108456	1.681679
13374	-57.0529	-182.2754	125.2225	1.397428	1.801744	0.808994
13380	-62.29743	-187.0734	124.7759	1.48417	0.9848206	1.677111
13386	-57.99974	-183.2707	125.271	1.549631	1.099718	1.154408
13392	-67.09577	-192.9139	125.8181	0.9553702	0.2498329	2.097988
13398	-66.22294	-189.7506	123.5277	1.39105	1.055719	2.515581
13404	-64.16061	-189.7536	125.5929	2.082359	0.5386443	0.9772921
13410	-61.38374	-185.5049	124.1212	2.186672	2.554928	0.3823249
13416	-67.12142	-191.223	124.1016	2.177245	2.554928	0.6972724
13422	-66.26971	-190.3878	124.1181	1.793252	1.705035	1.505232
13428	-71.3886	-196.0655	124.6769	1.886268	2.05999	0.6501109
13434	-73.57838	-198.2797	124.7013	1.955614	1.931933	0.6045789
13440	-62.82904	-190.3337	127.5047	1.618684	0.07768649	0.5488878
13446	-59.46029	-183.4077	123.9474	1.451823	2.865942	1.421515
13452	-53.67393	-180.9406	127.2667	0.9276248	0.1493636	1.299601
13458	-60.55231	-186.4961	125.9438	1.047856	0.9778957	1.107272
13464	-63.71551	-184.4071	120.6916	1.200767	5.848876	3.079022
13470	-54.93878	-180.7695	125.8307	1.218238	0.4638346	1.5982
13476	-60.19733	-185.1638	124.9665	1.122274	1.283323	1.604394
13482	-61.77166	-186.7205	124.9489	1.212179	1.167379	1.624059
13488	-62.04095	-187.7481	125.7072	1.316394	1.31051	0.7365068
13494	-64.9181	-189.7764	124.8583	1.100519	1.309631	1.68221
13500	-55.69041	-181.6334	125.9429	1.184299	0.1871419	1.98178
13506	-61.99946	-186.7282	124.7287	1.879687	1.306185	1.182682
13512	-60.14078	-185.2224	125.0817	1.677103	0.6928542	1.558545
13518	-65.02617	-191.3038	126.2777	1.537186	0.3047371	1.251753
13524	-77.3926	-201.5595	124.1669	1.71716	2.066053	1.355202
13530	-68.66722	-193.3357	124.6685	1.192702	2.106348	1.355202
13536	-82.67255	-207.1751	124.5025	1.118277	1.21834	1.967907
13542	-79.08892	-203.2722	124.1833	1.284713	1.21834	2.069463
13548	-90.87581	-216.7677	125.8919	1.55879	0.106147	1.958905
13554	-81.18768	-206.7649	125.5772	1.755228	0.5860442	1.225967
13560	-82.46496	-206.7932	124.3283	1.792471	0.9791181	1.779239
13566	-78.1633	-204.8707	126.7074	1.638426	0.08397068	1.386595
13572	-79.21847	-202.727	123.5085	2.500989	3.080665	0.7521766
13578	-75.12475	-199.1755	124.0508	2.086544	1.35238	1.527552
13584	-79.18363	-201.2804	122.0968	1.685261	5.500259	1.949781
13590	-78.0316	-204.5256	126.494	2.207112	0.1058263	0.9962659
13596	-89.38634	-215.9362	126.5498	1.69783	0.2177795	1.066093
13602	-90.44006	-214.2541	123.814	1.856095	1.923771	1.581108
13608	-88.12959	-213.7782	125.6486	1.794158	0.2822872	1.581108
13614	-95.06408	-218.1412	123.0771	3.303779	2.468891	0.5329312
13620	-79.39159	-204.4344	125.0428	0.9413638	0.6357573	2.143884
13626	-84.04962	-203.5189	119.4693	1.956464	41.37051	1.186045
13632	-69.87919	-194.8144	124.9352	2.076662	1.194737	0.8804924
13638	-75.42289	-196.6909	121.268	2.52821	14.71243	0.4881529
13644	-78.62813	-199.5456	120.9175	3.170701	12.32617	0.4867512
13650	-69.84203	-192.2152	122.3732	2.544217	7.147866	0.4041658
13656	-69.38797	-192.9947	123.6067	2.904712	2.216899	0.4684644
13662	-73.8927	-197.3106	123.4179	3.084218	2.216899	0.4282732
13668	-73.62853	-196.3562	122.7277	2.810959	4.672646	0.4282732
13674	-67.7997	-192.5013	124.7016	2.40577	1.310078	0.4670598
13680	-82.32238	-205.3705	123.0481	1.361149	3.557158	1.929988
13686	-77.56781	-202.3795	124.8117	1.141029	0.3123946	2.52486
13692	-81.88157	-204.9514	123.0699	1.141029	0.3005713	3.584598
13698	-78.72396	-203.4262	124.7022	1.232529	0.8848748	1.973837
13704	-88.65607	-213.0838	124.4278	1.948476	0.8848748	1.66931
13710	-91.9435	-216.913	124.9695	1.996341	0.7467986	1.348102
13716	-94.4544	-217.142	122.6876	2.387767	6.117206	0.7466822
13722	-93.51831	-216.6646	123.1463	2.296124	4.279085	0.9181156
13728	-93.93772	-218.4849	124.5471	2.36357	0.9215454	1.229301
13734	-90.21572	-215.5243	125.3086	2.477502	0.4330938	1.044227
13740	-91.4278	-215.2016	123.7738	2.12048	2.997478	0.9372979
13746	-87.5774	-211.0075	123.4301	1.867016	2.997478	1.456133
13752	-92.5877	-216.8195	124.2318	1.619874	2.014044	1.404193
13758	-89.61379	-214.027	124.4132	1.75816	1.394738	1.477084
13764	-78.58426	-203.8273	125.243	2.12119	0.5419068	1.255565
13770	-83.05804	-209.1929	126.1349	1.980445	0.3449632	0.8818325
13776	-79.07054	-203.5778	124.5072	2.36028	1.311549	0.9316507
13782	-82.06741	-206.2537	124.1862	2.216456	2.42042	0.4538355
13788	-78.96974	-203.4661	124.4964	3.267616	0.6737707	0.4888365
13794	-87.7709	-210.3423	122.5714	2.52075	6.430415	0.4641944
13800	-83.16483	-206.4194	123.2546	1.71235	2.819525	1.752647
13806	-87.00634	-213.2281	126.2218	1.5046	0.2560627	1.417388
13812	-79.36312	-205.5379	126.1748	1.937663	0.4233699	0.6623805
13818	-75.77521	-201.0796	125.3044	1.53123	0.8580994	1.347265
13824	-84.54542	-209.886	125.3406	1.733705	0.8580994	1.147876
13830	-90.81211	-215.9991	125.187	2.038318	0.6287957	1.264025
13836	-85.28339	-209.7099	124.4265	1.013943	1.869759	1.76845
13842	-87.6157	-212.0711	124.4554	2.514873	1.454857	0.6230267
13848	-81.08804	-205.2889	124.2008	2.511193	1.791659	0.6774296
13854	-78.17491	-203.5522	125.3772	2.538489	0.3993691	0.9785955
13860	-65.9812	-191.4659	125.4847	2.210373	0.3993691	1.184308
13866	-65.34846	-190.2026	124.8541	2.032712	1.022364	1.161212
13872	-74.54462	-198.8822	124.3376	1.422385	1.764781	1.588083
13878	-84.39481	-206.041	121.6462	1.730549	6.905067	1.999607
13884	-74.64718	-198.9853	124.3381	1.612943	1.608048	1.524762
13890	-80.87742	-204.0279	123.1504	1.652973	1.900317	2.182829
13896	-69.46496	-194.853	125.388	2.305628	0.7279449	0.5085819
13902	-74.29933	-200.0587	125.7594	2.4309	0.3692418	0.7124534
13908	-74.49705	-197.693	123.196	1.669992	1.346499	2.389218
13914	-67.74142	-193.491	125.7495	1.793932	0.2991514	1.476478
13920	-65.31479	-190.3892	125.0744	1.298101	0.5833961	1.936466
13926	-67.38896	-192.3278	124.9388	1.82797	0.573097	1.674264
13932	-72.11885	-196.9747	124.8559	1.895656	1.467988	0.9252194
13938	-67.64468	-192.6485	125.0038	1.680454	1.467988	0.9953818
13944	-68.80971	-193.271	124.4613	1.6508	1.6927	1.357152
13950	-65.67042	-191.4128	125.7424	1.667625	0.6574847	1.067154
13956	-71.46799	-193.4507	121.9827	2.239559	9.4756	0.9786692
13962	-67.90949	-191.8973	123.9878	2.065198	1.377284	1.57522
13968	-65.13831	-190.1934	125.0551	2.514013	0.7644435	0.7264547
13974	-65.47582	-190.4927	125.0168	2.684957	0.6777252	0.6886025
13980	-72.35141	-195.2545	122.9031	1.837191	2.601472	1.976292
13986	-69.54237	-192.3242	122.7818	2.429958	4.758166	1.00622
13992	-76.10039	-198.904	122.8036	2.093953	4.758166	1.285969
13998	-73.67841	-199.0023	125.3239	2.257865	0.6745152	0.8645159
14004	-67.62577	-192.6271	125.0014	2.426396	0.655036	1.053543
14010	-81.71822	-203.6663	121.9481	1.710199	10.0324	1.392042
14016	-80.63518	-203.5039	122.8687	1.606701	7.402437	1.099251
14022	-68.17914	-193.3855	125.2064	2.683878	0.5776169	0.5732549
14028	-70.25264	-195.6263	125.3737	2.030472	0.5776169	1.175242
14034	-77.30549	-202.5888	125.2833	2.495124	0.5776169	0.7886468
14040	-83.83704	-208.3409	124.5039	2.693013	0.8387755	1.055574
14046	-83.48918	-205.6293	122.1402	2.102624	6.211516	1.50098
14052	-85.85464	-208.3581	122.5034	1.443632	6.211516	1.715696
14058	-79.17165	-201.1878	122.0161	1.803877	9.861581	1.284492
14064	-75.96546	-196.5712	120.6057	1.595392	18.73852	1.705256
14070	-72.88925	-198.9793	126.0901	1.868245	0.2627845	1.216366
14076	-68.67631	-191.912	123.2357	1.378995	1.645054	2.40887
14082	-69.48054	-193.1669	123.6864	1.421707	1.370884	2.222285
14088	-70.84225	-193.8738	123.0315	1.71478	5.659961	1.207708
14094	-76.10611	-200.4097	124.3036	1.802435	1.873768	1.268112
14100	-76.06717	-198.7228	122.6557	2.502756	5.922499	0.6868473
14106	-75.62596	-197.7426	122.1166	2.081655	10.25968	0.8684513
14112	-75.79794	-201.6798	125.8819	1.477043	0.2294914	1.738623
14118	-83.00773	-207.6779	124.6702	1.578009	0.912641	1.738623
14124	-62.34923	-188.1861	125.8369	1.707173	0.1860779	1.697675
14130	-67.31088	-190.7166	123.4057	2.192843	3.158678	1.156816
14136	-69.53728	-193.5362	123.9989	2.26371	1.164163	1.552053
14142	-65.12546	-188.8454	123.7199	2.269643	2.864069	0.8959433
14148	-73.5372	-197.8863	124.3491	2.555443	1.466397	0.7325787
14154	-75.34894	-200.0123	124.6634	2.720067	0.9864696	0.6039573
14160	-77.83456	-202.2986	124.464	2.381048	1.586671	0.6855661
14166	-72.69213	-197.6538	124.9617	2.254842	1.122105	0.6855661
14172	-71.46043	-195.8202	124.3598	2.75574	1.122105	0.8341533
14178	-73.03344	-197.9519	124.9185	2.440947	0.8784068	0.8347312
14184	-84.16039	-210.3719	126.2116	1.957085	0.2113223	1.15484
14190	-70.77658	-195.7015	124.9249	2.396198	0.8784068	0.8807172
14196	-68.56691	-191.0001	122.4332	1.765425	5.249263	1.708667
14202	-70.91996	-194.5948	123.6748	1.707679	1.23781	2.114677
14208	-68.54104	-192.189	123.648	1.432162	1.193138	2.334616
14214	-65.20123	-188.4743	123.2731	1.314633	0.9115218	2.809396
14220	-71.74029	-195.5415	123.8012	1.244912	0.464962	2.895823
14226	-62.70028	-188.4196	125.7194	1.627179	0.4284515	1.423013
14232	-64.15729	-187.429	123.2718	1.395571	2.736743	1.982878
14238	-65.22731	-185.7843	120.557	1.733154	5.038718	2.967817
14244	-67.16741	-189.8734	122.706	1.062772	3.810569	2.290172
14250	-63.95748	-187.3917	123.4342	1.063209	1.365238	2.610293
14256	-72.20637	-195.4288	123.2224	2.24892	3.051721	1.301426
14262	-70.04199	-192.8801	122.8382	1.775736	3.527937	1.79758
14268	-71.37769	-196.5733	125.1956	1.495523	0.509252	1.79758
14274	-74.80713	-198.6512	123.844	1.451747	1.467059	2.051607
14280	-93.63487	-216.5057	122.8708	1.486599	3.015436	2.10687
14286	-89.73956	-214.0689	124.3294	1.148905	2.088415	1.65021
14292	-82.59401	-203.6299	121.0358	2.298185	1.16263	3.410679
14298	-71.97207	-195.418	123.4459	1.045881	1.702228	2.461918
14304	-79.60703	-205.0863	125.4793	1.458107	0.350712	1.829665
14310	-80.46752	-203.8233	123.3557	1.742305	3.51702	1.450154
14316	-79.9733	-204.3991	124.4258	1.010046	0.3121829	2.842864
14322	-81.96564	-207.8417	125.876	1.461996	0.3322413	1.573791
14328	-78.38088	-202.9049	124.5241	0.7440177	0.8515528	2.429548
14334	-74.83083	-198.9994	124.1685	0.9286596	0.8515528	2.536538
14340	-81.58413	-205.8494	124.2653	0.8623411	1.008144	2.413717
14346	-75.24453	-200.8078	125.5633	1.376382	1.008144	1.126783
14352	-73.31095	-197.9569	124.6459	1.105888	1.008144	2.010137
14358	-74.81835	-200.2242	125.4058	1.039683	1.021525	1.515397
14364	-71.15753	-195.9957	124.8382	1.192767	0.1815618	2.691771
14370	-83.7747	-206.7827	123.008	0.963085	0.326989	3.688968
14376	-67.2254	-194.1268	126.9014	1.912151	0.1034552	0.8868089
14382	-68.2923	-193.7697	125.4773	2.232142	0.7126076	0.4574609
14388	-67.09428	-192.5339	125.4397	2.225452	0.6244923	0.2638888
14394	-71.04899	-196.0527	125.0037	2.071016	1.201548	0.7951108
14400	-63.48271	-189.7101	126.2274	1.667284	0.5717965	0.5887832
14406	-76.51455	-200.4385	123.924	1.100709	4.227617	1.314796
14412	-74.60807	-198.3775	123.7694	1.117233	0.7622215	2.731189
14418	-71.67787	-197.5181	125.8402	1.126151	0.5604235	1.543363
14424	-67.05328	-191.9026	124.8494	1.931772	1.154975	1.144645
14430	-71.18444	-196.1105	124.9261	1.782933	0.8650624	1.439962
14436	-69.49603	-195.0473	125.5513	1.386448	0.4788873	1.659708
14442	-71.83706	-197.2805	125.4434	2.281852	0.4788873	1.024946
14448	-66.51567	-191.3919	124.8763	1.351301	1.012456	1.6806
14454	-97.84943	-222.1071	124.2576	2.096543	1.599593	1.210957
14460	-92.85536	-215.6663	122.8109	2.450356	1.72523	1.954056
14466	-83.45216	-210.4458	126.9936	2.281976	0.0442778	0.5943759
14472	-69.14961	-193.8081	124.6585	1.358839	1.118174	1.757709
14478	-71.60824	-196.4477	124.8394	1.623582	1.118174	1.432613
14484	-66.10113	-190.975	124.8739	1.338239	1.466686	1.403865
14490	-67.10427	-190.8384	123.7341	1.521476	2.929329	1.509506
14496	-81.41447	-204.7224	123.308	1.402312	0.9560009	2.705971
14502	-84.02248	-207.7954	123.7729	1.130687	2.333381	1.956158
14508	-84.39773	-208.3716	123.9738	1.323825	1.666041	1.956158
14514	-85.71955	-207.7547	122.0351	0.9474166	4.630674	2.617701
14520	-72.53313	-197.0498	124.5166	1.384815	0.5859522	2.243752
14526	-80.57622	-202.0939	121.5177	1.159865	8.569787	2.243752
14532	-84.52509	-210.3081	125.783	2.014062	0.1498609	1.601934
14538	-89.53532	-211.3295	121.7942	1.184601	2.465984	3.117986
14544	-84.38047	-206.6231	122.2426	1.456084	0.807308	3.409027
14550	-81.2808	-207.0989	125.8181	2.437388	0.2287895	1.029069
14556	-81.17933	-206.4422	125.2628	2.329966	0.7322361	0.7515429
14562	-79.96727	-203.7648	123.7976	2.558846	1.708728	1.144423
14568	-82.15778	-206.6847	124.5269	1.829504	1.708728	1.144423
14574	-66.95026	-191.4271	124.4769	2.150449	1.62399	0.9384188
14580	-73.85099	-196.7103	122.8593	1.980508	5.604087	1.138602
14586	-74.41639	-197.1486	122.7322	1.753643	5.604087	1.429223
14592	-68.25142	-193.9196	125.6682	2.201742	0.5404054	0.738484
14598	-73.00421	-198.3635	125.3593	2.189144	0.632233	0.9651223
14604	-85.55489	-210.7871	125.2322	2.230723	0.4614121	1.283775
14610	-75.17443	-200.3369	125.1625	0.9067334	0.6246846	2.098383
14616	-81.65096	-205.1202	123.4693	0.7385604	0.6246846	3.24743
14622	-74.40167	-198.9345	124.5328	1.606708	1.580927	1.395891
14628	-79.10322	-204.6557	125.5524	2.247071	0.3079447	1.258365
14634	-76.83468	-201.9172	125.0826	2.29566	0.4737017	1.335079
14640	-75.20591	-198.4462	123.2403	1.136156	0.4493129	3.311475
14646	-74.30521	-200.8272	126.522	1.712062	0.2443646	1.008758
14652	-75.45408	-201.2066	125.7525	2.126211	0.4018963	1.010893
14658	-89.74487	-212.9278	123.1829	2.450392	3.859566	0.859155
14664	-85.67982	-210.2928	124.613	2.451775	1.28769	0.6994626
14670	-85.31053	-212.1827	126.8722	1.905312	0.1396353	0.7516371
14676	-85.6235	-211.8491	126.2256	1.954948	0.2741517	0.9861473
14682	-89.36644	-213.8575	124.491	1.349732	0.6978622	2.182679
14688	-85.24407	-206.2272	120.9831	1.267931	3.92883	3.195093
14694	-75.64087	-198.8382	123.1974	1.60613	2.243181	2.054545
14700	-71.7479	-197.4846	125.7367	2.236923	0.3259182	1.070036
14706	-86.65336	-212.537	125.8836	2.090027	0.3259182	1.070036
14712	-70.32875	-194.3493	124.0206	1.663331	3.111991	1.097295
14718	-68.91728	-193.7528	124.8355	1.112883	1.009081	1.877134
14724	-72.51329	-196.7252	124.2119	1.269476	0.9681669	2.213749
14730	-65.43845	-188.8392	123.4007	0.9999455	2.43	2.253729
14736	-76.68236	-200.1298	123.4474	0.9990214	2.43	2.224282
14742	-75.91508	-198.5287	122.6136	1.385217	1.059074	3.074193
14748	-73.80903	-197.3087	123.4997	1.402241	4.48697	1.347853
14754	-73.68803	-196.7646	123.0765	1.933327	5.929263	0.8896461
14760	-78.15051	-202.9647	124.8142	1.857462	1.654087	0.8655032
14766	-76.96732	-199.8553	122.888	2.439753	3.701782	1.211639
14772	-72.742	-195.5711	122.8291	1.385181	2.492026	2.353073
14778	-71.96383	-196.8864	124.9226	1.315202	1.55615	1.332201
14784	-70.1989	-195.682	125.4831	1.444248	0.9170205	1.21935
14790	-74.50877	-197.8827	123.374	1.411601	3.610281	1.655312
14796	-65.0216	-189.9153	124.8937	1.030323	0.7052556	2.122167
14802	-82.11275	-206.2146	124.1018	2.20453	2.280786	0.8543696
14808	-68.76569	-191.8429	123.0772	2.146574	5.2858	0.8304129
14814	-66.2674	-190.7443	124.4769	2.025435	1.965769	0.8304129
14820	-66.45754	-189.9477	123.4902	2.416765	3.577498	0.5469176
14826	-65.61452	-188.7556	123.1411	3.170854	2.344544	0.2837072
14832	-62.98573	-187.6823	124.6965	3.078255	0.6432605	0.3857353
14838	-60.91351	-184.6874	123.7739	2.984269	1.751469	0.3857353
14844	-64.21334	-189.0894	124.8761	2.318597	1.186793	0.6046213
14850	-63.82594	-184.8543	121.0284	2.265425	18.51202	0.7753328
14856	-69.03367	-194.4611	125.4275	2.265425	0.4975271	1.025973
14862	-65.44415	-189.2411	123.797	2.301567	2.681295	0.8656488
14868	-62.781	-188.3086	125.5276	2.369794	0.4658134	0.8656488
14874	-65.42259	-187.248	121.8254	2.038333	10.2124	1.201815
14880	-68.89781	-192.9143	124.0165	2.057832	1.270127	1.622787
14886	-68.05602	-192.664	124.608	1.872165	0.4799957	1.974382
14892	-72.94534	-197.8377	124.8924	2.818694	0.7124419	0.5360325
14898	-76.25124	-201.5233	125.2721	2.771356	0.4760801	0.4092917
14904	-71.0787	-195.4857	124.407	1.947199	1.890896	1.039226
14910	-77.2857	-201.0188	123.7331	1.840177	2.432351	1.444378
14916	-83.66142	-207.7465	124.0851	0.8023792	2.432351	1.932994
14922	-82.91858	-206.6781	123.7596	0.5211379	2.432351	2.329717
14928	-78.29505	-201.5774	123.2824	1.318496	5.586295	1.342815
14934	-79.24104	-202.7434	123.5024	2.293569	3.492298	0.2755918
14940	-77.86506	-202.9025	125.0374	2.646445	0.7152941	0.3944372
14946	-78.03953	-203.0084	124.9688	2.544349	0.8774796	0.4553357
14952	-80.57009	-206.1934	125.6234	2.979086	0.2235345	0.4564198
14958	-82.09409	-207.9984	125.9043	2.559465	0.2751328	0.4414142
14964	-85.93976	-209.2861	123.3464	3.433825	1.517988	0.2624186
14970	-84.78556	-209.8146	125.029	2.460231	0.9031125	0.5103501
14976	-83.89846	-207.6878	123.7893	3.190097	1.476361	0.4790013
14982	-85.80311	-209.3809	123.5778	3.537743	1.068306	0.2433873
14988	-84.45178	-209.384	124.9322	3.537743	0.2035826	0.2496188
14994	-83.91523	-208.1194	124.2042	2.868146	1.198131	0.8022504
15000	-88.65674	-215.4795	126.8227	1.938984	0.1189973	0.8738374
15006	-75.84818	-199.9256	124.0774	2.443299	1.49823	1.128899
15012	-83.76284	-207.7223	123.9595	2.435399	2.437472	0.4577754
15018	-84.54475	-209.2731	124.7283	2.708083	0.8446415	0.7833723
15024	-83.23549	-205.4596	122.2242	1.558739	2.903104	2.504768
15030	-69.20826	-193.0684	123.8601	2.937066	1.631466	0.3332173
15036	-80.1941	-204.0122	123.8181	3.039577	1.631466	0.4270893
15042	-74.59782	-199.3518	124.7539	1.982582	1.236425	1.120855
15048	-78.0274	-202.9977	124.9703	2.145723	0.8625596	1.105874
15054	-87.35754	-211.4372	124.0796	2.905248	1.431212	0.3883961
15060	-87.25717	-210.9696	123.7124	3.28909	1.44774	0.4888156
15066	-85.48466	-210.6032	125.1185	3.703629	0.132676	0.3289793
15072	-84.19837	-208.7465	124.5481	3.463596	0.3978773	0.2502973
15078	-78.32398	-203.0331	124.7091	3.249278	0.4860101	0.3194287
15084	-78.33962	-201.1219	122.7823	2.032606	6.435408	0.9715838
15090	-78.20819	-204.7764	126.5682	2.789899	0.02527396	0.6002617
15096	-75.99664	-202.8709	126.8742	2.334517	0.01408559	0.8525777
15102	-81.53475	-205.2184	123.6837	1.717488	3.45407	1.226839
15108	-76.23839	-202.1004	125.862	1.555171	0.9388555	0.6426702
15114	-74.71313	-200.3069	125.5938	2.092772	0.6189615	0.8300527
15120	-64.68261	-189.4668	124.7842	1.84793	1.504101	1.020667
15126	-65.81065	-190.716	124.9054	1.864075	1.433865	0.9336206
15132	-61.51657	-187.9813	126.4647	1.523867	0.4211066	0.8527398
15138	-73.45108	-197.8889	124.4378	1.59602	0.2666959	2.542263
15144	-76.23965	-200.9062	124.6665	1.910197	1.080952	1.37117
15150	-72.9858	-195.8401	122.8543	1.936764	3.668166	1.636217
15156	-70.53653	-194.5681	124.0316	2.061231	2.53266	0.9507033
15162	-81.65849	-206.1951	124.5366	1.872071	2.414394	0.5285496
15168	-85.11092	-207.3077	122.1968	1.865191	11.57532	0.7978373
15174	-83.49638	-207.6107	124.1143	1.838618	1.431641	1.617514
15180	-82.9685	-207.1041	124.1356	1.743359	2.280497	1.263967
15186	-77.79311	-202.3186	124.5255	1.84286	2.17161	0.8505743
15192	-73.81006	-199.4862	125.6761	2.157154	0.5114629	0.8505743
15198	-75.5883	-199.4616	123.8733	1.34015	3.552077	1.3502
15204	-74.64016	-198.7078	124.0676	1.139548	0.9575434	2.395875
15210	-71.4913	-195.374	123.8827	0.8789213	1.783896	2.256834
15216	-76.88796	-199.9699	123.082	0.7831005	0.7587167	3.345581
15222	-71.84755	-196.0434	124.1958	1.239624	0.6910963	2.446877
15228	-81.97576	-206.4558	124.4801	0.85739	0.6910963	2.508277
15234	-72.65774	-196.3943	123.7366	1.001116	0.6910963	2.876684
15240	-62.51038	-187.5602	125.0499	0.8397362	0.6910963	2.156695
15246	-67.05711	-192.4941	125.437	1.137095	0.5227721	1.863061
15252	-74.59633	-200.07	125.4736	1.658374	0.641013	1.326123
15258	-78.23314	-203.4223	125.1891	1.665907	1.2012	1.038726
15264	-73.66721	-199.7863	126.1191	1.138618	0.9078719	0.9160337
15270	-76.53533	-200.6931	124.1578	1.854496	2.071319	1.248645
15276	-79.65938	-204.0476	124.3882	1.765013	0.2756718	2.45367
15282	-80.22729	-206.7434	126.5161	1.324933	0.2235632	1.396072
15288	-79.14894	-203.0789	123.9299	1.324933	0.7034866	2.549678
15294	-79.97109	-205.6211	125.65	1.235969	0.7034866	1.45295
15300	-84.92267	-208.4991	123.5764	0.9759524	0.7034866	2.978679
15306	-79.84872	-203.1909	123.3422	1.237348	1.802059	2.365622
15312	-68.66642	-192.9165	124.2501	1.904025	2.170691	1.075067
15318	-73.98543	-199.0441	125.0587	1.570448	1.141121	1.284532
15324	-88.27346	-212.398	124.1245	1.709276	1.343617	1.751101
15330	-79.14467	-204.6619	125.5172	0.8072192	0.1287751	2.62326
15336	-77.88282	-201.4494	123.5665	1.036204	2.032362	2.261645
15342	-76.25143	-200.2396	123.9882	0.7474016	1.383925	2.452756
15348	-85.84122	-209.1246	123.2834	1.098337	1.383072	2.673006
15354	-86.78359	-212.7268	125.9432	1.331819	0.8135651	1.007984
15360	-78.48403	-203.4798	124.9958	1.594229	0.2875166	2.156304
15366	-80.52949	-205.9985	125.469	1.300724	0.9169174	1.348562
15372	-90.03894	-214.7287	124.6898	0.7813923	0.406043	2.702344
15378	-91.60355	-215.5053	123.9018	1.152297	0.8931851	2.534684
15384	-81.57724	-205.3268	123.7496	1.261753	2.388243	1.864078
15390	-87.3922	-209.9244	122.5322	2.001308	7.867575	0.9526774
15396	-76.25568	-202.8353	126.5796	1.359815	0.2271284	1.310181
15402	-87.34899	-214.4864	127.1374	1.17193	0.1868153	1.094285
15408	-82.80128	-206.3533	123.552	1.300101	4.942217	1.279848
15414	-79.25241	-204.1948	124.9424	1.043617	1.213409	1.72011
15420	-85.89454	-207.0523	121.1578	1.109059	21.5749	1.477283
15426	-74.40615	-198.6004	124.1943	1.385459	2.125487	1.561386
15432	-77.1168	-202.9042	125.7874	1.06328	0.7774412	1.409051
15438	-75.31539	-200.0742	124.7588	1.751998	1.999233	0.7937534
15444	-82.78554	-207.6265	124.841	1.258147	1.999233	1.210651
15450	-80.91839	-204.0795	123.1611	1.409201	3.413763	1.857293
15456	-84.03058	-208.0471	124.0165	1.47741	3.413763	1.16018
15462	-81.40281	-204.7793	123.3765	1.69267	3.413763	1.501545
15468	-85.61449	-209.4925	123.878	1.627604	2.345895	1.528629
15474	-89.12351	-214.856	125.7325	1.82122	0.7298968	0.8100184
15480	-80.29941	-205.9536	125.6542	1.95487	0.5028048	1.096995
15486	-77.2515	-203.1185	125.867	1.95487	0.5028048	0.8809165
15492	-78.34073	-203.0072	124.6665	0.8741974	0.4579363	2.600983
15498	-74.01239	-198.811	124.7987	0.7420385	0.4579363	2.600983
15504	-82.55035	-205.6412	123.0909	2.596488	3.155149	1.0777
15510	-76.97978	-200.8127	123.8329	2.710489	2.155027	0.4568862
15516	-89.44037	-207.1183	117.6779	2.461603	92.52865	0.8379204
15522	-89.32019	-207.1431	117.8229	1.976415	92.52865	1.178575
15528	-75.96309	-198.808	122.8449	2.833013	4.243186	0.5490834
15534	-83.89484	-206.0129	122.118	3.51653	4.243186	0.3608452
15540	-74.45843	-195.9838	121.5253	3.806164	4.243186	0.1889817
15546	-78.7127	-196.3872	117.6745	3.466134	53.94195	0.215586
15552	-75.41918	-199.9985	124.5794	3.466134	0.461602	0.6586251
15558	-65.97015	-192.2531	126.2829	2.454378	0.1092676	0.9443258
15564	-68.29881	-194.0001	125.7013	2.620628	0.2829905	0.2863681
15570	-67.97342	-191.8842	123.9108	3.180466	1.133715	0.2620785
15576	-65.55477	-190.6457	125.0909	2.521249	0.7632929	0.3750058
15582	-60.09631	-185.5629	125.4665	2.521249	0.5010022	0.3831207
15588	-67.615	-192.4089	124.794	1.861248	1.642423	0.8937764
15594	-69.59725	-192.9457	123.3484	0.9525684	3.553284	2.003551
15600	-74.96687	-198.8593	123.8925	2.834077	1.819439	0.6038761
15606	-76.57023	-201.9237	125.3535	2.525941	0.5841123	0.5776888
15612	-66.59875	-192.1283	125.5296	1.040342	0.6172178	1.767562
15618	-67.49297	-191.4493	123.9563	1.5876	3.954647	0.9238542
15624	-65.1211	-192.6513	127.5302	1.262959	0.08318842	1.002533
15630	-77.384	-200.7389	123.3549	0.9608513	1.707029	2.569811
15636	-76.29319	-202.7513	126.4581	1.869537	0.1542175	1.173402
15642	-71.36978	-194.5403	123.1706	1.215595	4.292961	1.77314
15648	-73.47527	-199.0995	125.6242	1.823085	0.4716915	1.281972
15654	-73.87283	-199.7958	125.923	1.453416	0.7109241	1.031741
15660	-67.1262	-193.1757	126.0495	1.221481	0.7109241	1.129915
15666	-67.30229	-191.1515	123.8492	1.051299	2.321032	1.96255
15672	-87.5051	-209.6801	122.175	2.279213	6.678095	1.251145
15678	-74.67044	-197.9536	123.2832	1.625395	5.837832	1.019744
15684	-83.07209	-206.5302	123.4581	1.993412	3.309862	1.231261
15690	-72.30774	-196.6275	124.3198	1.686496	2.941533	0.836167
15696	-75.34701	-200.4637	125.1167	1.442518	2.054889	0.6645788
15702	-73.22902	-196.2698	123.0407	1.847958	5.830329	1.040868
15708	-81.71594	-203.443	121.7271	1.626993	2.326669	2.935627
15714	-73.12967	-197.6514	124.5218	1.84543	2.145363	0.869301
15720	-77.38335	-203.4808	126.0974	1.239685	0.2338239	1.745612
15726	-77.00503	-202.0899	125.0848	1.205996	0.2590137	2.393307
15732	-86.30147	-207.6266	121.3252	2.799289	10.75603	0.8669945
15738	-80.05734	-202.3507	122.2934	2.747943	6.65808	0.4661307
15744	-82.78132	-204.6214	121.84	2.837545	7.420231	0.2442374
15750	-89.64859	-213.31	123.6614	1.782128	4.455841	0.8532445
15756	-82.96633	-207.5143	124.548	1.895271	2.059251	0.836108
15762	-79.1224	-201.6995	122.5771	3.25553	3.414281	0.280032
15768	-82.134	-206.7431	124.6091	2.593527	1.180014	0.4127224
15774	-82.98116	-208.0367	125.0556	1.521119	1.246742	1.251526
15780	-76.94451	-201.2249	124.2804	1.598503	1.933308	1.420191
15786	-77.30103	-202.5257	125.2247	1.734799	0.7988315	1.302596
15792	-76.1257	-202.2374	126.1117	1.419753	0.2329818	1.608798
15798	-71.74978	-196.654	124.9042	1.776468	1.349972	1.086444
15804	-70.96141	-194.2896	123.3282	1.826119	4.41803	1.155185
15810	-78.17848	-201.313	123.1345	1.190975	3.291035	2.053824
15816	-72.32362	-196.5879	124.2643	1.005175	0.6095437	2.620073
15822	-70.90905	-196.2265	125.3175	1.602915	0.4910841	1.657376
15828	-71.72515	-197.6918	125.9666	1.750149	0.4602725	1.063919
15834	-64.67688	-190.7999	126.123	1.518327	0.2706669	1.454271
15840	-66.89638	-190.3951	123.4987	1.843678	5.294635	0.6386206
15846	-62.79605	-189.4363	126.6402	1.525566	0.2311696	1.107285
15852	-70.86157	-196.0441	125.1825	1.18979	0.4893409	2.035685
15858	-70.2812	-191.3534	121.0722	1.073394	12.4788	2.202875
15864	-79.35981	-205.5777	126.2179	1.437285	0.6578305	0.8007463
15870	-76.07106	-200.9013	124.8302	1.326797	0.5740699	2.089132
15876	-73.22862	-195.5484	122.3197	1.549321	4.621144	2.05481
15882	-69.54312	-194.5145	124.9714	1.85329	0.7458267	1.458674
15888	-78.30534	-202.2001	123.8948	1.343856	0.8222623	2.46906
15894	-76.04117	-201.5583	125.5171	1.569936	0.8403149	1.154362
15900	-74.63349	-199.7429	125.1094	2.275855	0.8983164	0.7717235
15906	-71.25478	-195.786	124.5313	1.155389	1.713251	1.665391
15912	-68.32886	-194.0621	125.7333	2.007939	0.5753834	0.84119
15918	-63.57011	-188.3188	124.7487	1.535746	1.44556	1.359652
15924	-68.73679	-193.8309	125.0941	2.182043	0.5164456	1.359652
15930	-85.26599	-207.4019	122.1359	2.152094	10.73901	0.4011614
15936	-83.52886	-208.165	124.6361	2.243338	1.485825	0.7488906
15942	-65.40905	-190.3202	124.9112	2.007041	1.166517	1.006767
15948	-63.81698	-187.73	123.913	1.744868	3.469532	0.9865817
15954	-60.20212	-185.6811	125.4789	1.560011	1.041231	1.002432
15960	-63.55713	-187.8978	124.3407	2.380012	1.041231	1.286207
15966	-57.19722	-182.0648	124.8675	1.497952	0.7175369	1.815518
15972	-62.62719	-186.7574	124.1302	1.652694	2.031684	1.449196
15978	-64.69381	-189.4197	124.7259	1.887314	2.031684	0.5457934
15984	-62.75905	-188.8466	126.0876	1.609983	0.6679408	0.7185747
15990	-82.17443	-204.5909	122.4165	1.963635	3.776881	1.896001
15996	-89.16175	-212.5617	123.3999	2.127585	2.982207	1.279555
16002	-84.84356	-206.6663	121.8227	1.352884	2.055109	3.131334
16008	-82.00732	-207.1347	125.1274	1.428379	1.345165	1.200905
16014	-82.8647	-209.3959	126.5312	1.592282	0.3382437	0.8889412
16020	-84.07163	-209.1278	125.0562	3.071391	0.3960197	0.3254084
16026	-79.63092	-203.7465	124.1156	2.584681	1.853409	0.6175747
16032	-81.28508	-207.8229	126.5378	2.4541	0.09496055	0.690871
16038	-68.0303	-192.0198	123.9895	2.387727	2.472921	0.5445955
16044	-66.63701	-189.7497	123.1127	2.707286	3.751318	0.6285295
16050	-63.75527	-187.4866	123.7313	2.239624	3.269133	0.6902078
16056	-64.76261	-188.541	123.7784	2.209022	2.133269	1.240266
16062	-71.28127	-196.7934	125.5122	1.648059	0.8318008	1.097247
16068	-79.91503	-203.6136	123.6986	1.659712	0.6975581	2.489964
16074	-76.76828	-199.8965	123.1282	1.581268	3.693308	1.688107
16080	-74.82088	-197.9096	123.0888	1.634873	3.693308	1.678058
16086	-72.05789	-196.8313	124.7734	1.492523	0.881172	1.750127
16092	-69.68194	-194.0161	124.3341	1.931788	0.881172	1.750127
16098	-64.27878	-190.162	125.8832	1.350483	0.680773	1.197154
16104	-65.24818	-190.2883	125.0401	1.038019	0.680773	2.041907
16110	-70.57762	-196.8573	126.2796	2.050705	0.07440855	1.432836
16116	-72.29176	-198.903	126.6112	1.604581	0.07440855	1.519458
16122	-72.36442	-196.2504	123.886	2.318007	1.965403	1.136674
16128	-73.51631	-197.6554	124.1391	2.361164	1.965403	0.833366
16134	-69.34701	-193.7414	124.3944	2.361164	1.641521	0.7681616
16140	-77.75947	-203.3647	125.6052	2.220004	0.5564097	0.7681616
16146	-70.63781	-193.7397	123.1019	2.529517	3.786032	0.8913226
16152	-78.97878	-203.252	124.2732	2.930011	1.169407	0.3944029
16158	-78.13874	-201.2352	123.0965	2.784966	3.549437	0.6551458
16164	-75.36087	-200.7758	125.4149	2.329019	0.6202349	0.7492938
16170	-73.91757	-193.4972	119.5796	2.407818	38.31469	0.7492938
16176	-64.03099	-188.2165	124.1855	2.533344	1.796034	0.658298
16182	-56.91014	-181.9203	125.0101	1.85456	1.014462	1.187298
16188	-66.89557	-187.5949	120.6993	2.885344	16.67498	0.4835355
16194	-64.19457	-184.8212	120.6267	1.707068	30.43495	0.8642509
16200	-64.72017	-188.5649	123.8448	2.877888	1.854759	0.5194675
16206	-73.70699	-196.9224	123.2154	2.82608	3.225556	0.4526599
16212	-74.17476	-196.7189	122.5442	2.663739	5.772657	0.6625937
16218	-78.13564	-200.8714	122.7358	2.630012	5.167091	0.6625937
16224	-59.33804	-182.7933	123.4553	1.860722	2.638671	1.561988
16230	-65.87315	-190.9064	125.0333	1.764378	0.3365873	1.94518
16236	-65.53365	-189.709	124.1754	1.335564	0.9930296	2.178307
16242	-69.01556	-194.2899	125.2744	1.47736	0.9930296	1.299694
16248	-70.5395	-195.1444	124.6049	1.833322	1.136846	1.438576
16254	-70.63498	-194.7175	124.0825	1.833959	1.994192	1.362567
16260	-75.04463	-199.2971	124.2525	1.842385	1.666897	1.384415
16266	-82.01245	-203.6061	121.5937	1.925259	13.91545	1.061677
16272	-68.77762	-194.5379	125.7603	1.338211	0.6841517	1.306052
16278	-66.57336	-191.2249	124.6515	1.232057	0.6866411	2.164413
16284	-74.60721	-199.0473	124.4401	1.901239	1.884809	1.055121
16290	-86.0782	-211.9572	125.879	2.12461	0.4478024	0.7696145
16296	-83.96199	-209.4539	125.4919	2.256672	0.6072569	0.7696145
16302	-75.31227	-200.1018	124.7896	1.688016	0.4858063	1.969504
16308	-72.08407	-198.1293	126.0452	0.8206395	0.3322583	1.905507
16314	-79.79764	-203.5035	123.7058	1.657841	2.292945	1.652286
16320	-75.96038	-202.8793	126.9189	1.682978	0.08409759	1.175818
16326	-75.35952	-200.3338	124.9743	1.492429	0.4656244	1.999837
16332	-72.94346	-198.1167	125.1732	1.77254	0.6746032	1.436292
16338	-70.8156	-196.3379	125.5223	2.162972	0.3404228	1.293131
16344	-75.26583	-201.0206	125.7548	1.881874	0.6359378	0.861833
16350	-70.93636	-194.9551	124.0188	1.797794	3.55366	0.7629813
16356	-70.17224	-196.8007	126.6285	1.831759	0.1713903	0.9966608
16362	-72.30987	-198.766	126.4561	1.57617	0.4335775	0.7652923
16368	-74.89584	-200.7041	125.8082	1.605698	0.9639293	0.5797258
16374	-72.73963	-198.5834	125.8438	2.33884	0.1958616	1.182573
16380	-62.02992	-188.5969	126.567	1.320179	0.3629194	1.077158
16386	-65.68462	-190.3006	124.616	1.353389	1.369289	1.640513
16392	-69.08976	-193.9049	124.8152	0.8658663	3.061006	1.119204
16398	-62.94728	-189.3091	126.3618	1.086043	0.5400874	1.187111
16404	-65.24023	-192.1133	126.8731	1.234811	0.3264383	0.9347027
16410	-61.07357	-185.6562	124.5826	0.8633241	0.483631	2.632185
16416	-69.12135	-193.3071	124.1858	0.5726057	1.027321	2.632185
16422	-70.86302	-194.7673	123.9042	0.796691	0.6892008	2.900409
16428	-65.40313	-191.7116	126.3085	0.4330752	0.485827	1.78959
16434	-64.32634	-186.3443	122.018	0.5144138	3.273623	3.170961
16440	-66.35026	-190.7745	124.4243	0.9518685	0.7301192	2.452594
16446	-66.44184	-192.3405	125.8987	1.340603	0.7231219	1.144242
16452	-62.11907	-184.1521	122.0331	0.8523285	5.307992	2.559457
16458	-59.70968	-183.5005	123.7909	1.014502	1.711708	2.258975
16464	-65.94595	-190.3745	124.4285	1.036906	1.466249	1.938818
16470	-68.33327	-193.9457	125.6124	1.356493	1.403415	0.7054985
16476	-65.40631	-189.8934	124.4871	1.580895	3.140565	0.5841927
16482	-61.09635	-187.4919	126.3955	1.22512	0.5258778	1.051156
16488	-62.11692	-187.5238	125.4069	1.557843	1.229116	0.9003548
16494	-74.53293	-200.1304	125.5975	2.008061	0.7873253	0.5925444
16500	-73.38256	-201.1437	127.7611	1.318299	0.04680758	0.8853914
16506	-67.60028	-193.1707	125.5704	1.575345	0.7999961	1.143759
16512	-63.43283	-186.5651	123.1322	1.534139	4.00168	1.642317
16518	-70.97938	-195.0256	124.0462	1.209546	2.533748	1.642317
16524	-66.29627	-188.5259	122.2296	1.625631	13.09415	0.8058503
16530	-60.98103	-185.1161	124.135	1.488924	3.184804	1.124737
16536	-59.45955	-184.5521	125.0925	1.379983	0.8414374	1.635037
16542	-59.58026	-182.8762	123.2959	0.8811811	2.054459	2.522715
16548	-66.51159	-190.4278	123.9162	0.9933221	1.909757	2.109917
16554	-76.67246	-202.451	125.7785	0.8641902	0.5939527	1.740146
16560	-69.32638	-194.1068	124.7804	0.5081357	0.786604	2.464049
16566	-72.34932	-196.0301	123.6808	0.9032757	0.8703908	2.838868
16572	-70.93964	-195.8341	124.8945	1.854399	0.8703908	1.404641
16578	-68.53417	-193.6699	125.1357	1.442425	0.583018	1.796376
16584	-67.77414	-192.1626	124.3884	1.749948	2.936768	0.6281032
16590	-71.093	-196.8347	125.7417	2.243533	0.4195525	0.8602428
16596	-72.70728	-198.9698	126.2625	1.610755	0.12034	1.625875
16602	-67.05872	-191.9392	124.8805	1.880764	1.11365	1.194806
16608	-66.66296	-191.3191	124.6562	2.140807	1.193637	1.099448
16614	-91.41284	-214.9271	123.5143	2.249541	1.952075	1.499101
16620	-78.85254	-203.7051	124.8526	1.99393	1.594564	0.6723298
16626	-82.54597	-207.8914	125.3454	1.772922	1.156266	0.7901939
16632	-78.45148	-203.7463	125.2948	1.983221	0.852214	0.9598341
16638	-79.95537	-204.4029	124.4475	1.575152	0.9513884	1.866425
16644	-89.9065	-215.1417	125.2352	1.359743	0.8836475	1.510685
16650	-98.00052	-219.812	121.8115	1.460998	2.391486	2.964656
16656	-81.13139	-207.1412	126.0098	1.549911	0.4073175	1.285291
16662	-78.81027	-204.8276	126.0174	2.505891	0.2522855	0.4485056
16668	-79.2972	-206.1597	126.8625	1.843116	0.1884086	0.4559697
16674	-83.55024	-206.8027	123.2524	1.443698	2.666999	1.985184
16680	-74.56442	-199.4642	124.8998	2.650782	0.8475343	0.5122073
16686	-78.83452	-205.0317	126.1972	2.473757	0.1992503	0.4482379
16692	-74.01505	-198.747	124.7319	2.348912	1.340064	0.5494786
16698	-74.07635	-199.158	125.0816	1.576193	0.3269247	2.052514
16704	-69.51218	-194.1714	124.6592	1.678912	0.3682484	2.204247
16710	-70.0764	-196.8874	126.811	2.054334	0.1028784	0.8275708
16716	-67.82449	-194.5854	126.7609	1.696673	0.02426005	1.514955
16722	-73.85022	-200.5322	126.682	1.385154	0.1096524	1.514955
16728	-71.6523	-197.6065	125.9542	1.434747	0.2726784	1.637248
16734	-67.83858	-192.3969	124.5583	1.623945	2.12039	1.074855
16740	-72.99713	-196.9789	123.9818	2.756863	1.678383	0.3093331
16746	-74.68195	-198.9715	124.2895	2.546878	1.678383	0.5237329
16752	-73.86845	-199.9306	126.0621	2.09941	0.3552199	0.2874847
16758	-84.2115	-207.8993	123.6878	2.406309	2.763136	0.8250137
16764	-73.18051	-199.6257	126.4452	1.48278	0.3467652	1.070543
16770	-76.00099	-202.5284	126.5274	1.215931	0.1951999	1.532962
16776	-72.91334	-196.5929	123.6796	1.154291	1.355409	2.404995
16782	-78.42814	-202.7799	124.3518	1.98254	1.320319	1.397396
16788	-70.40211	-195.3842	124.9821	1.698635	1.463009	1.002662
16794	-73.15163	-197.333	124.1814	1.002289	1.46616	2.125762
16800	-72.44748	-197.3133	124.8658	1.580468	1.46616	1.214616
16806	-63.55804	-189.0743	125.5163	1.779043	0.6022905	1.237231
16812	-59.27104	-185.1216	125.8505	1.266963	0.6950393	1.278852
16818	-58.79728	-181.4191	122.6219	1.177183	4.825925	2.0613
16824	-57.33073	-180.036	122.7053	1.360272	5.082984	1.833055
16830	-58.53664	-182.8535	124.3169	1.528807	0.6250318	2.243287
16836	-57.12941	-182.7222	125.5928	1.719734	0.9820249	0.7498276
16842	-62.39549	-187.4178	125.0223	1.668036	1.288935	1.12284
16848	-65.01782	-187.9499	122.9321	1.905234	5.683004	1.12284
16854	-61.52894	-187.5891	126.0602	1.721594	0.5159315	0.9021258
16860	-68.19475	-192.7595	124.5647	1.269616	1.509531	1.661058
16866	-57.63002	-182.7314	125.1013	1.627805	0.8019749	1.479613
16872	-61.64313	-187.7441	126.101	1.309643	0.9653877	0.5859595
16878	-55.99226	-180.8969	124.9047	1.560524	1.944807	0.8897837
16884	-63.63155	-185.9067	122.2752	1.161356	7.827714	1.831969
16890	-59.1021	-183.0717	123.9696	1.90514	1.728968	1.52074
16896	-56.02742	-182.1256	126.0982	1.072026	0.4038725	1.589573
16902	-58.37908	-183.3645	124.9854	0.9428831	1.443903	1.628636
16908	-62.31831	-189.0444	126.7261	1.337831	0.1748841	1.335513
16914	-66.13078	-190.0842	123.9534	1.162436	1.904072	1.97558
16920	-66.71453	-192.3113	125.5967	1.805196	0.8044241	0.8845651
16926	-66.32093	-191.1188	124.7979	2.571626	0.999114	0.6073763
16932	-77.79036	-201.3647	123.5743	2.341177	3.5492	0.5571621
16938	-74.11721	-199.2285	125.1113	1.957035	0.9151807	1.096912
16944	-82.17759	-205.1147	122.9371	1.213555	4.136682	1.9683
16950	-87.27617	-211.2193	123.9432	0.7344194	0.4021378	3.185066
16956	-73.23651	-195.4768	122.2403	1.356195	5.843157	2.015901
16962	-74.68568	-200.3019	125.6162	1.472468	0.7663049	1.228055
16968	-69.70426	-195.2614	125.5571	1.1653	0.7663049	1.516717
16974	-77.45846	-200.2577	122.7993	1.462492	9.137726	0.9959896
16980	-72.93777	-197.8039	124.8662	1.524897	0.8513759	1.685255
16986	-62.44029	-185.6653	123.225	1.633467	5.302957	1.191147
16992	-68.98189	-193.1693	124.1874	1.846826	1.367397	1.594641
16998	-62.90712	-188.6237	125.7166	1.814815	0.6485392	0.9593514
17004	-55.97313	-181.8757	125.9026	1.888416	0.4174234	1.06707
17010	-58.05453	-183.0857	125.0312	1.865697	1.060379	1.119443
17016	-57.97507	-184.9669	126.9918	2.0658	0.07586985	0.725525
17022	-58.79574	-182.4943	123.6986	2.235765	3.471413	0.5959356
17028	-59.68493	-184.7442	125.0592	1.907495	1.081784	1.035287
17034	-68.59661	-194.7539	126.1573	2.138312	0.2418868	0.9527005
17040	-74.40147	-200.8197	126.4182	2.009505	0.2418868	0.7981455
17046	-63.46686	-189.8987	126.4318	2.117085	0.207301	0.7639867
17052	-57.67663	-181.4507	123.774	1.302387	2.825964	1.673319
17058	-63.23115	-188.5105	125.2794	1.917821	1.14488	0.6829289
17064	-63.0356	-188.0171	124.9815	1.359567	0.4597038	2.08987
17070	-61.62262	-186.9772	125.3545	1.652245	0.3920971	1.722973
17076	-69.62458	-194.9856	125.3611	1.230463	0.5742075	1.796229
17082	-66.03077	-191.1559	125.1251	1.117582	0.7124268	1.903959
17088	-63.69831	-189.0847	125.3864	0.8563035	0.7124268	1.903959
17094	-66.19929	-189.5438	123.3445	1.502045	2.227798	2.031479
17100	-72.48982	-197.6633	125.1735	0.9490749	0.5789633	2.106906
17106	-71.16399	-195.2019	124.0379	1.333975	1.495561	1.987004
17112	-68.71609	-193.7112	124.9952	1.597723	1.01287	1.409928
17118	-77.89362	-203.0078	125.1142	1.217214	1.01287	1.605669
17124	-66.41438	-192.4404	126.026	1.621054	0.6445841	0.8345559
17130	-61.24858	-186.7485	125.4999	1.829371	0.6385694	1.163933
17136	-69.51488	-193.492	123.9772	1.764593	3.891254	0.689408
17142	-58.98655	-184.2865	125.2999	2.438411	0.5346295	0.9171879
17148	-56.01721	-180.9751	124.9579	2.455857	0.7951595	0.8834982
17154	-57.03985	-181.1092	124.0693	2.267984	2.336019	0.7769195
17160	-61.32662	-183.8507	122.5241	1.701871	6.057706	1.540636
17166	-69.1283	-193.0313	123.903	2.512787	1.578923	1.170331
17172	-84.14802	-209.7066	125.5585	2.094256	0.5955921	0.9094696
17178	-79.21793	-203.6681	124.4501	2.026545	1.896967	0.9094696
17184	-86.73371	-207.9747	121.241	2.120426	15.60178	1.029264
17190	-75.52768	-201.9587	126.431	1.71738	0.2877488	0.9852383
17196	-78.41819	-204.1323	125.7141	2.051389	0.1412262	1.646946
17202	-79.67606	-203.9622	124.2861	2.146942	2.320693	0.6212104
17208	-81.82362	-205.3864	123.5627	1.881298	2.471668	1.527008
17214	-75.5783	-201.1344	125.5561	1.206854	0.3802334	1.907431
17220	-75.76266	-199.6569	123.8942	1.517467	0.8458191	2.342805
17226	-71.44823	-195.7735	124.3253	2.289277	1.379869	1.125277
17232	-67.35534	-190.9518	123.5965	1.896512	3.13024	1.25689
17238	-64.05024	-187.731	123.6807	2.265456	3.304274	0.7092081
17244	-82.7398	-208.7343	125.9945	1.869538	0.1244173	1.621133
17250	-76.89646	-200.9692	124.0727	1.973358	1.664407	1.423624
17256	-74.95138	-196.2118	121.2604	3.389726	7.44727	0.2341561
17262	-78.60328	-202.1202	123.5169	3.587152	1.059109	0.2341561
17268	-79.36325	-201.6186	122.2554	3.708549	3.001052	0.2594262
17274	-77.33629	-201.9241	124.5878	2.638684	1.168768	0.4601885
17280	-75.87391	-201.7561	125.8822	2.602352	0.2683853	0.4601885
17286	-79.20631	-204.9131	125.7068	2.10329	0.63591	0.5560798
17292	-78.59213	-202.6438	124.0517	3.165041	1.156256	0.3976725
17298	-79.00857	-204.3039	125.2953	2.632945	0.5461899	0.605821
17304	-79.57019	-200.1504	120.5802	2.636266	20.49504	0.5816701
17310	-76.15603	-201.9962	125.8402	2.590723	0.2917254	0.509894
17316	-80.01309	-205.3313	125.3182	2.877871	0.3869096	0.6317141
17322	-82.66676	-208.4714	125.8047	2.195027	0.5077312	0.5723136
17328	-85.08601	-210.95	125.864	2.131499	0.5077312	0.5874517
17334	-82.38985	-207.1947	124.8049	2.617326	0.8830631	0.7417515
17340	-85.31677	-211.4603	126.1435	2.378334	0.1875388	0.8751964
17346	-85.33379	-210.6945	125.3607	2.256338	0.4552847	1.162486
17352	-68.07282	-192.3716	124.2988	1.61223	1.208853	1.775406
17358	-69.20171	-194.4188	125.2171	1.384756	0.5874126	1.775406
17364	-74.61509	-201.3927	126.7776	1.852303	0.1789363	0.7718515
17370	-74.35651	-198.8702	124.5137	1.852162	1.337914	1.361551
17376	-85.67279	-209.3198	123.647	2.204918	2.198001	1.322089
17382	-75.22093	-202.093	126.8721	1.772507	0.06601906	1.212124
17388	-75.45372	-200.9428	125.4891	2.006532	0.6834191	0.9474649
17394	-72.90821	-198.1036	125.1954	1.948955	0.6834191	1.269338
17400	-68.44199	-192.2209	123.779	2.06979	1.889594	1.463575
17406	-61.7769	-185.6539	123.877	2.121264	1.889594	1.347533
17412	-58.76723	-183.8856	125.1184	2.042417	1.013645	0.9025222
17418	-67.94648	-192.7359	124.7894	2.042417	1.013645	1.216157
17424	-64.75697	-188.2817	123.5247	2.129766	3.251054	1.07233
17430	-63.71834	-188.9962	125.2778	2.161527	0.4289413	1.349694
17436	-62.11941	-187.5462	125.4268	2.398738	0.5349812	0.8131084
17442	-63.49263	-189.2691	125.7765	2.251238	0.3795396	0.9004787
17448	-66.7968	-192.1929	125.3961	1.83961	0.3381266	1.638787
17454	-64.13177	-188.4098	124.278	1.714195	2.210338	1.200294
17460	-66.24768	-190.456	124.2083	1.952582	2.798666	0.7050861
17466	-61.66797	-184.9365	123.2685	1.591885	5.529469	1.137284
17472	-59.46054	-185.2133	125.7527	1.777116	0.7060246	0.8768601
17478	-72.12919	-196.4497	124.3205	2.338531	1.377053	1.086684
17484	-92.29992	-217.2301	124.9302	1.926181	0.4960472	1.697117
17490	-81.7145	-206.9599	125.2454	1.444853	1.779228	0.7289341
17496	-76.86026	-200.8488	123.9885	1.847395	3.29191	0.8675664
17502	-81.99999	-207.4066	125.4066	1.747761	0.3227514	1.720688
17508	-69.07912	-193.352	124.2729	1.80641	0.8667426	1.88983
17514	-69.10886	-194.5249	125.4161	2.015538	0.415815	1.375088
17520	-81.6712	-206.2758	124.6046	1.786477	0.3957263	2.134344
17526	-81.00566	-204.7178	123.7121	2.300861	2.528974	1.033073
17532	-80.05088	-204.0819	124.031	1.877819	2.528974	1.129992
17538	-77.18088	-197.636	120.4552	2.020882	29.55486	0.7480399
17544	-76.13682	-199.6386	123.5018	2.082674	4.438959	0.6470443
17550	-74.34246	-198.0414	123.6989	2.036335	3.97279	0.6470443
17556	-78.95225	-201.9174	122.9652	1.435168	5.661326	1.483262
17562	-84.26529	-209.4968	125.2316	1.749392	0.1163705	2.240106
17568	-86.55855	-208.1006	121.5421	1.967281	4.879109	2.240106
17574	-79.74287	-201.9104	122.1675	1.408894	2.883193	2.638355
17580	-79.67695	-203.2241	123.5471	1.089505	1.14624	2.638355
17586	-75.03406	-196.6059	121.5719	1.588827	10.31382	1.726677
17592	-70.38288	-195.3688	124.9859	1.381219	1.393444	1.32558
17598	-77.53554	-201.6947	124.1592	2.109879	1.393444	1.403013
17604	-66.73353	-192.5194	125.7859	2.053254	0.4318672	0.9943507
17610	-68.87684	-195.2101	126.3333	1.54477	0.2339496	1.344381
17616	-73.53683	-198.3782	124.8414	1.84095	1.681598	0.8297754
17622	-73.45246	-200.5195	127.067	2.104238	0.0442316	0.7870758
17628	-74.76053	-200.482	125.7215	2.497754	0.3859906	0.438374
17634	-77.3663	-203.1053	125.739	2.436941	0.3859906	0.6782808
17640	-70.63601	-197.0213	126.3853	2.342299	0.1666949	0.6782808
17646	-72.70478	-198.3488	125.644	2.298655	0.4339948	0.8789512
17652	-77.20496	-199.2515	122.0466	2.361268	10.09052	0.5277796
17658	-75.96891	-199.7257	123.7568	1.689045	4.079326	0.9829816
17664	-78.45364	-202.7179	124.2643	1.602607	1.229991	1.793429
17670	-73.74372	-200.5298	126.7861	1.770645	0.1318085	1.037687
17676	-71.77129	-197.1936	125.4224	2.146452	0.6837746	0.8652799
17682	-86.04568	-208.1817	122.136	1.651928	3.256902	2.40914
17688	-79.70107	-205.1035	125.4024	2.256377	0.7494703	0.566159
17694	-76.93311	-200.7303	123.7972	1.760603	3.604327	1.035983
17700	-75.25435	-199.7808	124.5265	1.914793	1.758229	1.035983
17706	-70.69955	-195.7158	125.0162	1.018538	1.530397	1.503387
17712	-72.09669	-198.2781	126.1814	1.917622	0.3963221	0.7700835
17718	-68.03899	-194.0804	126.0414	2.02931	0.3963221	0.8087458
17724	-57.19399	-182.8583	125.6643	2.275608	0.4346962	0.8806767
17730	-63.08431	-188.9033	125.819	2.172202	0.323836	1.057763
17736	-65.6393	-190.2845	124.6452	1.738776	1.114246	1.495406
17742	-68.34467	-192.6921	124.3474	1.636827	1.114246	1.783269
17748	-76.53859	-201.5559	125.0173	2.358832	0.9676963	0.6662394
17754	-78.75977	-203.8348	125.075	2.313656	0.9676963	0.6393885
17760	-69.67424	-194.387	124.7127	2.69803	0.9676963	0.5770718
17766	-68.12718	-193.1673	125.0401	2.925218	0.4948985	0.3405959
17772	-58.75458	-183.7061	124.9515	3.01378	0.4948985	0.3405959
17778	-72.93313	-196.1538	123.2206	3.284281	2.114392	0.3405959
17784	-69.43312	-192.5164	123.0833	2.633377	3.84571	0.3096659
17790	-71.87137	-196.0613	124.1899	4.058717	0.1664223	0.1442711
17796	-71.16659	-193.86	122.6934	3.714949	1.994231	0.2325048
17802	-70.63059	-194.2346	123.604	3.406167	1.200956	0.2508781
17808	-77.0484	-197.8957	120.8473	2.82787	15.66577	0.5945189
17814	-65.28053	-190.1369	124.8564	2.394894	1.137094	0.5618278
17820	-70.0848	-196.8919	126.8071	1.699099	0.1054684	1.178475
17826	-74.60644	-194.3556	119.7492	1.911528	23.52833	1.802826
17832	-64.01833	-187.7479	123.7296	1.814311	4.143782	0.8516776
17838	-64.08645	-187.6882	123.6018	1.760509	5.143163	0.6820995
17844	-66.86419	-192.3428	125.4786	2.205717	0.5633675	0.9275513
17850	-69.74421	-193.5112	123.767	2.214485	3.135594	0.7599686
17856	-72.16453	-193.5795	121.4149	1.587537	16.79399	1.239034
17862	-64.66851	-189.1416	124.4731	2.299381	1.666243	0.7165326
17868	-58.71093	-183.4961	124.7852	2.112607	1.340216	0.8716303
17874	-67.32962	-192.7989	125.4693	1.833523	0.7338715	1.074061
17880	-62.21178	-188.4656	126.2538	2.238232	0.2589628	0.6058714
17886	-60.15336	-186.511	126.3577	1.848925	0.384236	0.6187629
17892	-58.13696	-182.1381	124.0012	1.821782	3.243063	0.9046695
17898	-68.28884	-192.8366	124.5477	1.706466	2.182743	0.9706001
17904	-75.86195	-202.934	127.072	1.169818	0.1365633	1.29838
17910	-74.22006	-199.4225	125.2024	1.750148	0.851877	1.258072
17916	-81.33402	-206.439	125.1049	1.984874	0.851877	1.140274
17922	-75.61589	-201.4637	125.8478	1.59697	0.851877	0.759877
17928	-71.96805	-196.0554	124.0874	2.142674	2.770251	0.5743313
17934	-69.96281	-195.4093	125.4465	1.390648	0.7465456	1.448528
17940	-70.04089	-195.9528	125.9119	2.220415	0.3721388	0.7904408
17946	-71.87573	-196.5385	124.6627	2.22989	1.51322	0.694699
17952	-64.78075	-189.6472	124.8665	1.507671	1.378116	1.329565
17958	-70.29877	-194.3785	124.0798	1.739977	2.11474	1.384157
17964	-72.53122	-194.9036	122.3724	1.437263	6.56846	1.754758
17970	-63.17462	-188.9299	125.7553	0.6164365	0.2818577	2.305784
17976	-66.78253	-193.5591	126.7766	0.8453697	0.3710814	1.292605
17982	-59.87108	-184.2237	124.3527	1.363566	2.612515	1.261074
17988	-57.04355	-181.1994	124.1558	1.251861	1.717284	1.858373
17994	-64.50389	-190.345	125.8411	1.547172	0.8336108	0.8608474
18000	-64.19791	-188.516	124.3181	1.327217	2.120108	1.515063
18006	-63.45937	-188.2579	124.7986	1.100977	0.5789615	2.251644
18012	-71.51038	-194.1785	122.6681	1.721848	8.449209	0.9886197
18018	-79.42543	-204.1082	124.6828	1.488379	2.612934	0.8156208
18024	-76.45726	-201.3605	124.9032	2.003294	1.546885	0.6131436
18030	-79.72363	-206.3858	126.6622	1.724654	0.3099086	0.5319173
18036	-79.06654	-204.4469	125.3804	2.096407	0.5146979	1.197032
18042	-90.59287	-213.0971	122.5042	1.139802	2.341129	2.755209
18048	-90.94012	-214.3546	123.4145	1.223578	6.003285	1.227547
18054	-75.49399	-199.5097	124.0157	1.434046	4.356652	0.8822978
18060	-72.22116	-195.0187	122.7975	1.968031	7.725125	0.6871265
18066	-76.3462	-200.773	124.4268	1.71504	1.464056	1.459434
18072	-61.6221	-187.9442	126.3221	1.805056	0.1296183	1.40983
18078	-72.48459	-196.9402	124.4556	1.723701	0.8265175	1.852679
18084	-76.06291	-202.387	126.3241	1.598024	0.08429392	1.699443
18090	-67.9456	-194.2671	126.3215	1.588718	0.2845008	1.211593
18096	-69.01528	-193.1706	124.1553	1.738951	3.567023	0.608844
18102	-85.99593	-211.8018	125.8059	1.9059	0.2221581	1.497857
18108	-82.14965	-208.0748	125.9252	1.968296	0.318474	1.157829
18114	-68.7051	-193.2368	124.5317	2.399946	1.542927	0.4996041
18120	-72.09942	-194.4519	122.3525	3.018418	4.88855	0.2959685
18126	-69.27977	-191.8134	122.5336	2.923117	4.88855	0.3865742
18132	-69.52679	-193.7004	124.1736	2.632651	1.687936	0.6199412
18138	-71.68875	-194.8212	123.1325	2.822423	3.435893	0.4350137
18144	-71.03128	-194.2567	123.2254	2.390789	3.551844	0.9975422
18150	-76.73156	-200.0879	123.3564	2.348922	3.401439	0.9645305
18156	-74.2421	-198.2518	124.0097	2.478384	2.091454	0.7504913
18162	-72.93906	-198.5882	125.6491	2.239766	0.5688203	0.6186891
18168	-71.79816	-193.759	121.9608	1.816878	11.045	1.168385
18174	-66.18262	-191.5216	125.339	2.051129	0.7740229	0.9378388
18180	-68.58306	-191.6466	123.0636	2.279622	4.814448	0.8450431
18186	-75.01776	-197.169	122.1513	2.190975	9.6707	0.8051938
18192	-72.67431	-196.431	123.7566	3.260472	1.384979	0.3826494
18198	-68.88666	-192.9702	124.0836	2.515947	1.961461	0.6917991
18204	-67.86542	-191.8407	123.9753	2.515947	1.961461	0.8473333
18210	-87.37663	-209.5541	122.1774	1.54718	5.797274	1.937729
18216	-76.0587	-199.5601	123.5014	1.54718	2.952214	1.65368
18222	-73.45346	-198.8475	125.394	2.231962	0.630514	0.8832704
18228	-79.91139	-205.4335	125.5221	2.344997	0.4746261	0.8832704
18234	-76.68614	-201.4632	124.7771	2.609337	0.876425	0.8029095
18240	-72.53707	-198.5099	125.9728	2.249309	0.2339001	1.047799
18246	-74.5737	-197.1487	122.575	2.668387	5.799029	0.4720975
18252	-73.70644	-197.7977	124.0912	2.746172	1.678205	0.5108353
18258	-71.42877	-195.7485	124.3197	3.0008	1.057941	0.4276643
18264	-73.22044	-196.5476	123.3271	3.53842	1.620467	0.4279987
18270	-64.78086	-189.6711	124.8903	3.337508	0.3655612	0.3704098
18276	-70.37621	-195.0274	124.6512	3.014011	0.7496212	0.4734511
18282	-71.55618	-197.4451	125.8889	2.610894	0.2635112	0.5138947
18288	-65.5657	-190.7431	125.1774	2.916	0.4578361	0.5138947
18294	-71.93829	-194.5096	122.5713	2.969855	4.595883	0.3843144
18300	-65.45685	-191.8804	126.4236	2.37212	0.1220587	0.817599
18306	-70.28611	-194.108	123.8219	2.059173	3.61789	0.5923395
18312	-62.00025	-185.7627	123.7624	2.174431	2.75988	1.001111
18318	-60.32051	-184.2993	123.9788	2.156939	2.576552	0.8800409
18324	-57.91567	-182.1598	124.2441	2.577945	1.692968	0.555005
18330	-65.2414	-187.2096	121.9682	3.04202	6.482425	0.3326271
18336	-54.40836	-177.7809	123.3726	2.584388	3.267014	0.3326271
18342	-54.59834	-178.7314	124.1331	2.83341	1.480679	0.430646
18348	-63.45703	-187.1012	123.6441	2.229859	3.375866	0.7770186
18354	-62.67773	-189.1958	126.518	2.229859	0.1458022	0.7625031
18360	-68.12414	-191.6459	123.5218	2.704173	2.414497	0.2545112
18366	-66.61656	-190.0716	123.4551	2.756243	1.976086	0.1650561
18372	-60.2748	-183.7203	123.4455	2.895358	2.497014	0.390493
18378	-63.38005	-185.6565	122.2764	1.971528	8.136219	1.17473
18384	-66.24094	-190.4702	124.2293	2.207287	1.87523	0.9666877
18390	-72.74805	-196.8144	124.0663	2.207287	2.154404	0.9666877
18396	-67.08773	-191.4171	124.3294	1.598209	1.871501	1.411641
18402	-64.39429	-187.1235	122.7292	2.100144	4.664905	1.362867
18408	-65.79578	-188.911	123.1152	2.179284	4.664905	0.9496559
18414	-79.29169	-199.0818	119.7901	2.733223	27.44923	0.8648489
18420	-71.97107	-195.855	123.8839	2.91447	1.688697	0.3836738
18426	-61.35568	-185.2396	123.8839	2.91447	1.688697	0.3836738
18432	-65.8958	-187.0496	121.1538	3.26526	8.626756	0.2308878
18438	-64.81014	-186.438	121.6279	3.009899	8.626756	0.4163644
18444	-75.63028	-200.6097	124.9794	2.819622	0.603138	0.6998979
18450	-72.65961	-196.512	123.8524	2.414817	2.576007	0.6998979
18456	-80.85514	-205.6265	124.7714	1.749423	1.769186	0.9486087
18462	-75.47639	-197.9863	122.5099	2.686409	5.963417	0.5674862
18468	-77.09208	-199.7293	122.6372	3.043515	4.222358	0.5674862
18474	-80.11806	-206.02	125.9019	2.437685	0.2011875	1.024188
18480	-73.26111	-197.2652	124.0041	2.892249	1.59266	0.4979154
18486	-71.74051	-196.1685	124.428	1.714428	1.59266	1.387164
18492	-77.48831	-201.6764	124.1881	2.446985	1.998321	0.4725022
18498	-83.16258	-206.7113	123.5487	2.544356	2.799857	0.8049647
18504	-76.54508	-200.3945	123.8495	2.154364	2.326097	1.136369
18510	-67.99871	-194.0676	126.0689	1.531247	0.5778723	0.99264
18516	-59.93396	-184.5171	124.5832	1.992546	1.623021	0.99264
18522	-60.35217	-186.0073	125.6552	2.302213	0.3817408	0.971287
18528	-64.21148	-189.4918	125.2803	2.272996	0.7053142	0.8500705
18534	-69.15977	-193.3354	124.1756	2.73246	1.454521	0.3179757
18540	-66.06353	-190.7792	124.7157	2.742478	0.8511975	0.3179757
18546	-81.75092	-207.0192	125.2683	2.845109	0.1564048	1.34504
18552	-70.87074	-195.7548	124.884	1.504118	1.413707	1.295948
18558	-69.54164	-191.339	121.7974	1.941658	9.040347	1.455277
18564	-68.27979	-194.0864	125.8066	1.58909	0.3955097	1.433103
18570	-76.54163	-201.2074	124.6658	1.677014	1.617217	1.210191
18576	-79.75242	-202.423	122.6706	2.152475	5.311632	1.219424
18582	-81.59152	-204.8871	123.2956	1.250885	0.3905373	3.275937
18588	-75.48195	-199.231	123.7491	1.741262	2.246408	1.578431
18594	-78.85161	-201.8719	123.0203	1.813477	4.403703	1.421332
18600	-73.17161	-196.6341	123.4625	1.796342	3.199508	1.421332
18606	-66.26088	-190.2022	123.9413	1.373806	3.199508	1.37759
18612	-72.70825	-196.9219	124.2137	1.722803	3.118847	0.8300273
18618	-75.70713	-200.4016	124.6945	2.267258	1.336455	0.7953957
18624	-71.97893	-198.1679	126.189	2.066756	0.3648713	0.5892852
18630	-72.10712	-198.5199	126.4128	2.371821	0.1647383	0.4768644
18636	-82.07569	-204.811	122.7354	2.271585	6.6729	0.6408866
18642	-79.06254	-204.282	125.2195	2.624883	0.5880927	0.6553774
18648	-78.94835	-205.3354	126.3871	1.497864	0.2849337	1.232124
18654	-77.72515	-205.0903	127.3651	1.815375	0.02777581	0.8706398
18660	-74.31359	-200.5488	126.2352	2.414733	0.182885	0.7227438
18666	-78.22894	-205.6967	127.4678	1.472577	0.07229377	0.9007276
18672	-81.67013	-206.8316	125.1615	2.59215	0.6748947	0.5705027
18678	-83.02628	-205.3773	122.351	2.595307	6.674771	0.7487796
18684	-72.85523	-197.8196	124.9644	3.050693	0.5012595	0.4525624
18690	-75.69511	-199.995	124.2999	3.287717	0.7956917	0.6157089
18696	-74.91203	-200.1995	125.2875	3.124242	0.272069	0.3385568
18702	-70.741	-194.7659	124.0249	3.124242	1.129164	0.2958706
18708	-67.68403	-193.6926	126.0085	3.247405	0.01273969	0.2958706
18714	-66.13564	-191.07	124.9344	3.129666	0.419559	0.3091572
18720	-78.1846	-202.9352	124.7506	1.47172	0.6375151	1.985092
18726	-78.14077	-204.048	125.9072	1.521774	0.1019799	1.985092
18732	-77.18009	-200.5579	123.3778	2.929325	2.594557	0.4190745
18738	-72.61363	-195.3744	122.7608	2.929735	4.172587	0.4190745
18744	-68.75869	-192.6697	123.911	1.751902	2.17854	1.477485
18750	-81.244	-207.8673	126.6233	2.602343	0.02393524	0.831388
18756	-77.57056	-203.7925	126.2219	2.742696	0.1122792	0.5859089
18762	-71.10399	-197.4424	126.3384	1.630738	0.3407988	1.043516
18768	-83.44858	-204.9943	121.5457	1.454938	19.34307	1.021818
18774	-68.65131	-192.5501	123.8988	1.040032	3.386413	1.605407
18780	-71.9767	-194.5241	122.5474	1.62123	5.197071	1.739777
18786	-85.46238	-208.9376	123.4752	1.96091	1.452823	1.965276
18792	-73.41674	-197.2073	123.7905	1.71852	2.821049	1.351187
18798	-81.04909	-201.3989	120.3498	1.02231	4.603615	3.584062
18804	-81.52606	-205.3458	123.8197	1.64357	3.169652	1.268146
18810	-80.76294	-206.9835	126.2205	2.177458	0.3054235	0.5235031
18816	-77.56261	-201.8222	124.2596	2.406583	1.881778	0.6561433
18822	-80.12732	-203.1856	123.0582	2.192295	5.486181	0.7175866
18828	-78.08359	-202.9911	124.9075	1.598044	1.713345	1.001763
18834	-79.03366	-202.8586	123.8249	0.9523539	2.193317	2.089589
18840	-76.81796	-201.2593	124.4414	2.348471	1.539716	0.818491
18846	-73.07674	-198.6324	125.5557	1.981005	0.2884202	1.50067
18852	-74.70426	-200.2183	125.514	2.486417	0.421228	0.8379893
18858	-75.85714	-201.2507	125.3936	1.782201	0.5135119	1.44138
18864	-72.55232	-198.1476	125.5953	2.357081	0.3088413	1.12482
18870	-74.13454	-199.2705	125.1359	1.959978	0.8618461	1.12482
18876	-73.21607	-199.4028	126.1867	2.089713	0.2541029	0.9390194
18882	-76.81941	-203.4679	126.6485	1.733121	0.09972868	1.303053
18888	-70.62074	-196.4724	125.8516	2.009353	0.5128837	0.8129361
18894	-79.5605	-204.6885	125.128	2.003297	0.9531195	0.9984577
18900	-77.99614	-202.9665	124.9703	2.236269	0.9478492	0.9256815
18906	-70.67666	-195.5214	124.8447	1.889879	1.451468	0.9564938
18912	-75.11121	-201.33	126.2188	1.374486	0.2751553	1.482288
18918	-78.92634	-203.1263	124.2	1.042411	2.800924	1.561302
18924	-75.58335	-199.7085	124.1251	1.497727	1.791046	1.674791
18930	-63.0603	-189.3976	126.3373	1.978308	0.2923411	0.7781281
18936	-66.76138	-191.7896	125.0282	1.716945	1.337633	1.034766
18942	-72.70634	-197.2428	124.5365	1.634518	2.485068	0.8906775
18948	-74.69616	-199.0834	124.3872	2.091944	1.691442	1.041856
18954	-80.05525	-202.3465	122.2913	2.62973	7.16401	0.5887499
18960	-69.20008	-194.3746	125.1745	1.673156	0.2753482	2.006181
18966	-73.17638	-197.1051	123.9287	1.499884	1.699529	1.85212
18972	-63.04991	-187.8646	124.8147	1.941996	1.694759	0.7108444
18978	-68.47208	-194.1948	125.7227	1.90308	0.4207	1.209085
18984	-64.73576	-190.3674	125.6317	1.583437	0.8641074	1.010252
18990	-74.36654	-197.1129	122.7464	1.431837	4.783946	1.813857
18996	-65.84271	-190.2969	124.4542	1.581496	1.014141	1.813857
19002	-69.1119	-193.0107	123.8988	1.629812	4.58536	0.6702113
19008	-70.49206	-193.6407	123.1487	1.660488	4.028916	1.531398
19014	-63.67954	-188.716	125.0365	1.359952	1.342603	1.334254
19020	-65.87587	-191.9025	126.0266	2.038234	0.3135285	1.008803
19026	-61.06663	-187.0238	125.9572	2.107648	0.3135285	1.008803
19032	-57.4452	-183.5949	126.1497	2.148016	0.2003789	1.066705
19038	-60.10385	-186.699	126.5952	1.295386	0.1190129	1.617139
19044	-72.48243	-196.4869	124.0045	1.060094	1.966042	1.98494
19050	-72.84586	-198.3088	125.463	1.413064	0.266338	2.002197
19056	-77.76678	-201.9058	124.1391	1.585495	0.6180072	2.327215
19062	-68.14001	-192.3605	124.2205	0.7745131	0.9805186	2.514301
19068	-66.19458	-189.6436	123.449	0.7561817	1.532306	2.712603
19074	-68.6255	-193.0705	124.445	1.24434	2.175708	1.458649
19080	-65.4552	-190.2527	124.7975	1.164249	1.315373	1.676821
19086	-60.51126	-186.2013	125.69	0.8853657	0.5595435	1.822732
19092	-55.45011	-179.8172	124.3671	1.118886	1.063104	2.149873
19098	-65.00202	-189.7974	124.7954	1.143171	0.6622268	2.149873
19104	-71.28676	-195.9839	124.6971	2.319402	0.9797643	1.082621
19110	-67.12172	-192.5876	125.4659	2.072178	0.6637861	0.9302205
19116	-62.1721	-187.5861	125.414	2.232068	0.6637861	0.8021823
19122	-66.80617	-192.2235	125.4173	1.869174	0.583129	1.267922
19128	-63.2247	-188.63	125.4053	2.273192	0.632507	0.8160322
19134	-60.55427	-186.1921	125.6378	1.701924	0.632507	1.162209
19140	-66.18017	-190.3498	124.1696	1.694789	2.328085	1.255346
19146	-63.11988	-187.1734	124.0535	2.294361	2.445558	0.668893
19152	-64.88787	-188.824	123.9361	2.434436	2.445558	0.6178061
19158	-65.9198	-189.5014	123.5816	2.669449	2.693975	0.6178061
19164	-66.337	-189.7629	123.4259	2.719657	2.693975	0.7993841
19170	-64.32826	-187.7654	123.4371	2.82224	2.70165	0.582062
19176	-69.5642	-194.3865	124.8223	2.076963	1.533106	0.653948
19182	-59.12097	-183.7981	124.6771	2.477982	0.824956	1.109149
19188	-59.49233	-184.8436	125.3512	1.805708	1.091793	0.8172186
19194	-67.65262	-187.3788	119.7262	2.119438	42.78475	0.6162436
19200	-64.41828	-188.4594	124.0411	2.052526	3.069429	0.4144814
19206	-67.32605	-189.2505	121.9245	2.169658	11.46082	0.7756594
19212	-64.76128	-190.9099	126.1486	2.130777	0.2838533	0.8514272
19218	-67.27799	-194.2934	127.0155	2.130777	0.06729376	0.6349129
19224	-66.77107	-193.7557	126.9847	2.033761	0.07570142	0.7847346
19230	-58.90251	-183.8661	124.9635	2.052032	0.993478	1.07058
19236	-64.13302	-189.3839	125.2509	1.334042	0.6514573	1.72352
19242	-64.58692	-189.3954	124.8085	2.953274	0.6689647	0.5696586
19248	-71.73443	-197.3586	125.6242	2.010942	0.7155661	0.7184523
19254	-72.07126	-196.9014	124.8301	2.047574	1.610837	0.5568343
19260	-69.89725	-194.7712	124.8739	2.544808	0.8935951	0.3247558
19266	-75.31125	-198.6467	123.3355	2.544808	3.651137	0.545495
19272	-63.96308	-188.5779	124.6148	2.631759	0.7794062	0.1794168
19278	-63.92922	-188.611	124.6818	2.779299	0.615433	0.1794168
19284	-59.4217	-185.3241	125.9024	2.518925	0.1721765	0.1923672
19290	-64.70974	-189.7278	125.018	2.286918	0.7730454	1.02587
19296	-64.62233	-189.5144	124.892	2.053681	1.174762	0.9715585
19302	-64.69207	-191.8213	127.1292	1.494512	0.1337094	0.9636336
19308	-65.91697	-192.094	126.177	1.967476	0.2550558	1.068221
19314	-67.11028	-191.5868	124.4766	2.480038	1.394872	0.7363721
19320	-67.24809	-190.9595	123.7114	1.92931	3.783647	0.8816524
19326	-64.84323	-190.1864	125.3432	2.011566	0.5546957	1.246901
19332	-63.53955	-188.8214	125.2819	1.633135	0.5546957	1.587543
19338	-60.75174	-186.7782	126.0265	1.18332	0.2601716	1.785991
19344	-64.96386	-188.9406	123.9768	2.213825	1.15279	1.612131
19350	-73.10702	-197.7121	124.6051	1.735509	1.706915	1.159475
19356	-63.10292	-189.1442	126.0413	1.446214	0.4557023	1.271847
19362	-63.82725	-187.8887	124.0615	2.46553	1.85911	0.878824
19368	-56.16058	-182.6474	126.4868	1.596418	0.1743966	1.321262
19374	-62.92319	-188.8741	125.9509	2.431374	0.2579845	0.8026925
19380	-60.57882	-188.0146	127.4358	1.567178	0.07701844	0.7973583
19386	-59.56769	-183.7409	124.1732	1.624722	2.741602	1.139478
19392	-62.98821	-186.3431	123.3549	2.339235	3.630779	0.8831322
19398	-57.30536	-183.0033	125.6979	1.988705	0.4842484	1.053397
19404	-56.41811	-179.3831	122.965	1.305248	6.028392	1.512969
19410	-56.29705	-181.835	125.538	1.501422	0.4590814	1.611163
19416	-56.8429	-179.6394	122.7965	1.304655	3.016174	2.272759
19422	-66.61226	-191.8824	125.2701	1.657723	0.9029598	1.231642
19428	-60.81178	-186.5553	125.7435	1.665452	0.8863725	0.7561412
19434	-61.55961	-184.8173	123.2577	2.453107	4.120464	0.4279816
19440	-65.70858	-191.999	126.2904	2.009898	0.2294933	0.9825927
19446	-67.98079	-193.3571	125.3764	2.318994	0.5620622	0.9177195
19452	-84.09015	-205.8244	121.7343	1.635081	15.47643	1.034744
19458	-79.18902	-202.7659	123.5769	1.688492	3.892579	1.207657
19464	-74.26584	-197.2403	122.9745	1.759891	6.887332	0.9512368
19470	-70.62931	-195.8524	125.2231	1.784484	0.7374596	1.324028
19476	-64.21644	-188.3522	124.1357	1.480465	2.661003	1.324028
19482	-74.557	-196.2274	121.6704	1.555839	6.399507	2.172329
19488	-79.05873	-202.7732	123.7145	1.512218	2.230989	1.772325
19494	-77.09184	-198.2963	121.2044	1.634954	9.967675	1.983663
19500	-69.2526	-194.9223	125.6697	1.959495	0.7694889	0.5855185
19506	-71.27599	-195.3294	124.0534	2.339048	0.6276074	1.879698
19512	-69.82045	-194.6603	124.8398	1.420423	0.8647467	1.766815
19518	-75.00537	-198.2739	123.2685	1.715725	5.417335	1.05012
19524	-70.99283	-194.7579	123.765	2.053047	3.524933	0.7760562
19530	-70.72955	-197.5633	126.8337	1.569847	0.2521584	0.7942418
19536	-72.3724	-196.7989	124.4265	1.457038	1.583649	1.58714
19542	-76.42244	-202.6199	126.1975	2.602751	0.1575737	0.5727186
19548	-76.03118	-201.2882	125.257	2.430878	0.6176792	0.8307256
19554	-74.85109	-199.8271	124.9761	2.668865	0.6435195	0.8390678
19560	-65.16287	-188.2777	123.1149	3.101846	2.674026	0.3379292
19566	-60.63245	-184.2281	123.5956	2.65399	2.674026	0.3795176
19572	-68.01963	-191.7991	123.7795	2.497746	2.674026	0.4426005
19578	-61.79797	-187.5229	125.725	2.325068	0.4271882	0.7565357
19584	-71.47598	-194.9174	123.4414	2.399209	3.459793	0.7787806
19590	-88.95556	-210.1277	121.1722	2.195373	16.91583	0.8782776
19596	-78.37257	-204.1504	125.7778	2.5044	0.3538726	0.5761613
19602	-73.67557	-197.5867	123.9112	1.906465	2.016658	1.429316
19608	-81.58335	-207.3323	125.749	2.069567	0.3770458	1.113907
19614	-72.18338	-198.2216	126.0382	2.758896	0.1574739	0.5855027
19620	-71.89969	-197.1007	125.201	2.557411	0.463295	1.018811
19626	-80.87101	-203.4729	122.6019	1.927625	4.317352	1.666635
19632	-74.60186	-198.7504	124.1485	1.457914	2.906634	1.241141
19638	-79.26719	-201.2888	122.0216	1.274358	6.290048	2.14337
19644	-79.033	-203.1837	124.1507	1.441101	0.1893627	2.943918
19650	-76.38838	-201.2816	124.8932	1.585789	0.9425916	1.549951
19656	-77.90322	-204.2123	126.309	1.609685	0.1805583	1.434924
19662	-75.43055	-198.6896	123.2591	1.496054	3.166066	1.797322
19668	-82.29356	-205.2974	123.0039	1.865932	2.8941	1.797322
19674	-71.34062	-195.7964	124.4558	1.233881	0.5816808	2.382899
19680	-67.00926	-191.0055	123.9963	1.914339	3.171792	0.8352626
19686	-61.81818	-186.4464	124.6282	1.849856	1.071656	1.454334
19692	-62.05982	-188.0937	126.0339	1.65152	0.4731092	1.072492
19698	-62.91981	-187.1209	124.201	1.796202	1.402573	1.601556
19704	-66.12434	-190.222	124.0976	2.724479	1.402573	0.9021475
19710	-57.17923	-182.4328	125.2536	1.833778	0.9481439	1.04647
19716	-61.28152	-185.1903	123.9088	2.086532	2.536644	1.04647
19722	-62.03532	-184.0573	122.022	1.855905	9.672942	1.261802
19728	-70.16011	-194.3423	124.1822	2.805582	0.6055436	1.477317
19734	-60.02227	-183.1174	123.0951	2.913048	3.179253	0.3498748
19740	-62.16569	-186.9651	124.7994	2.721133	0.8742117	0.4845368
19746	-60.34006	-183.4922	123.1522	2.262391	3.906429	1.070353
19752	-80.11485	-198.3701	118.2552	2.12649	80.15887	0.9094675
19758	-75.95498	-200.695	124.74	2.257356	1.433875	0.5912323
19764	-78.82135	-203.4948	124.6735	2.295728	1.491256	0.5067856
19770	-78.16666	-203.6222	125.4555	2.240538	0.6732346	0.7091891
19776	-88.70717	-211.7709	123.0638	2.259923	3.810202	1.182147
19782	-76.35022	-198.4055	122.0553	2.887653	6.652634	0.3068045
19788	-65.09579	-188.8535	123.7577	1.866609	3.442401	1.0301
19794	-68.50183	-192.3196	123.8178	2.219676	2.760209	0.8943366
19800	-67.22864	-190.2428	123.0141	2.208906	5.597864	0.7154983
19806	-72.74071	-197.1327	124.392	2.337548	1.776716	0.6617523
19812	-77.97306	-200.8427	122.8697	2.011281	3.141592	1.716367
19818	-79.57544	-200.0253	120.4499	1.889774	22.92579	1.337107
19824	-75.66078	-199.4083	123.7476	1.78718	1.777309	1.743296
19830	-74.44338	-196.7401	122.2967	2.021252	9.344278	0.8995582
19836	-77.79908	-200.4808	122.6817	2.463465	6.165726	0.578176
19842	-63.86812	-188.8278	124.9597	2.252979	1.109374	0.7129209
19848	-65.50589	-191.2406	125.7347	3.065582	0.1310198	0.3047364
19854	-69.5908	-195.1289	125.5381	1.969136	0.5283883	1.151384
19860	-79.48053	-203.8601	124.3796	3.212396	0.808425	0.4571091
19866	-75.66007	-196.0932	120.4331	3.685127	10.48521	0.2326706
19872	-74.68796	-198.9702	124.2822	3.355661	0.6509523	0.269374
19878	-75.18512	-199.5	124.3149	3.329285	0.6509523	0.2731101
19884	-74.35637	-198.1745	123.8181	2.062078	2.608041	1.12149
19890	-78.55537	-201.6418	123.0865	2.836228	3.466838	0.3878311
19896	-77.85225	-204.2435	126.3912	2.17171	0.1400992	1.00161
19902	-80.13905	-204.859	124.7199	1.27067	1.27488	1.679986
19908	-77.77068	-201.6659	123.8952	1.565405	1.198782	2.085487
19914	-85.4345	-209.1998	123.7653	2.936343	1.84255	0.3883487
19920	-78.0044	-201.1604	123.156	2.548611	4.100613	0.6181582
19926	-77.15865	-200.9593	123.8007	1.664138	2.529174	1.490323
19932	-75.82296	-200.602	124.7791	2.03858	0.9274612	1.30106
19938	-77.43869	-200.5498	123.1111	1.999575	5.785357	0.8101279
19944	-63.41546	-188.0837	124.6682	1.914737	1.500232	1.070479
19950	-86.27207	-210.3	124.0279	2.528596	2.106328	0.6010324
19956	-83.3487	-207.7919	124.4432	2.393031	1.570462	0.7207573
19962	-79.43452	-203.9698	124.5353	2.260805	1.455744	0.885686
19968	-77.5387	-204.3532	126.8145	2.03348	0.1165206	0.776675
19974	-79.96805	-204.247	124.279	1.205347	0.54243	2.549193
19980	-89.65699	-212.6168	122.9598	1.074853	3.253483	2.252964
19986	-84.51392	-207.7967	123.2828	1.215662	1.235215	2.675425
19992	-82.47617	-207.7608	125.2846	1.616793	0.3923709	1.796226
19998	-79.63747	-204.906	125.2685	2.371662	0.3638767	1.289717
20004	-77.36434	-203.3326	125.9682	2.113401	0.3638767	0.8750218
20010	-79.59973	-204.445	124.8453	2.153982	1.21468	0.8750218
20016	-77.37136	-203.4315	126.0601	2.503724	0.1942657	0.7972593
20022	-71.25272	-197.4448	126.1921	2.326646	0.1942657	0.8544633
20028	-70.31961	-196.2109	125.8913	2.388606	0.351797	0.59873
20034	-66.38196	-192.9217	126.5398	2.265233	0.1502443	0.6331887
20040	-76.69319	-200.6391	123.9459	2.409406	2.380185	0.7150392
20046	-74.48891	-200.5154	126.0265	2.375363	0.2739085	0.7150392
20052	-70.24762	-194.3699	124.1222	1.772526	1.586255	1.577573
20058	-75.88349	-201.1998	125.3163	1.715596	1.286383	0.7540107
20064	-84.66608	-208.7898	124.1237	1.849529	2.883481	0.9047523
20070	-78.82436	-204.13	125.3056	1.746324	0.6513301	1.378367
20076	-84.4928	-208.4681	123.9753	1.500519	0.9866102	2.205224
20082	-74.45868	-198.7368	124.2781	1.749293	0.9866102	1.83849
20088	-83.86939	-207.0212	123.1518	1.905699	3.21113	1.56912
20094	-71.48157	-196.1282	124.6467	1.170703	0.343544	2.566448
20100	-75.32609	-198.0687	122.7426	1.24796	0.7905873	3.248909
20106	-64.58897	-189.1654	124.5764	0.9294186	0.7905873	2.323705
20112	-69.13347	-194.7689	125.6355	2.014591	0.4115769	1.202995
20118	-67.72294	-191.4515	123.7285	1.518282	1.661515	1.992257
20124	-60.84735	-187.0047	126.1574	2.337787	0.1819627	0.9248848
20130	-60.65113	-186.4116	125.7605	1.841218	0.1014458	1.86998
20136	-58.36277	-185.1052	126.7424	1.45395	0.1112976	1.411715
20142	-60.24376	-185.9286	125.6848	1.583721	0.4059264	1.514137
20148	-65.17283	-187.6837	122.5109	1.660135	6.446085	1.514137
20154	-105.6295	-229.6686	124.0391	2.366312	2.299408	0.7009711
20160	-72.81726	-194.9048	122.0876	1.871916	9.32338	1.241741
20166	-74.48028	-197.9081	123.4279	1.380805	1.031217	2.598759
20172	-74.71001	-198.1322	123.4222	1.31417	2.125091	2.141012
20178	-75.47662	-199.5518	124.0752	1.584153	2.552102	1.33097
20184	-76.842	-202.0202	125.1782	1.550554	0.2835182	2.071753
20190	-73.89096	-196.5062	122.6152	1.413402	3.81255	2.121723
20196	-71.30609	-195.6923	124.3862	1.590761	0.697145	2.094409
20202	-66.6721	-189.9016	123.2295	2.180368	4.552235	0.8583194
20208	-76.0352	-201.0333	124.9981	2.193582	0.9693985	0.9176819
20214	-73.17071	-198.8459	125.6752	2.177747	0.538523	0.7681788
20220	-68.44778	-194.2975	125.8498	2.427394	0.3182686	0.7472829
20226	-80.58511	-204.9963	124.4112	2.626551	1.302952	0.7237726
20232	-82.5084	-205.8072	123.2988	2.099462	4.427199	0.9155314
20238	-75.07958	-199.1132	124.0336	1.961296	3.267825	0.6432914
20244	-80.95644	-206.1492	125.1928	1.826778	1.203589	0.8624004
20250	-86.49076	-209.2208	122.73	1.859671	3.115962	1.924466
20256	-76.28365	-199.692	123.4084	1.125467	3.115962	1.962093
20262	-67.56738	-192.061	124.4936	1.771564	2.686856	0.4230377
20268	-72.60824	-197.8024	125.1942	2.296991	0.8149995	0.3108476
20274	-76.43658	-200.9807	124.5441	2.296991	1.568523	0.7149028
20280	-73.50857	-198.0899	124.5813	2.418206	0.8111955	1.25783
20286	-72.55556	-195.441	122.8854	1.958645	2.141748	2.064312
20292	-74.12625	-200.7897	126.6634	1.93886	0.2209706	0.5792342
20298	-70.58558	-197.2779	126.6924	2.449699	0.06871415	0.6285104
20304	-68.07486	-193.604	125.5291	1.335436	0.5708454	1.606387
20310	-73.80862	-199.5573	125.7487	1.742719	0.2491817	1.606387
20316	-76.63322	-200.6175	123.9843	1.700276	1.624229	1.709626
20322	-77.2353	-202.0851	124.8498	2.315264	1.215777	0.6166276
20328	-76.5623	-201.2123	124.65	2.13853	1.716421	0.6166276
20334	-77.01086	-201.7973	124.7865	1.783026	0.820509	1.582108
20340	-73.68572	-198.0193	124.3336	2.555479	1.587641	0.5773706
20346	-80.62248	-205.6083	124.9858	1.929914	0.9465542	1.202677
20352	-65.46107	-191.2078	125.7467	1.681064	0.09873052	1.995061
20358	-67.51246	-192.8634	125.3509	1.790025	0.5433947	1.431664
20364	-65.12217	-189.4532	124.331	1.538184	0.3555063	2.51847
20370	-70.0434	-194.5954	124.552	2.175744	0.4820772	1.803546
20376	-70.79307	-195.9862	125.1931	1.526948	0.03659973	2.63557
20382	-69.61788	-195.0562	125.4383	1.402932	0.2675729	2.023287
20388	-73.49781	-199.4405	125.9427	2.157866	0.2955758	1.014509
20394	-81.76693	-205.6047	123.8378	2.239147	1.850754	1.30361
20400	-74.75168	-198.9009	124.1492	1.599681	1.850754	1.556207
20406	-68.88425	-193.2687	124.3845	1.490593	1.838599	1.46761
20412	-71.78174	-198.1538	126.3721	1.596382	0.3176541	1.091951
20418	-70.53903	-198.0153	127.4763	1.786821	0.02422823	0.7808788
20424	-68.69218	-193.9554	125.2632	2.218054	0.493601	1.222769
20430	-68.65915	-193.737	125.0778	2.281597	0.9535494	0.7222498
20436	-70.11574	-193.8045	123.6888	1.74142	1.00672	2.221689
20442	-74.26837	-200.6163	126.3479	1.440702	0.1888924	1.513674
20448	-75.94966	-200.7217	124.772	1.879084	1.434348	1.052595
20454	-72.72383	-198.89	126.1661	1.769826	0.2240633	1.319846
20460	-74.8198	-198.541	123.7212	2.469142	2.766497	0.6780501
20466	-75.21374	-197.2996	122.0859	2.335474	9.917993	0.5921386
20472	-68.70481	-191.9008	123.1959	2.197463	4.929358	0.7309309
20478	-68.04572	-194.757	126.7112	2.65388	0.01197531	0.4762416
20484	-66.79965	-193.1904	126.3908	2.800171	0.005443635	0.4212391
20490	-68.49963	-193.5331	125.0335	3.022788	0.4714359	0.4212391
20496	-73.97297	-198.8014	124.8285	2.701658	0.8562254	0.4296648
20502	-67.39417	-194.3001	126.9059	1.699569	0.2238328	0.5087983
20508	-64.65347	-190.03	125.3765	1.534196	1.008865	1.151969
20514	-62.57526	-186.0503	123.475	1.78552	4.284113	1.097503
20520	-65.4713	-189.8926	124.4214	0.9812051	0.4127493	2.736595
20526	-65.04902	-190.4451	125.3961	2.434008	0.6047543	0.6328323
20532	-63.25318	-190.0218	126.7686	1.657917	0.2810978	0.6328323
20538	-72.73345	-195.6929	122.9595	1.916933	5.73093	1.07594
20544	-73.29117	-197.4023	124.1111	0.8849529	0.518218	2.872182
20550	-74.46345	-198.6903	124.2268	1.374767	0.4618666	2.558963
20556	-68.59676	-192.612	124.0152	2.025086	2.87097	0.8320993
20562	-76.4603	-202.0003	125.54	2.188615	0.6977975	0.5455482
20568	-83.87318	-208.6155	124.7424	1.329761	0.253602	2.539216
20574	-70.85029	-196.982	126.1317	2.34098	0.1941724	0.9080015
20580	-72.78937	-198.724	125.9346	2.07508	0.4776973	0.6747003
20586	-75.69493	-201.5301	125.8352	2.174495	0.4776973	0.6747003
20592	-76.52264	-201.2438	124.7211	1.965489	1.482674	0.981991
20598	-75.28434	-197.1717	121.8874	1.955558	12.68606	0.8845789
20604	-73.74238	-194.6977	120.9553	1.614914	22.5972	1.166358
20610	-66.76778	-190.2308	123.463	1.300714	1.489492	2.384501
20616	-70.88533	-193.0386	122.1532	1.317953	8.304312	1.745481
20622	-75.62063	-198.7075	123.0869	1.60083	4.042689	1.617003
20628	-75.27664	-197.9259	122.6492	1.509707	4.042689	1.983576
20634	-70.45359	-194.2885	123.8349	1.647418	2.18875	1.606981
20640	-64.6754	-188.2612	123.5858	2.139702	3.607526	0.8562142
20646	-59.78265	-186.5371	126.7544	1.19231	0.3246639	1.097574
20652	-62.10094	-184.3827	122.2818	1.889985	9.780995	0.9795177
20658	-58.07445	-180.3191	122.2446	1.512284	4.43575	2.165269
20664	-64.52492	-188.4991	123.9742	1.375008	1.725498	1.894529
20670	-64.77926	-187.2262	122.4469	1.335374	7.415584	1.646469
20676	-60.22712	-185.4595	125.2324	1.161212	0.9087505	1.638287
20682	-66.12495	-188.5936	122.4687	1.657302	4.355619	1.937708
20688	-63.72614	-187.2712	123.5451	1.841625	4.355619	0.9520029
20694	-69.85317	-194.0282	124.1751	1.467946	1.959514	1.585225
20700	-68.42117	-190.9879	122.5668	0.9942145	5.129465	2.161272
20706	-75.49266	-199.5209	124.0282	1.518475	2.399255	1.477303
20712	-75.92784	-198.184	122.2562	1.641373	7.912453	1.49
20718	-67.36723	-190.7253	123.3581	1.986303	3.816124	1.162273
20724	-64.26363	-187.5751	123.3115	1.742354	3.816124	1.400962
20730	-68.64293	-192.0792	123.4362	2.100279	2.623327	1.400962
20736	-66.88606	-193.2785	126.3924	1.805824	0.2037067	1.148372
20742	-62.83077	-188.249	125.4183	2.28456	0.6773264	0.6876958
20748	-62.48812	-187.8623	125.3742	1.354948	0.4964197	1.785913
20754	-66.37093	-191.459	125.088	1.970841	1.311535	0.6743786
20760	-62.2499	-187.2676	125.0177	2.078874	1.28866	0.6342301
20766	-67.37111	-192.8519	125.4808	1.384715	0.5121818	1.67172
20772	-64.60092	-188.38	123.7791	1.701637	2.963997	1.323846
20778	-67.26209	-192.3462	125.0841	1.087684	0.3956681	2.276255
20784	-77.73529	-201.1188	123.3835	2.548194	2.647982	1.056463
20790	-72.83043	-196.7541	123.9237	2.684308	1.861509	0.7741991
20796	-82.42325	-205.8737	123.4504	2.944029	2.430852	0.4411753
20802	-65.76335	-192.4264	126.663	2.178468	0.06845687	1.022968
20808	-82.74087	-206.8606	124.1197	2.441649	1.613069	1.013852
20814	-83.06198	-205.9995	122.9375	1.999178	5.151468	1.158732
20820	-82.16764	-207.1605	124.9929	2.236956	0.9997343	0.8376498
20826	-84.47915	-209.2787	124.7996	2.213004	0.9997343	1.0675
20832	-69.17184	-192.6333	123.4615	1.707575	3.840544	1.302741
20838	-66.42135	-192.9773	126.5559	1.681682	0.2971814	0.8634793
20844	-68.03358	-193.4253	125.3918	1.907911	0.9344112	0.834086
20850	-90.25334	-213.4755	123.2221	1.497703	1.478078	2.417541
20856	-82.67723	-205.8977	123.2205	1.072819	2.145759	2.417541
20862	-74.02095	-197.9733	123.9523	1.333713	3.700997	1.247044
20868	-75.61098	-198.7424	123.1314	1.484853	5.252708	1.399632
20874	-89.63078	-214.1857	124.5549	1.4412	1.549029	1.522251
20880	-76.68902	-198.7935	122.1045	1.464023	1.795481	2.990404
20886	-79.27577	-203.1471	123.8713	2.289666	2.282588	1.010533
20892	-74.84265	-198.9695	124.1268	2.152806	2.043502	1.023601
20898	-77.08188	-200.0219	122.94	2.53088	4.641588	0.7405867
20904	-81.53667	-203.8033	122.2667	2.275827	5.3588	1.434728
20910	-88.40858	-211.779	123.3704	2.044784	2.1425	1.673608
20916	-75.93153	-199.314	123.3824	2.207955	3.717088	0.9624832
20922	-73.76463	-199.8881	126.1234	2.314636	0.2202215	0.8600607
20928	-62.37889	-187.6375	125.2586	1.916994	1.101735	0.7798917
20934	-75.12344	-200.8917	125.7683	2.242896	0.4534755	0.7436143
20940	-70.69638	-194.8222	124.1258	2.0496	2.357635	0.9559982
20946	-65.39765	-189.6598	124.2621	2.369759	1.660815	0.9059133
20952	-70.33475	-192.6085	122.2738	2.033047	9.951857	0.7923654
20958	-68.63501	-190.7113	122.0763	2.194206	9.951857	0.8393352
20964	-71.87823	-198.8127	126.9345	2.320105	0.05106114	0.5389453
20970	-76.14768	-198.9201	122.7724	2.852083	4.141245	0.7446367
20976	-73.28415	-195.248	121.9638	1.458467	7.965779	1.82353
20982	-69.15592	-194.096	124.9401	1.312332	0.8001993	1.82353
20988	-73.2987	-198.9238	125.6251	1.414872	0.3403918	1.773796
20994	-69.86986	-191.9408	122.071	0.7325669	1.340276	3.632373
21000	-70.49273	-194.6005	124.1078	0.8414232	0.5330011	2.886249
21006	-63.16747	-189.8287	126.6612	1.043762	0.5157105	0.9843108
21012	-64.2654	-188.6898	124.4244	1.336767	3.119015	1.02133
21018	-61.63292	-186.6804	125.0475	1.612745	0.776288	1.55388
21024	-60.01382	-184.2923	124.2785	1.570758	3.218135	0.8862006
21030	-55.61675	-180.2063	124.5896	1.628594	2.398728	0.8862006
21036	-51.4738	-177.0758	125.602	1.965685	0.7972572	0.6578014
21042	-56.2948	-180.1459	123.8511	2.042371	3.513817	0.6578014
21048	-61.08994	-186.0322	124.9422	3.018946	0.4854657	0.3211167
21054	-69.36836	-193.2139	123.8455	2.694556	2.118489	0.3914854
21060	-66.91722	-190.6752	123.758	1.961144	3.919547	0.7119318
21066	-60.28147	-185.0111	124.7296	2.165436	1.496413	0.7118193
21072	-60.02302	-184.8638	124.8408	1.847291	1.496413	0.9700979
21078	-70.25216	-193.9386	123.6864	1.178778	2.696792	1.861577
21084	-74.36423	-198.6809	124.3167	0.8927283	0.4234692	2.842041
21090	-77.09689	-199.3043	122.2074	1.0738	2.752068	2.854625
21096	-68.09185	-193.4236	125.3317	1.648208	0.2347194	1.987969
21102	-69.93417	-194.6798	124.7457	1.899776	1.246263	1.193691
21108	-64.41896	-188.6371	124.2181	1.594212	1.246263	1.821601
21114	-59.08173	-182.979	123.8973	1.228367	1.420019	2.186235
21120	-68.46045	-193.1855	124.725	1.316483	2.09465	1.212881
21126	-63.43663	-188.6599	125.2233	1.352408	0.3541926	2.068085
21132	-70.38704	-193.6466	123.2595	2.1453	2.868873	1.416176
21138	-64.94946	-190.5486	125.5992	1.49508	0.3277222	1.755174
21144	-69.42419	-193.5662	124.142	0.9021119	2.643315	1.755174
21150	-72.81213	-197.6284	124.8163	0.7585959	0.9489652	2.166043
21156	-66.33864	-192.2459	125.9073	1.869214	0.319995	1.254848
21162	-75.47682	-199.2653	123.7885	1.893936	2.635042	1.280168
21168	-79.39191	-201.5521	122.1602	1.893936	8.004779	1.35563
21174	-80.52684	-205.5538	125.0269	1.884408	1.563058	0.4474149
21180	-70.6603	-196.4339	125.7736	1.858332	0.6261091	0.8834851
21186	-75.24274	-200.0441	124.8014	1.954871	1.214053	1.120357
21192	-80.18014	-204.1064	123.9263	1.140368	2.550235	1.770396
21198	-73.43101	-197.6912	124.2602	1.539822	2.415395	1.271618
21204	-77.12847	-200.9602	123.8318	1.383283	0.7445583	2.541993
21210	-71.35618	-196.0655	124.7093	1.818592	0.8648326	1.575694
21216	-64.07239	-189.4925	125.4201	2.010924	0.7042996	0.9860768
21222	-67.88725	-189.9915	122.1042	0.4926798	2.364813	3.373949
21228	-63.11262	-188.0368	124.9242	0.7116903	1.214645	1.959949
21234	-67.00998	-192.7242	125.7142	1.296792	1.214645	0.8611681
21240	-71.80507	-195.7358	123.9308	2.004534	3.173087	0.8029066
21246	-70.10497	-193.6279	123.523	1.531932	3.173087	1.582317
21252	-72.65151	-197.2084	124.5569	1.569897	1.219923	1.615568
21258	-70.02519	-194.2965	124.2713	1.361188	1.276179	1.92711
21264	-74.35493	-199.242	124.8871	1.436061	0.45735	2.104311
21270	-73.05688	-197.2625	124.2056	1.110771	0.4496106	2.747986
21276	-72.5967	-196.671	124.0743	2.20983	1.561589	1.291609
21282	-64.27105	-191.4979	127.2268	1.405358	0.1517758	0.8834603
21288	-80.72537	-206.7047	125.9794	1.474069	0.1517758	1.839571
21294	-73.41285	-197.3645	123.9517	1.290826	1.47839	2.081181
21300	-80.01549	-205.0436	125.0281	1.27645	0.4046193	2.179487
21306	-73.63033	-199.3315	125.7012	1.304567	0.1343476	2.179487
21312	-95.28113	-217.6015	122.3204	1.589689	1.394499	2.954432
21318	-98.44861	-222.2602	123.8116	1.9961	2.338673	1.297434
21324	-93.00445	-218.4676	125.4632	2.151013	0.4658801	1.148627
21330	-72.66399	-195.7023	123.0383	1.749717	2.315947	2.039321
21336	-73.96472	-196.8018	122.837	1.924038	2.100503	2.133923
21342	-68.47567	-194.0301	125.5544	2.136098	0.3407592	1.288208
21348	-83.79799	-208.0036	124.2056	2.136098	1.487955	1.288208
21354	-70.52301	-196.9629	126.4399	1.961969	0.2057677	0.9472548
21360	-69.95441	-195.9168	125.9624	1.253267	0.3186241	1.683843
21366	-73.9267	-197.3031	123.3764	0.9583763	1.591319	2.606915
21372	-70.9077	-194.7171	123.8094	1.178987	1.591319	2.193876
21378	-77.29799	-200.1813	122.8833	1.026485	3.835271	2.193876
21384	-68.64882	-192.4258	123.777	1.579868	1.128829	2.193876
21390	-63.94081	-188.5035	124.5627	1.838609	0.8055671	1.715358
21396	-66.63803	-191.7865	125.1485	1.563053	0.7937655	1.500146
21402	-63.77721	-189.6946	125.9174	1.784356	0.6282923	0.7931526
21408	-69.89178	-196.1542	126.2624	1.694326	0.1846241	1.395655
21414	-66.97518	-193.3113	126.3361	2.086105	0.2481525	0.7830974
21420	-69.19068	-192.5882	123.3976	2.234318	4.057283	0.7743379
21426	-71.64336	-195.4611	123.8177	2.302277	2.682533	0.8389894
21432	-74.31419	-199.9006	125.5864	1.775562	0.8730006	0.8389894
21438	-75.75983	-199.7266	123.9667	2.261622	2.594386	0.7485224
21444	-73.30014	-197.3916	124.0915	2.037805	2.5805	0.8852902
21450	-72.02224	-195.8597	123.8375	2.073272	2.5805	1.105737
21456	-84.60089	-208.9686	124.3677	1.753687	2.452161	0.9622975
21462	-89.94487	-213.0016	123.0568	2.11411	1.445196	2.144401
21468	-91.986	-215.6568	123.6708	1.707646	1.445196	2.007681
21474	-82.45604	-208.0829	125.6269	1.915472	0.2988597	1.477839
21480	-85.21806	-210.7766	125.5585	1.665477	0.3663465	1.604453
21486	-80.00485	-206.0084	126.0036	1.511756	0.4069014	1.321947
21492	-85.24993	-208.255	123.005	0.9329035	5.650332	1.817474
21498	-85.66049	-209.7975	124.137	1.592057	0.3544936	2.606863
21504	-78.6349	-203.0597	124.4248	1.351847	1.037605	1.974232
21510	-89.30221	-213.0461	123.7439	1.324954	0.6858356	2.678977
21516	-85.29981	-212.3694	127.0696	1.893909	0.04827188	1.001061
21522	-81.76172	-208.6439	126.8822	2.170088	0.02955601	1.001061
21528	-66.0191	-191.7361	125.717	1.837643	0.4394397	1.240216
21534	-63.71657	-190.3891	126.6725	1.577477	0.2360263	1.015122
21540	-67.76725	-193.6214	125.8542	1.701248	0.4031364	1.295345
21546	-72.41616	-199.1555	126.7394	1.494763	0.1396926	1.295345
21552	-73.60048	-197.2041	123.6036	1.203639	1.155205	2.52754
21558	-73.52713	-198.2	124.6729	1.553353	0.8470285	1.804251
21564	-68.08666	-192.1237	124.0371	1.39764	0.6088891	2.518075
21570	-70.50787	-195.4932	124.9853	1.584265	0.7820634	1.61499
21576	-76.79237	-200.9984	124.206	1.775903	2.299135	1.168155
21582	-84.80702	-209.525	124.718	1.522242	2.016215	1.076342
21588	-86.36197	-209.6951	123.3331	2.113994	4.833556	0.6862585
21594	-80.12666	-205.5294	125.4028	1.335343	0.6661105	1.599661
21600	-78.11058	-200.6049	122.4943	1.336407	3.745073	2.265304
21606	-74.68942	-200.8564	126.167	1.177172	0.3194841	1.5899
21612	-71.76312	-196.16	124.3969	1.143812	2.287755	1.5251
21618	-74.20697	-197.5005	123.2935	1.219821	3.932513	1.767227
21624	-70.29048	-195.0135	124.723	1.478204	1.131593	1.618307
21630	-75.93703	-199.5816	123.6446	0.8205261	1.131593	2.751822
21636	-73.59728	-197.0886	123.4913	1.586681	1.131593	2.370872
21642	-66.04501	-189.2489	123.2039	1.366886	3.943327	1.724369
21648	-71.7026	-194.7863	123.0837	2.373138	4.692432	0.7389646
21654	-80.29955	-205.4736	125.174	2.06112	0.8145245	1.045731
21660	-83.05598	-207.5317	124.4757	2.296586	0.4888125	1.764688
21666	-74.37798	-199.5204	125.1424	1.48313	1.108236	1.311932
21672	-72.79436	-197.5353	124.7409	1.941575	1.887765	0.6082162
21678	-75.91603	-202.3858	126.4698	1.661961	0.3505475	0.8483376
21684	-77.08842	-202.1787	125.0903	1.810419	0.5077049	1.651807
21690	-75.81395	-201.6134	125.7995	1.026003	0.9170725	1.303659
21696	-85.34916	-210.2114	124.8622	1.628351	0.4142902	2.045627
21702	-82.92972	-208.1523	125.2226	1.656693	0.08876921	2.379024
21708	-82.07904	-207.9866	125.9075	1.740135	0.1309021	1.757314
21714	-67.04218	-190.6826	123.6404	1.438169	4.081378	1.30978
21720	-81.91333	-204.2355	122.3222	2.681801	6.452336	0.7368333
21726	-75.17421	-200.6347	125.4605	2.460169	0.5625553	0.4681845
21732	-76.45055	-199.9265	123.4759	1.429489	5.787061	1.035094
21738	-81.11663	-203.3154	122.1988	2.094972	8.723799	1.035094
21744	-70.36628	-195.5242	125.158	1.04613	0.8830739	1.791756
21750	-76.97161	-199.5967	122.6251	2.649259	5.660118	0.5541843
21756	-72.82094	-196.0091	123.1882	2.688419	3.643405	0.4314615
21762	-71.16295	-196.5174	125.3544	2.576309	0.550631	0.4315878
21768	-68.51648	-191.6801	123.1637	2.767102	3.516141	0.4616195
21774	-74.46855	-197.5852	123.1166	2.401109	4.725487	0.5970239
21780	-77.45766	-200.9816	123.524	2.895096	2.395864	0.5176593
21786	-75.57679	-200.37	124.7932	2.543049	1.041369	0.581162
21792	-76.50754	-203.2046	126.6971	1.64305	0.09896612	1.339021
21798	-96.56063	-222.0937	125.533	1.308462	0.4850571	1.720633
21804	-90.75049	-212.6243	121.8738	0.8705428	3.72445	2.943041
21810	-93.79256	-216.7721	122.9796	1.070096	4.334361	1.993354
21816	-84.61842	-206.4693	121.8509	1.070096	4.334361	2.711562
21822	-89.38938	-212.146	122.7566	1.828915	4.352263	1.618453
21828	-98.01204	-218.3056	120.2936	2.417814	4.875193	2.740435
21834	-77.78978	-200.824	123.0342	1.441171	3.465021	1.908611
21840	-77.20252	-201.4437	124.2412	1.805549	2.4936	1.017066
21846	-73.27523	-198.4562	125.181	2.099168	0.601072	1.251372
21852	-77.62401	-200.6684	123.0444	1.407759	4.227306	1.741684
21858	-86.17387	-211.4107	125.2368	1.603986	0.521261	1.678865
21864	-83.79559	-209.3092	125.5136	1.472653	0.6786568	1.400851
21870	-79.18303	-204.1549	124.9719	3.303364	0.3082719	0.2952354
21876	-79.52399	-204.0049	124.4809	3.229916	0.5914926	0.262862
21882	-85.46812	-208.6067	123.1386	3.536469	1.603775	0.2401825
21888	-76.63017	-202.6681	126.038	2.754487	0.1557565	0.39895
21894	-80.8884	-202.7617	121.8733	2.833191	8.206149	0.39895
21900	-72.3072	-197.5667	125.2595	2.472562	0.6724638	0.3808991
21906	-73.45332	-198.7208	125.2675	2.49262	0.6724638	0.5560215
21912	-81.00525	-206.2898	125.2845	1.478631	1.547183	0.8452143
21918	-86.17944	-210.279	124.0995	2.08263	2.797235	0.6669353
21924	-83.63016	-209.5425	125.9124	2.234338	0.2772898	1.012232
21930	-87.53294	-212.896	125.3631	2.234338	0.2772898	1.475185
21936	-79.65035	-203.7002	124.0498	2.078788	2.292343	1.037122
21942	-71.82871	-194.0871	122.2583	1.56692	7.251639	1.639674
21948	-74.66967	-198.3695	123.6999	2.151337	3.329762	0.8308692
21954	-72.46411	-198.6166	126.1525	1.781711	0.1419069	1.5219
21960	-87.97365	-214.1542	126.1806	1.823955	0.2323254	1.244925
21966	-76.77258	-203.6536	126.881	1.374724	0.1229158	1.328756
21972	-77.91603	-201.7148	123.7988	1.792983	1.808476	1.688994
21978	-70.3475	-194.3584	124.0109	1.848057	1.371411	1.717942
21984	-71.83497	-197.3199	125.485	2.454179	0.5392298	0.4073459
21990	-70.75225	-195.5969	124.8447	1.658135	1.240125	1.31664
21996	-70.05112	-194.1126	124.0615	1.605194	1.696272	1.687643
22002	-64.29585	-188.4179	124.1221	1.544608	1.696272	1.687643
22008	-69.58391	-193.0378	123.4539	1.199901	2.66741	2.013245
22014	-72.96337	-195.9814	123.0181	2.258896	4.630719	0.9784236
22020	-67.59013	-192.3324	124.7423	2.218077	1.227687	0.9065551
22026	-75.05292	-200.6636	125.6107	2.202061	0.5981749	0.6882637
22032	-63.81969	-188.6012	124.7815	1.896896	1.374156	1.070755
22038	-69.30345	-194.6877	125.3843	1.547593	1.079237	1.070755
22044	-73.11506	-196.639	123.5239	2.269478	3.53633	0.8038893
22050	-71.08023	-196.1338	125.0535	2.269478	0.8005205	0.9749911
22056	-66.2702	-190.7373	124.4671	1.454934	2.756169	1.017449
22062	-67.43441	-191.4448	124.0104	1.454934	2.995058	1.325577
22068	-74.93408	-198.5191	123.5851	2.484865	2.66602	0.9066405
22074	-72.19325	-198.2329	126.0397	2.188606	0.2897776	0.8946038
22080	-70.3938	-196.1414	125.7476	2.123822	0.390151	1.040282
22086	-75.33188	-199.4842	124.1524	1.155038	0.5957019	2.609025
22092	-84.18451	-208.5316	124.3471	1.24111	2.088777	1.570322
22098	-72.85822	-198.5821	125.7238	1.052243	0.7272215	1.512896
22104	-70.29095	-195.0158	124.7249	1.367857	0.9811073	1.797294
22110	-62.92551	-188.8462	125.9207	1.68267	0.612834	0.936206
22116	-70.74421	-195.0093	124.2651	2.006604	2.465376	0.7767553
22122	-62.92139	-189.9584	127.037	1.83366	0.1171737	0.7395554
22128	-74.66244	-200.2159	125.5534	1.025848	0.5023319	1.882214
22134	-74.72976	-198.8825	124.1527	0.9374547	1.954263	1.972499
22140	-66.43311	-191.6712	125.2381	2.009941	0.841534	1.002731
22146	-71.71759	-196.5467	124.8291	1.030897	1.096265	1.880185
22152	-68.75618	-193.7704	125.0142	0.9909985	0.1183657	2.843238
22158	-72.50639	-195.4644	122.958	0.7949856	4.166535	2.223164
22164	-81.51633	-203.4789	121.9625	1.113694	2.725088	2.985745
22170	-77.90347	-201.4899	123.5864	1.080841	3.059881	1.887683
22176	-63.16296	-189.1988	126.0358	1.903914	0.1144443	1.594626
22182	-79.74316	-203.8266	124.0835	2.101739	1.545227	1.380019
22188	-78.03071	-203.155	125.1243	1.595775	1.747683	0.7136442
22194	-77.72895	-200.7206	122.9916	1.550428	5.631219	1.38024
22200	-75.20062	-200.1226	124.922	1.622572	1.043133	1.424343
22206	-68.77283	-194.5675	125.7947	1.685033	0.4702681	1.257237
22212	-72.62674	-198.6389	126.0121	1.589459	0.47354	1.148099
22218	-69.92857	-196.552	126.6234	1.514769	0.3046315	0.9548273
22224	-59.33871	-184.5351	125.1964	0.9278581	0.4831131	2.204896
22230	-78.28942	-204.4879	126.1985	1.707238	0.4027638	0.9821284
22236	-77.34816	-198.6384	121.2902	1.11163	0.8702089	4.115807
22242	-76.00187	-199.3804	123.3785	0.3748252	1.15485	3.167506
22248	-78.02767	-202.2441	124.2165	0.3099264	0.4897248	3.181598
22254	-78.37839	-205.4995	127.1211	1.681408	0.07651577	1.023676
22260	-72.66101	-194.5849	121.9239	1.079461	6.501148	2.300973
22266	-71.6602	-192.9671	121.3069	1.600036	5.340847	2.540625
22272	-60.15843	-186.3348	126.1763	0.7065191	0.2390558	2.044738
22278	-68.64079	-193.9255	125.2847	0.7922737	0.4525143	2.269423
22284	-63.45533	-189.1046	125.6492	1.264127	0.2470488	2.010391
22290	-62.31594	-188.8756	126.5596	1.35104	0.3937762	0.9947306
22296	-64.91987	-190.509	125.5892	1.844739	0.9289858	0.3909514
22302	-62.30268	-186.667	124.3643	1.487021	0.8436959	2.059818
22308	-64.70936	-190.0334	125.3241	1.545592	0.3582574	1.865273
22314	-59.13389	-184.084	124.9501	1.09643	1.631725	1.440359
22320	-61.13184	-186.9333	125.8014	0.6193808	0.3188224	2.219006
22326	-69.52501	-195.6026	126.0776	1.789029	0.3188224	1.180581
22332	-63.19794	-190.4423	127.2444	1.357329	0.1779326	0.8144353
22338	-64.30257	-188.6343	124.3318	1.51115	1.045322	1.924625
22344	-66.48427	-191.4974	125.0132	1.093282	0.2366804	2.545723
22350	-72.30542	-197.1094	124.804	1.502729	0.1701176	2.544059
22356	-66.43595	-190.5773	124.1413	2.033871	2.213161	1.032946
22362	-86.80966	-210.5996	123.7899	2.097799	0.8614799	2.022476
22368	-82.657	-209.2273	126.5703	1.47733	0.168479	1.364972
22374	-82.63506	-207.1433	124.5083	2.509512	1.164597	0.9040347
22380	-71.95678	-198.1156	126.1588	2.405834	0.191455	0.807583
22386	-63.57109	-188.5756	125.0045	1.70656	0.6614555	1.623826
22392	-71.51887	-196.2878	124.7689	1.761688	1.772492	0.9359028
22398	-65.35359	-190.0329	124.6793	1.037705	1.140466	1.949491
22404	-71.45417	-197.6827	126.2285	1.185248	0.1187687	1.949491
22410	-75.73082	-200.5442	124.8133	1.182089	0.8918298	1.927933
22416	-76.91458	-201.4415	124.5269	0.8971424	0.8918298	2.302373
22422	-82.77568	-208.7662	125.9905	2.119454	0.1215645	1.446785
22428	-77.07189	-202.8726	125.8007	1.794743	0.1215645	1.818337
22434	-77.23909	-200.1806	122.9415	1.906653	2.042739	2.098483
22440	-76.85895	-199.8721	123.0132	1.943201	3.044131	1.691592
22446	-76.98522	-199.896	122.9108	2.25282	3.450906	1.418927
22452	-79.94647	-205.3408	125.3943	1.938005	0.1693145	1.881808
22458	-75.20297	-199.9021	124.6991	1.360465	0.5114965	2.21621
22464	-84.77635	-208.8606	124.0842	1.584614	0.5114965	2.464743
22470	-71.84568	-198.8474	127.0018	1.475257	0.08356114	1.283163
22476	-72.51156	-199.5478	127.0362	1.519633	0.2213443	0.6879018
22482	-69.55969	-193.6772	124.1175	0.7722548	1.02098	2.554702
22488	-69.61809	-193.0582	123.4401	0.8432559	4.185842	1.86771
22494	-76.30794	-200.1915	123.8835	0.6820349	3.166703	1.92675
22500	-65.65764	-190.9834	125.3258	1.203397	0.9803221	1.483558
22506	-70.79878	-196.2492	125.4504	1.310185	0.7511183	1.502142
22512	-78.13407	-203.1658	125.0317	2.044201	1.351927	0.4946374
22518	-78.02254	-203.78	125.7575	1.421396	0.8025051	1.111321
22524	-78.6693	-205.5721	126.9028	1.265417	0.2889906	0.9617655
22530	-77.57724	-204.4261	126.8489	1.41503	0.2817655	0.8757753
22536	-67.43268	-194.8267	127.394	1.618246	0.06193867	0.8757753
22542	-65.66954	-192.4248	126.7553	1.319164	0.0662849	1.651108
22548	-66.98198	-191.7156	124.7336	1.243062	0.4302414	2.359033
22554	-70.00106	-192.4265	122.4255	1.68274	3.362342	2.177848
22560	-64.42188	-188.0314	123.6096	1.846687	4.953177	0.58349
22566	-59.34935	-184.2556	124.9063	1.397678	0.8195084	1.772171
22572	-63.9944	-186.9579	122.9635	1.480493	7.416935	1.125129
22578	-60.13984	-184.488	124.3481	1.528995	2.608474	1.124079
22584	-57.07258	-182.1856	125.1131	1.795639	0.5200018	1.631696
22590	-70.40218	-194.4008	123.9986	1.434958	2.392742	1.564082
22596	-58.85103	-184.6668	125.8158	1.425051	0.6310446	1.248495
22602	-63.11951	-188.5474	125.4279	1.425051	0.9614345	1.242764
22608	-60.10115	-185.6037	125.5025	1.531612	0.1471938	2.130729
22614	-59.98234	-184.2872	124.3049	1.494411	0.9432678	2.022499
22620	-57.92226	-183.7415	125.8193	1.485579	0.677043	1.139286
22626	-52.95414	-178.9464	125.9923	1.777368	0.5334875	0.8840259
22632	-57.48027	-184.8883	127.408	1.777368	0.01490335	0.8840259
22638	-66.56051	-194.0012	127.4407	1.746233	0.05689847	0.657778
22644	-72.31855	-196.4219	124.1034	1.569834	2.507318	1.337303
22650	-78.52721	-200.2392	121.712	0.6537433	4.64242	2.991017
22656	-73.7617	-196.353	122.5913	0.9484331	3.825998	2.432055
22662	-73.71083	-198.1664	124.4555	1.249902	1.541661	1.735896
22668	-84.94845	-209.7879	124.8395	1.831943	1.503066	0.9821576
22674	-79.60034	-205.035	125.4347	1.788301	0.8864936	0.9774287
22680	-73.62477	-198.3668	124.7421	1.416809	1.96686	1.175666
22686	-63.43744	-189.2994	125.8619	1.72831	0.4280473	1.227713
22692	-80.44503	-202.307	121.8619	1.793864	11.21623	1.25128
22698	-78.49586	-203.0529	124.557	1.853257	1.505135	1.220673
22704	-83.39004	-200.8604	117.4704	2.211897	88.91343	1.345858
22710	-74.65398	-199.1889	124.535	1.941046	1.777211	0.9895644
22716	-71.89589	-198.2531	126.3572	1.831259	0.1096932	1.422848
22722	-77.6398	-203.2872	125.6474	1.345754	0.4260969	1.686958
22728	-72.16982	-197.6703	125.5005	1.275166	0.5555517	1.686958
22734	-78.01522	-200.4362	122.421	1.219625	1.617096	3.018295
22740	-89.83568	-213.5683	123.7326	1.529402	0.7079448	2.541655
22746	-78.46853	-203.6535	125.185	1.554775	0.6072681	1.657642
22752	-71.10675	-196.6214	125.5147	1.530393	1.2485	0.7804747
22758	-74.00765	-198.4497	124.442	1.170459	3.157968	1.144757
22764	-76.68556	-201.5163	124.8307	0.9737904	0.3053192	2.626882
22770	-74.27264	-199.7672	125.4946	1.277488	1.332667	1.012341
22776	-80.60943	-205.3357	124.7263	1.881163	1.332667	1.164805
22782	-85.21523	-208.783	123.5677	1.463598	1.332667	2.291111
22788	-87.22103	-213.8741	126.653	1.756605	0.1383727	1.150844
22794	-82.31213	-205.3862	123.0741	1.953921	4.726884	1.184025
22800	-74.62846	-198.5976	123.9691	1.636609	3.897037	0.8764682
22806	-85.50525	-210.1642	124.659	1.267999	1.301499	1.709519
22812	-85.78884	-210.1132	124.3243	1.520131	1.301499	1.767429
22818	-77.5307	-201.6251	124.0944	0.8530553	0.7048298	2.738144
22824	-80.31597	-202.865	122.549	1.181927	2.229319	2.738144
22830	-77.29427	-199.5128	122.2185	1.755754	6.545795	1.641671
22836	-75.73765	-199.6566	123.9189	2.251394	2.633958	0.8036935
22842	-76.47395	-200.555	124.0811	2.032451	2.633958	0.8740777
22848	-76.91614	-202.3977	125.4816	2.463728	0.5454326	0.5447876
22854	-80.85994	-205.8084	124.9485	2.05769	1.355443	0.7060195
22860	-90.21625	-211.6836	121.4674	3.629129	5.254464	0.2093829
22866	-87.77891	-211.4918	123.7129	3.114278	1.384715	0.2359456
22872	-77.69005	-202.2078	124.5178	2.492107	1.43541	0.47598
22878	-86.88483	-210.2107	123.3259	2.639663	3.432035	0.5050737
22884	-78.10828	-202.5922	124.4839	2.411152	1.59442	0.5050737
22890	-82.79093	-204.8974	122.1065	2.003489	10.54764	0.9188245
22896	-89.97729	-213.0055	123.0282	2.406497	4.695134	0.770672
22902	-76.85607	-202.0394	125.1833	2.098468	0.7672435	1.054943
22908	-79.83629	-205.2303	125.394	2.03587	0.5422848	1.199624
22914	-74.55691	-199.9817	125.4248	1.476573	0.264397	1.988546
22920	-78.08569	-199.8358	121.7501	1.681657	8.392758	1.761734
22926	-75.93335	-197.7376	121.8043	1.731954	8.392758	1.688164
22932	-80.5062	-202.6737	122.1675	1.731954	8.226068	1.443674
22938	-72.4341	-197.104	124.6699	1.715548	1.659629	1.147927
22944	-73.35879	-198.7874	125.4286	1.809021	1.040882	0.773864
22950	-83.35809	-207.4675	124.1094	2.149692	2.544476	0.7382486
22956	-86.67896	-210.4203	123.7413	2.189216	2.544476	1.103506
22962	-89.50816	-214.9471	125.4389	1.843174	0.4498107	1.442805
22968	-86.07036	-210.5079	124.4375	1.428516	2.639044	1.121076
22974	-79.68813	-205.5471	125.859	1.615191	0.4767277	1.252644
22980	-86.71028	-210.4415	123.7312	0.9066195	0.9870757	2.730913
22986	-76.10586	-201.3514	125.2456	1.736284	0.7652083	1.317132
22992	-73.24363	-198.569	125.3254	1.823306	0.6370456	1.317132
22998	-75.35871	-200.7978	125.4391	1.506635	0.6972251	1.413274
23004	-80.53571	-203.6027	123.067	1.61123	6.886584	1.008717
23010	-73.52689	-196.9345	123.4076	1.493566	5.012885	1.222447
23016	-71.86241	-196.3394	124.477	1.170774	2.560596	1.336899
23022	-68.26162	-190.8732	122.6115	1.286287	8.980941	1.339544
23028	-67.9307	-190.8079	122.8772	1.619596	6.022326	1.339544
23034	-69.75048	-192.6212	122.8707	1.676022	6.022326	1.299336
23040	-74.61016	-197.5808	122.9706	1.417921	6.022326	1.42437
23046	-74.62617	-198.1182	123.492	1.79802	3.259938	1.37826
23052	-86.3626	-207.7174	121.3548	1.944682	14.85143	1.162536
23058	-82.11919	-205.6609	123.5417	1.348291	5.00396	1.233941
23064	-75.94345	-200.2149	124.2715	1.951442	2.195601	0.9953211
23070	-77.01464	-201.8224	124.8077	2.433943	1.127349	0.6215618
23076	-75.06165	-199.6855	124.6239	2.627039	1.14519	0.4943226
23082	-75.43707	-201.004	125.5669	2.466142	0.493281	0.4941115
23088	-74.34953	-200.1752	125.8257	2.203113	0.493281	0.5479764
23094	-75.02763	-196.0571	121.0295	2.630158	15.91894	0.5479764
23100	-95.99948	-219.7135	123.714	1.741917	3.30461	1.229328
23106	-95.98806	-220.8046	124.8165	2.275547	1.027209	0.9622831
23112	-83.64844	-207.3064	123.6579	2.323026	3.382826	0.4592375
23118	-75.43525	-200.966	125.5307	2.048064	0.729549	0.7766952
23124	-87.4182	-214.167	126.7488	1.937138	0.1002932	1.034092
23130	-83.31133	-210.0458	126.7345	2.126869	0.07605431	0.9667529
23136	-82.51708	-207.7948	125.2777	2.315898	0.5304274	1.069901
23142	-79.0622	-204.3394	125.2772	2.098661	0.5814058	1.194837
23148	-80.72077	-204.2922	123.5714	1.228445	0.383058	3.134531
23154	-84.02832	-206.8831	122.8548	2.109436	6.616699	0.741106
23160	-87.36731	-213.3168	125.9495	2.191186	0.2406923	1.106666
23166	-78.34278	-203.3971	125.0543	2.395393	0.7544951	0.8985924
23172	-85.17073	-208.0985	122.9278	1.322217	1.060677	2.922549
23178	-82.54598	-205.2499	122.704	1.592451	2.770848	2.216195
23184	-75.81838	-201.2347	125.4163	2.020519	0.1240108	1.920155
23190	-71.33661	-195.8885	124.5519	2.440622	1.258931	0.8377878
23196	-70.58535	-195.1168	124.5314	2.61936	1.258931	0.4759222
23202	-68.77467	-194.5019	125.7273	1.754054	0.8116585	0.773605
23208	-65.2714	-189.4464	124.175	2.004062	0.8116585	1.864602
23214	-69.85618	-192.6981	122.842	2.497073	5.243519	0.6744496
23220	-71.85783	-195.7926	123.9347	1.501486	2.248052	1.617179
23226	-70.50325	-193.3538	122.8505	1.651528	4.645462	1.61392
23232	-68.80816	-193.5932	124.7851	1.801235	1.52212	1.052197
23238	-66.67142	-191.3632	124.6918	2.200125	1.52212	0.6842516
23244	-65.23439	-188.8602	123.6258	1.446014	3.812031	1.388065
23250	-69.54168	-195.5065	125.9648	1.472036	0.4272549	1.354185
23256	-66.06327	-192.9729	126.9097	1.514999	0.1644406	1.053783
23262	-72.93168	-198.9477	126.016	1.865183	0.3780881	1.053783
23268	-77.87539	-203.0023	125.1269	2.106864	1.091817	0.7048221
23274	-73.06982	-198.4118	125.3419	2.56215	0.5446304	0.6678765
23280	-72.43332	-196.1052	123.6719	2.494801	2.748558	0.7327788
23286	-71.63102	-197.0979	125.4669	2.602173	0.3231936	0.982849
23292	-78.82788	-203.7024	124.8745	1.285111	0.3211169	2.38263
23298	-76.82927	-203.4884	126.6591	1.284433	0.236376	1.286236
23304	-75.46975	-199.1751	123.7054	2.465695	1.965526	1.165717
23310	-72.51802	-196.7056	124.1876	1.879434	1.965526	1.254409
23316	-69.04108	-193.9327	124.8916	2.256142	1.059096	0.8666624
23322	-70.9396	-196.0563	125.1167	2.359387	0.5462552	1.154123
23328	-78.49218	-203.0789	124.5867	2.505816	1.21288	0.7561073
23334	-84.97121	-208.2604	123.2891	1.663273	3.804781	1.481635
23340	-84.52751	-209.4094	124.8819	3.377138	0.3248345	0.3115078
23346	-83.57626	-207.2644	123.6882	3.117776	1.725786	0.4984466
23352	-72.99909	-199.7099	126.7108	2.677294	0.01798683	0.519044
23358	-77.03051	-202.2442	125.2137	2.709261	0.5585709	0.4476357
23364	-66.04246	-191.4626	125.4201	2.041666	0.745881	0.8969691
23370	-64.43746	-189.5775	125.14	2.214226	0.7237318	1.037316
23376	-67.04406	-192.2499	125.2059	2.214226	0.7237318	0.9717817
23382	-68.96375	-191.9899	123.0262	1.828485	5.002952	1.263659
23388	-65.05795	-191.175	126.1171	2.253483	0.1140561	1.263659
23394	-68.08523	-194.4971	126.4119	2.483773	0.1039944	0.7812512
23400	-57.25435	-183.0306	125.7763	2.401901	0.4077297	0.5624009
23406	-72.39476	-197.6859	125.2911	2.893438	0.4077297	0.4797277
23412	-71.61785	-194.8687	123.2508	2.928017	2.486	0.2487537
23418	-71.2569	-196.7998	125.5429	2.595179	0.4330769	0.5053241
23424	-68.30485	-190.9087	122.6039	2.736158	5.426247	0.5053241
23430	-67.85187	-193.0419	125.1901	2.254548	0.7045824	0.9718182
23436	-60.65654	-186.4767	125.8201	2.178777	0.3609924	0.9718182
23442	-57.31448	-182.9786	125.6641	2.316688	0.490367	0.688645
23448	-68.4626	-193.8988	125.4362	2.523314	0.4691247	0.7790217
23454	-70.72833	-197.2556	126.5273	1.84208	0.1192607	1.247497
23460	-79.34763	-204.1056	124.758	1.376318	0.2249952	2.548333
23466	-79.0719	-204.4383	125.3664	1.908531	0.2249952	1.805787
23472	-78.1367	-200.8533	122.7166	1.872781	3.648316	1.783877
23478	-69.3376	-193.0988	123.7613	1.574651	0.9178723	2.340654
23484	-73.87493	-199.0874	125.2125	2.010315	0.3621693	1.61156
23490	-68.9625	-192.9529	123.9904	2.083917	2.678553	0.8951223
23496	-73.71513	-198.7673	125.0522	2.350963	0.9540959	0.6383664
23502	-69.03655	-194.6403	125.6038	2.350963	0.5213431	0.6383664
23508	-71.0812	-197.5162	126.435	2.688402	0.07093713	0.646993
23514	-61.72283	-186.4031	124.6803	2.803679	0.8995132	0.4345401
23520	-59.96089	-184.6709	124.71	2.345398	1.336533	0.6394524
23526	-68.37503	-192.7852	124.4102	2.652643	1.343891	0.6055425
23532	-67.21114	-192.5678	125.3567	2.772588	0.4252713	0.6156462
23538	-65.13892	-190.2186	125.0796	2.626306	0.7003454	0.6156462
23544	-63.08894	-189.4828	126.3939	2.626306	0.09322839	0.6500818
23550	-69.57028	-194.3377	124.7674	2.458696	0.6855305	1.198243
23556	-66.05832	-190.7575	124.6992	1.642007	0.6855305	1.860777
23562	-67.49508	-193.6836	126.1885	2.144648	0.1338608	1.231088
23568	-67.30342	-193.6997	126.3963	1.817693	0.1338608	1.328903
23574	-59.79095	-184.0511	124.2601	1.817693	0.7762576	1.961584
23580	-66.17569	-190.4847	124.309	1.83572	1.19673	1.617154
23586	-59.92898	-184.7536	124.8247	2.354891	1.19673	0.622035
23592	-66.02545	-190.9916	124.9662	1.944232	1.437288	0.7569627
23598	-61.758	-187.2959	125.5379	2.350054	0.5676722	0.3924946
23604	-62.105	-186.9325	124.8275	2.133447	1.143251	0.9848568
23610	-67.68725	-190.8396	123.1524	2.132381	5.166091	0.793138
23616	-66.06212	-190.3454	124.2833	2.158287	1.291485	1.331288
23622	-76.5356	-197.7269	121.1913	2.89263	12.3448	0.4677875
23628	-75.85371	-198.175	122.3213	2.785511	6.310821	0.41696
23634	-66.87183	-189.7075	122.8357	2.675508	4.751606	0.41696
23640	-66.05785	-190.0186	123.9607	1.885415	2.905089	1.026875
23646	-60.57728	-185.0076	124.4303	1.352748	1.068076	1.950238
23652	-66.33944	-191.7568	125.4173	1.642041	1.124519	0.8979476
23658	-66.57143	-190.4396	123.8681	1.953852	1.370675	1.744328
23664	-55.6851	-182.4555	126.7704	1.195056	0.1973078	1.358221
23670	-62.70649	-186.5831	123.8767	0.9459783	3.374002	1.692222
23676	-71.19208	-193.2741	122.082	1.055912	3.374002	2.783399
23682	-71.88856	-196.9591	125.0705	0.6816522	0.7553277	2.192894
23688	-66.85035	-189.3016	122.4513	1.160416	3.09534	2.560515
23694	-61.82403	-186.9407	125.1167	1.359533	0.8935965	1.590338
23700	-61.22533	-185.0091	123.7838	1.205142	3.310766	1.590338
23706	-79.27716	-199.3	120.0229	1.618557	19.67425	2.029849
23712	-66.44311	-191.4143	124.9712	1.358752	0.5205059	2.029849
23718	-62.01032	-185.8287	123.8184	1.36004	2.05619	1.872535
23724	-58.27452	-184.4749	126.2003	1.45144	0.4324855	1.167906
23730	-55.8458	-181.0129	125.1671	1.634285	1.066583	1.198212
23736	-59.51256	-184.4951	124.9826	1.701111	1.449488	1.00983
23742	-61.76436	-186.8997	125.1354	1.588747	1.449488	0.968948
23748	-62.77438	-188.2293	125.4549	1.917327	0.7316632	1.009938
23754	-71.30738	-194.369	123.0616	1.660621	3.390815	1.758352
23760	-65.4236	-187.8251	122.4015	2.95328	5.321021	0.4233605
23766	-67.10566	-189.7752	122.6695	3.564633	2.494264	0.2822827
23772	-61.87234	-183.9703	122.0979	3.375982	4.473263	0.2822827
23778	-60.17853	-183.7095	123.531	3.123682	1.820316	0.31647
23784	-63.21783	-186.7633	123.5455	2.762312	2.611777	0.4478833
23790	-76.65024	-202.34	125.6897	2.521552	0.1502027	1.28335
23796	-76.17731	-197.9141	121.7368	1.992475	2.755496	2.579094
23802	-89.0063	-211.7627	122.7564	1.43315	1.881049	2.579094
23808	-78.18484	-201.2539	123.0691	1.435667	1.672995	2.466079
23814	-79.43703	-201.6115	122.1745	1.338929	1.781849	3.028665
23820	-73.41752	-197.3728	123.9553	1.190087	0.2671307	3.08225
23826	-67.35575	-192.0889	124.7331	1.510293	0.5363678	2.070361
23832	-68.05972	-191.6647	123.605	1.586307	0.7214435	2.574842
23838	-64.9321	-189.6836	124.7515	1.359809	0.2180227	2.574842
23844	-69.06348	-194.5034	125.4399	1.457589	0.6838761	1.4637
23850	-69.59234	-195.4923	125.9	1.676125	0.4570996	1.195226
23856	-63.79237	-188.7192	124.9268	1.662675	1.600846	0.9942953
23862	-71.96518	-196.0879	124.1227	1.383943	1.663495	1.815074
23868	-74.2347	-198.0537	123.819	1.658543	2.551483	1.472564
23874	-71.75551	-195.8314	124.0759	1.173821	1.266119	2.185648
23880	-72.77686	-194.6615	121.8846	1.376019	1.266119	3.401288
23886	-73.90407	-197.4901	123.586	1.379147	1.118085	2.449837
23892	-72.54893	-196.653	124.1041	1.84132	2.809153	0.9698563
23898	-76.9965	-202.2818	125.2853	2.043125	0.9033452	0.8394386
23904	-74.5748	-199.3795	124.8047	2.516817	0.9097689	0.8394386
23910	-79.99842	-204.8964	124.898	2.516817	0.8756678	0.7648004
23916	-73.02582	-197.751	124.7252	2.668398	0.9354715	0.6962869
23922	-78.36307	-201.9011	123.538	2.892364	2.374222	0.4866755
23928	-70.66078	-196.7177	126.057	2.407633	0.2737138	0.4322971
23934	-73.57094	-198.3901	124.8191	2.433276	1.103507	0.6480453
23940	-77.12112	-201.6491	124.528	2.911612	0.9275813	0.3988788
23946	-71.55167	-196.2242	124.6726	2.788801	0.9275813	0.5319773
23952	-73.21746	-197.6804	124.4629	2.002449	0.8261569	1.652752
23958	-77.1842	-202.0394	124.8552	2.088641	1.195412	0.9545936
23964	-65.3784	-188.8736	123.4952	2.394865	3.617221	0.445168
23970	-71.49307	-193.4426	121.9496	2.394865	10.27212	0.6479374
23976	-72.42032	-193.5837	121.1634	2.217193	13.37942	1.241571
23982	-64.30537	-187.7508	123.4454	1.808394	4.281003	1.104537
23988	-67.84319	-188.5565	120.7133	1.998349	13.26929	1.756233
23994	-66.57362	-188.8918	122.3181	0.6661975	0.7345623	3.874302
24000	-66.73131	-193.0354	126.3041	1.003292	0.4110363	1.477661
24006	-59.92906	-186.248	126.3189	1.814749	0.4117831	0.6634801
24012	-64.11504	-188.0017	123.8867	1.389362	3.572395	1.293846
24018	-56.98502	-182.3931	125.408	2.154316	0.7440362	0.7742878
24024	-88.83133	-211.2505	122.4192	1.984708	6.177619	1.38373
24030	-82.8348	-207.4386	124.6038	1.528352	1.149661	1.656224
24036	-79.1574	-205.0313	125.8739	1.196085	0.4080689	1.656224
24042	-78.69043	-203.7682	125.0777	1.591407	0.6591707	1.656224
24048	-87.25046	-210.0536	122.8032	1.517421	0.3450296	3.463071
24054	-68.59953	-193.0283	124.4288	1.914005	2.017888	0.9752057
24060	-70.69744	-195.2543	124.5568	2.299592	1.598316	0.6463977
24066	-67.73646	-191.6608	123.9244	2.1794	2.7016	0.8480698
24072	-65.87818	-190.2171	124.339	2.09302	1.859219	0.9816059
24078	-70.61021	-195.0358	124.4256	3.430228	0.6027021	0.4419224
24084	-68.35298	-192.2171	123.8642	2.932717	1.727556	0.4397311
24090	-63.53694	-187.4826	123.9457	2.932717	1.608608	0.5607159
24096	-63.53684	-187.2423	123.7055	2.4747	2.711965	0.7378631
24102	-72.58896	-196.1869	123.5979	1.866577	2.711965	1.424656
24108	-70.39958	-193.3139	122.9143	1.684019	2.711965	2.036388
24114	-68.61524	-192.3162	123.7009	1.723866	1.962191	1.740153
24120	-71.97882	-194.7595	122.7807	1.702031	4.139825	1.740153
24126	-66.12474	-190.5654	124.4406	1.973482	1.086121	1.492405
24132	-62.0267	-186.8737	124.847	1.486315	1.097634	1.544574
24138	-66.63274	-191.5546	124.9219	1.536652	0.5884665	1.873085
24144	-70.04242	-195.1093	125.0669	1.545562	1.804353	0.8165919
24150	-69.59945	-193.1953	123.5958	1.998367	1.804353	1.689131
24156	-75.76101	-199.3588	123.5977	1.661193	1.174414	2.230685
24162	-70.30796	-191.9238	121.6158	1.487579	1.297282	3.478206
24168	-69.58143	-194.9575	125.3761	1.741107	1.297282	0.5392174
24174	-65.5988	-191.4877	125.8889	2.144252	0.3748066	0.9050341
24180	-62.52731	-187.3555	124.8282	2.285385	1.186854	0.758601
24186	-63.12526	-188.1566	125.0314	2.213352	0.8852447	0.9563363
24192	-65.81478	-192.1519	126.3372	1.946219	0.2616235	0.9104608
24198	-73.602	-199.3581	125.7561	1.542371	0.2616235	1.721404
24204	-80.03269	-202.129	122.0964	1.597407	9.427456	1.440013
24210	-80.82533	-203.0348	122.2095	1.461996	8.284877	1.605251
24216	-83.87193	-208.4175	124.5456	1.389731	1.927767	1.37888
24222	-73.87258	-197.306	123.4334	0.9551698	0.3265056	3.446797
24228	-68.09685	-192.2594	124.1625	0.9917276	0.3265056	2.993448
24234	-73.9662	-196.0294	122.0632	1.620848	11.8242	1.154261
24240	-70.54612	-193.8366	123.2905	1.230929	4.669392	1.594668
24246	-77.93925	-201.3384	123.3992	1.479588	5.950165	1.021988
24252	-92.06875	-216.8409	124.7721	1.692072	0.3395955	2.161379
24258	-88.14103	-214.8231	126.682	2.151886	0.06858236	1.029745
24264	-84.81232	-210.1561	125.3438	1.609561	0.4243046	1.717458
24270	-80.63476	-205.0907	124.4559	1.414946	2.530357	1.163041
24276	-74.02462	-198.4167	124.3921	0.9374956	0.7939935	2.432736
24282	-78.44606	-203.5411	125.0951	1.297444	0.7939935	1.731145
24288	-76.73448	-198.1124	121.378	1.392679	4.917828	2.696678
24294	-88.53781	-208.0535	119.5157	1.122818	4.46883	4.029995
24300	-82.74166	-207.9281	125.1865	1.102095	0.8897965	1.727608
24306	-78.98753	-203.6437	124.6561	0.9883382	0.6568333	2.343773
24312	-63.34291	-188.779	125.4361	2.014921	0.628668	1.066082
24318	-63.51819	-188.5027	124.9845	1.474154	0.628668	1.833384
24324	-60.8643	-185.2492	124.3849	1.183371	1.258323	1.980291
24330	-62.68081	-186.7601	124.0793	1.182603	1.935996	1.863758
24336	-78.94605	-203.625	124.679	1.637213	0.9289421	1.678325
24342	-71.61436	-196.7344	125.12	2.027702	1.089551	0.8315608
24348	-78.34407	-201.967	123.6229	1.833564	2.904263	1.36374
24354	-74.79376	-201.1088	126.3151	1.610267	0.2296194	1.315982
24360	-78.75514	-205.7135	126.9583	0.9322734	0.113292	1.633555
24366	-78.55239	-204.1008	125.5484	1.516636	0.4913094	1.552053
24372	-75.7847	-202.025	126.2403	1.105759	0.4407127	1.406117
24378	-74.42633	-200.8893	126.463	0.9310084	0.2381897	1.697198
24384	-71.89234	-197.501	125.6086	1.692231	0.2381897	1.762701
24390	-83.12018	-208.47	125.3499	1.922418	1.096498	0.6160635
24396	-70.06849	-196.0478	125.9793	0.9907456	0.6324316	1.461752
24402	-70.26301	-194.6524	124.3894	1.704843	1.524451	1.461752
24408	-76.30431	-201.341	125.0367	1.886989	0.4805845	1.667721
24414	-79.20008	-202.4962	123.2961	2.681419	0.4560626	2.328964
24420	-71.3225	-197.3529	126.0304	1.124047	0.1829871	1.972261
24426	-67.91534	-191.3393	123.4239	1.167857	0.720157	2.94206
24432	-66.02004	-188.8106	122.7906	0.9485457	1.920879	2.840399
24438	-67.57382	-192.6331	125.0593	1.603673	0.8987066	1.446953
24444	-68.82761	-193.9598	125.1322	1.360483	0.8146121	1.642706
24450	-80.65091	-205.2216	124.5707	1.731129	1.764834	1.160213
24456	-67.81562	-193.7144	125.8988	1.640531	0.4435861	1.246758
24462	-69.33678	-192.9181	123.5814	1.511974	3.279369	1.522538
24468	-73.30001	-195.435	122.135	1.280272	13.44527	1.205422
24474	-66.92873	-191.6084	124.6796	0.4247548	0.6156	2.71631
24480	-70.45008	-191.8918	121.4417	1.399363	3.011227	3.051097
24486	-69.9233	-193.6035	123.6802	1.721733	2.917227	1.402052
24492	-66.14001	-190.2402	124.1002	1.400627	1.273443	2.016842
24498	-77.3624	-198.8941	121.5317	1.389819	1.83453	3.359748
24504	-80.93866	-199.6785	118.7398	1.918089	40.83837	1.787591
24510	-68.95771	-194.8168	125.8591	1.739712	0.3678204	1.316705
24516	-74.58132	-198.2028	123.6215	1.64808	1.14276	2.242093
24522	-74.78736	-200.0594	125.2721	1.780458	0.4618814	1.598072
24528	-73.28061	-197.7742	124.4936	1.916922	1.109954	1.478372
24534	-82.11226	-206.6308	124.5185	2.372368	1.235295	0.973853
24540	-74.95143	-199.5385	124.5871	2.273183	1.541712	0.7148664
24546	-83.89449	-209.4331	125.5386	2.453895	0.4804931	0.6975774
24552	-72.90942	-198.4052	125.4958	1.710268	0.5557655	1.366112
24558	-69.40169	-194.4727	125.071	1.031581	0.3046922	2.4421
24564	-87.51054	-208.9629	121.4523	2.159851	9.178848	1.532868
24570	-77.83537	-202.1401	124.3047	0.69543	0.5147117	2.873122
24576	-80.16318	-204.3181	124.1549	1.358825	0.8948476	2.242774
24582	-80.63316	-205.5661	124.9329	1.222806	0.6244352	2.041609
24588	-80.25528	-204.4842	124.2289	2.243947	1.421872	1.220461
24594	-76.70727	-201.1132	124.406	2.165661	1.846381	0.834783
24600	-70.43359	-194.9272	124.4936	1.994975	1.726043	1.010255
24606	-72.89898	-198.0954	125.1964	2.380684	0.791918	0.6513211
24612	-81.51342	-204.9644	123.451	2.121138	3.728774	0.9769826
24618	-76.35726	-201.1272	124.7699	1.27478	0.6370668	2.103089
24624	-79.24185	-203.9822	124.7404	2.272434	1.155063	0.9189791
24630	-75.64527	-200.5933	124.948	2.272434	0.9404945	0.9189791
24636	-74.49317	-199.5324	125.0392	2.179191	1.081923	0.7445365
24642	-78.00093	-202.8512	124.8503	1.840449	0.9661575	1.37029
24648	-74.64198	-200.0123	125.3703	1.58992	0.5088124	1.607526
24654	-80.73496	-201.2659	120.5309	1.430212	13.07324	2.272642
24660	-75.09215	-197.5343	122.4421	1.43039	1.45713	2.948243
24666	-68.75257	-192.838	124.0854	1.561172	1.541562	1.777105
24672	-69.24703	-192.2708	123.0238	1.287201	1.541562	2.643456
24678	-80.85847	-202.6242	121.7658	2.131158	5.675765	1.841247
24684	-83.17828	-204.9873	121.809	2.075853	13.43021	0.6992961
24690	-79.56465	-203.1713	123.6067	1.662889	3.090268	1.447418
24696	-74.79547	-199.0531	124.2576	1.996293	1.850731	1.154315
24702	-70.04875	-195.7882	125.7394	2.094166	0.6093228	0.6067952
24708	-73.32347	-198.7879	125.4644	2.10542	0.6093228	0.976624
24714	-71.73211	-197.0711	125.339	1.762182	1.187703	0.775295
24720	-75.12475	-199.9006	124.7758	1.855922	1.348955	1.131736
24726	-80.0246	-203.2292	123.2046	1.625184	4.536097	1.392848
24732	-66.29811	-190.2317	123.9336	2.21177	2.528698	0.8954498
24738	-69.95459	-192.8531	122.8985	2.166358	6.137958	0.7551551
24744	-72.55496	-197.4137	124.8588	2.123743	1.249185	0.8599774
24750	-76.04666	-199.139	123.0923	0.7805276	0.7288054	3.36291
24756	-76.10519	-201.2651	125.1599	0.9701559	0.7288054	1.965831
24762	-74.93578	-195.0705	120.1348	1.786712	18.02906	1.943894
24768	-75.34589	-197.7556	122.4097	1.209732	0.9292206	3.375999
24774	-73.18444	-196.9295	123.745	1.440415	5.580463	0.7790733
24780	-79.44911	-205.488	126.0389	1.128174	0.7793527	1.146661
24786	-74.94848	-200.0677	125.1192	1.673865	1.745357	0.5038326
24792	-77.42682	-202.6354	125.2086	1.583237	1.68502	0.6576514
24798	-85.32006	-209.158	123.8379	2.024997	3.212004	0.8731874
24804	-84.86095	-209.2516	124.3906	1.7206	0.4507403	2.249471
24810	-82.80578	-207.9307	125.1249	1.535359	1.274898	1.159935
24816	-82.82951	-207.3235	124.494	1.723961	0.9810225	1.709743
24822	-84.10404	-209.7114	125.6073	1.842561	0.4625351	1.292843
24828	-88.35364	-210.7062	122.3526	1.09638	3.300123	2.610136
24834	-72.96898	-197.5299	124.5609	1.065447	0.9245904	2.14916
24840	-74.6983	-199.0247	124.3264	1.672718	1.175159	1.734457
24846	-65.41803	-191.5405	126.1224	1.526192	0.3846345	1.248227
24852	-68.02385	-192.1365	124.1126	1.790885	2.269996	1.248227
24858	-68.1227	-193.8248	125.7021	2.132152	0.4414598	0.9816735
24864	-82.33345	-207.5418	125.2083	2.480561	0.6900463	0.6823374
24870	-79.70969	-204.6397	124.93	2.801397	0.6900463	0.5788142
24876	-72.88257	-197.9862	125.1037	2.320898	0.9530884	0.5817273
24882	-73.49582	-196.428	122.9322	2.963636	3.586102	0.4261891
24888	-73.74457	-199.1963	125.4518	2.772814	0.3769105	0.4043743
24894	-72.41542	-197.1106	124.6952	2.782942	0.9074191	0.5599746
24900	-97.17482	-219.2711	122.0963	1.281635	11.41422	1.449761
24906	-84.83664	-208.0535	123.2168	1.733966	3.883355	1.462186
24912	-84.69137	-208.6539	123.9625	1.792852	1.800601	1.574671
24918	-90.76915	-212.1689	121.3997	1.450186	12.87299	1.693984
24924	-90.59391	-216.2555	125.6616	2.239909	0.4125441	0.9673596
24930	-93.88902	-216.0453	122.1563	0.9029151	7.196218	2.16809
24936	-88.6421	-208.4033	119.7612	0.9142337	4.001207	4.094659
24942	-90.14984	-211.8087	121.6589	1.972095	10.7534	1.326611
24948	-91.8491	-216.7032	124.8541	1.634911	0.4267104	2.03136
24954	-87.17627	-213.089	125.9128	1.986316	0.2919608	1.20593
24960	-84.99641	-209.4219	124.4255	1.488999	1.365221	1.68201
24966	-75.10779	-200.1439	125.0362	1.602669	1.66116	0.8978616
24972	-81.6715	-206.2353	124.5638	1.891171	1.996617	0.8659618
24978	-86.40759	-210.5847	124.1771	1.752322	1.996617	1.35117
24984	-93.60121	-214.1106	120.5094	2.315236	20.76376	1.071671
24990	-79.10471	-205.6941	126.5894	2.392213	0.1107701	0.5351024
24996	-83.94702	-204.1365	120.1895	2.185635	29.4964	0.8835929
25002	-78.4671	-202.9631	124.496	1.998162	1.905747	0.8835929
25008	-84.07509	-205.7484	121.6733	1.918856	12.45375	1.161018
25014	-79.67781	-201.0231	121.3453	1.678256	11.40212	1.710508
25020	-77.85341	-199.7586	121.9052	1.734759	10.19413	1.386641
25026	-80.41612	-204.7017	124.2856	1.839857	2.133754	1.120149
25032	-70.2098	-195.2979	125.0882	1.623913	1.488378	0.9512497
25038	-67.8031	-192.1016	124.2985	2.152179	2.151815	0.7558136
25044	-74.55398	-198.7003	124.1463	2.40115	2.151815	0.5296296
25050	-75.86409	-198.2769	122.4128	2.629209	6.348875	0.7137153
25056	-79.2085	-204.0146	124.8061	2.621123	0.9615053	0.4819677
25062	-84.37732	-207.4041	123.0268	2.81186	3.77493	0.5255275
25068	-89.26452	-213.6881	124.4236	2.634666	1.372669	0.5255275
25074	-90.54149	-215.0669	124.5254	2.12203	1.82645	0.7487386
25080	-92.4788	-214.9574	122.4786	1.15566	2.724006	2.6467
25086	-88.43246	-212.5128	124.0804	2.420605	2.001404	0.8051267
25092	-87.56801	-212.2285	124.6605	1.667961	0.1255182	2.628429
25098	-86.95195	-212.5395	125.5876	1.926328	0.2886195	1.517343
25104	-78.54811	-203.4358	124.8877	2.097062	0.5347317	1.559232
25110	-78.75838	-204.3216	125.5632	2.96166	0.252814	0.5378401
25116	-76.634	-201.6916	125.0576	2.485787	0.835865	0.6088484
25122	-81.98929	-208.1775	126.1883	1.659191	0.4779083	0.8993143
25128	-87.72971	-211.2092	123.4795	1.189347	0.6696826	2.935417
25134	-86.06198	-207.0215	120.9595	1.690316	8.793306	2.236083
25140	-83.44909	-204.8694	121.4203	1.904806	8.793306	1.786085
25146	-78.30363	-203.2163	124.9126	1.328969	2.653298	0.6798062
25152	-90.2714	-216.3776	126.1062	1.848076	0.2473111	1.253349
25158	-87.63093	-212.3099	124.679	1.325919	0.1814705	2.707947
25164	-87.8036	-213.6141	125.8105	1.481468	0.522987	1.3387
25170	-72.90401	-197.0728	124.1688	2.198546	2.199948	0.8327882
25176	-67.94774	-193.895	125.9472	1.969927	0.3214359	1.130916
25182	-76.65626	-200.2194	123.5631	2.096194	3.302078	1.048642
25188	-80.32701	-206.5267	126.1997	1.589077	0.2505611	1.379952
25194	-72.09946	-196.5241	124.4246	2.05953	2.241096	0.5959074
25200	-71.03626	-194.7834	123.7471	1.251123	4.795946	1.192306
25206	-65.32839	-191.713	126.3846	1.023026	0.2883425	1.596147
25212	-69.12715	-194.3004	125.1733	0.8993469	0.6267761	2.094211
25218	-71.92681	-195.8707	123.9439	1.386421	1.80633	1.871812
25224	-71.40424	-193.9371	122.5329	1.72678	4.240636	1.871812
25230	-93.25497	-216.0799	122.825	2.217391	6.659403	0.4769682
25236	-89.99051	-215.1555	125.165	2.127119	1.015774	0.729234
25242	-88.31555	-212.8176	124.5021	2.127119	1.672198	0.9003206
25248	-77.46232	-202.0761	124.6138	1.790544	1.672198	1.12344
25254	-84.85002	-207.7551	122.9051	2.756349	4.304021	0.4723116
25260	-81.33124	-205.2723	123.941	2.320533	1.408144	1.399995
25266	-91.3677	-214.5738	123.2061	1.351321	1.29044	2.61051
25272	-74.15036	-198.4303	124.28	1.393016	2.847265	1.206926
25278	-76.71933	-203.0914	126.3721	1.813518	0.3005917	0.9138401
25284	-82.28378	-205.778	123.4942	2.602563	3.096633	0.5328373
25290	-77.70052	-201.6288	123.9283	2.316315	2.756817	0.4719141
25296	-75.74673	-201.6833	125.9366	2.138143	0.3845593	0.8330738
25302	-73.64972	-197.4844	123.8347	1.603944	1.844223	1.78076
25308	-74.87665	-198.362	123.4853	1.592581	4.350338	1.238946
25314	-65.47192	-190.4003	124.9284	1.970741	1.532099	0.6556867
25320	-71.94638	-195.6527	123.7064	1.788184	3.94966	0.9777101
25326	-67.90947	-190.5338	122.6243	1.400174	8.043267	1.373289
25332	-62.79357	-187.9299	125.1364	2.203597	0.8210035	0.9319861
25338	-66.81541	-190.892	124.0766	1.985211	2.559986	0.9692997
25344	-70.2273	-192.1463	121.919	2.49598	9.751379	0.6716427
25350	-67.24185	-192.6108	125.3689	2.415676	0.6560444	0.4590529
25356	-81.14585	-204.4446	123.2987	1.988819	4.716579	0.940829
25362	-81.24808	-205.9899	124.7418	2.614677	1.011165	0.6101784
25368	-85.51756	-209.2449	123.7273	2.393842	2.850112	0.73258
25374	-85.63081	-208.2773	122.6465	2.249554	6.129073	0.9612501
25380	-88.89351	-210.8367	121.9432	2.127107	5.946256	1.673199
25386	-78.6641	-202.1582	123.4941	1.663313	3.311228	1.464929
25392	-71.24935	-196.6584	125.4091	1.827756	0.8717263	0.9798836
25398	-72.92141	-195.2099	122.2885	1.75515	4.333117	1.99762
25404	-76.35433	-200.4069	124.0525	1.279787	3.663619	1.219442
25410	-77.53127	-201.1786	123.6473	2.067762	3.288838	0.9992018
25416	-83.37485	-206.7954	123.4206	1.521195	2.237181	1.964632
25422	-74.86961	-200.2911	125.4215	1.531689	0.642381	1.464074
25428	-69.50775	-193.6538	124.1461	1.731681	1.980526	1.399222
25434	-70.30507	-194.4093	124.1042	1.998061	1.980526	1.217297
25440	-67.28691	-191.3204	124.0335	2.321618	1.980526	0.9850574
25446	-66.73222	-191.9478	125.2155	2.321618	0.717494	0.8506429
25452	-71.6191	-196.7368	125.1177	2.147191	0.717494	1.127816
25458	-80.91778	-205.0805	124.1627	2.147191	1.809101	1.127816
25464	-68.96247	-193.1851	124.2227	2.260149	1.619191	1.084831
25470	-73.98197	-199.1765	125.1945	1.981198	0.7830883	1.134954
25476	-66.379	-190.5503	124.1713	1.784931	2.422014	1.134954
25482	-87.45836	-208.5413	121.0829	1.406404	5.481824	2.775012
25488	-83.1874	-207.8851	124.6977	1.986099	0.7158943	1.591596
25494	-61.71086	-186.7573	125.0464	1.911342	0.7281216	1.372945
25500	-65.30488	-189.0856	123.7807	2.290017	2.95478	0.7400065
25506	-65.11346	-191.1854	126.072	2.290017	0.2736729	0.7764504
25512	-64.28713	-189.6447	125.3575	1.619272	0.8006204	1.286763
25518	-64.7212	-186.9535	122.2323	1.547374	11.40077	1.121442
25524	-66.8722	-190.7803	123.9081	2.068497	1.946586	1.337225
25530	-66.89314	-190.9187	124.0256	2.02487	1.946586	1.27743
25536	-68.67208	-193.1256	124.4536	1.042191	0.3375808	2.772211
25542	-78.22644	-202.5346	124.3081	1.382095	0.4403696	2.527533
25548	-67.58114	-191.1334	123.5522	1.19758	1.535922	2.371858
25554	-67.4136	-191.2703	123.8567	1.27662	0.4568192	2.851663
25560	-66.20986	-189.5709	123.361	1.241833	2.931316	1.968093
25566	-81.29596	-206.6856	125.3896	2.06753	0.5138814	1.214977
25572	-76.26372	-200.7553	124.4916	2.286434	0.3740504	1.905642
25578	-69.46284	-192.392	122.9291	1.365058	1.330812	2.752075
25584	-70.07248	-194.1213	124.0488	1.19434	1.330812	2.155392
25590	-71.64168	-196.8853	125.2436	2.044951	0.8487764	0.9529382
25596	-80.12236	-202.8939	122.7715	2.187831	5.356935	1.08843
25602	-72.74706	-196.6342	123.8872	1.16184	2.682447	1.738907
25608	-72.90062	-193.81	120.9094	1.60003	3.697845	3.089531
25614	-69.98141	-195.6036	125.6222	1.570973	0.2543005	1.807984
25620	-71.88547	-197.4965	125.6111	2.384355	0.4843726	0.6802487
25626	-69.40025	-193.8866	124.4863	2.451358	1.085087	1.060077
25632	-78.2675	-200.7143	122.4468	2.045127	6.359809	1.279282
25638	-76.64276	-200.5711	123.9284	2.184722	1.607744	1.401837
25644	-61.04771	-185.8096	124.7619	1.936266	1.073565	1.279242
25650	-80.45978	-204.6784	124.2186	1.751421	1.498542	1.568587
25656	-77.77528	-202.086	124.3107	1.699298	2.362687	1.113784
25662	-78.83182	-203.1688	124.337	1.262396	0.9267445	2.165253
25668	-79.78544	-204.1092	124.3238	1.082485	1.087161	2.186891
25674	-79.74977	-203.8374	124.0876	2.210521	2.033464	1.011123
25680	-76.13661	-201.4183	125.2817	1.676267	0.6876264	1.41355
25686	-75.13696	-198.7782	123.6412	1.56965	3.34607	1.41355
25692	-70.98982	-197.5085	126.5187	1.56965	0.2333314	1.171049
25698	-72.1384	-198.3162	126.1778	1.970574	0.2333314	1.117722
25704	-77.86625	-203.6204	125.7542	1.7916	0.6237946	0.9801432
25710	-81.58404	-204.6886	123.1045	2.804399	3.499105	0.6357469
25716	-84.68323	-209.864	125.1807	2.804399	0.4483755	0.7938495
25722	-75.86605	-200.2326	124.3665	2.674976	1.37352	0.5991519
25728	-72.44083	-196.586	124.1452	3.011422	1.166008	0.7206058
25734	-73.24455	-198.1279	124.8834	1.69917	1.031126	1.404006
25740	-81.71542	-203.0737	121.3582	3.397036	8.063974	0.473089
25746	-73.84047	-199.6618	125.8213	2.788199	0.1579026	0.8852758
25752	-70.85935	-195.0729	124.2135	2.89197	1.298416	0.5872722
25758	-74.91219	-200.2785	125.3663	2.87336	0.3737242	0.5825926
25764	-66.63792	-192.2341	125.5962	2.569402	0.3926721	0.6728983
25770	-68.95282	-192.5743	123.6214	2.089783	4.058041	0.6366498
25776	-65.19941	-188.9671	123.7677	1.955089	4.058041	0.6072265
25782	-71.53666	-196.652	125.1153	1.774039	1.578206	0.4129831
25788	-68.62106	-195.1121	126.491	1.676221	0.3980059	0.6481733
25794	-74.88216	-199.4443	124.5621	2.234372	1.491612	0.8538305
25800	-71.49081	-197.1746	125.6838	1.362167	0.5456816	1.501016
25806	-70.59515	-197.0006	126.4054	1.368004	0.2386739	1.416391
25812	-70.50646	-196.9707	126.4642	1.498649	0.2398293	1.262688
25818	-68.86976	-193.8403	124.9705	1.656587	1.16678	1.267281
25824	-68.7565	-194.1297	125.3732	1.562891	0.9771467	1.15772
25830	-66.89003	-192.2555	125.3655	2.152463	0.78236	0.7708703
25836	-59.45138	-184.3113	124.8599	2.549799	0.8764425	0.7708703
25842	-64.97163	-188.9328	123.9612	2.326805	2.556095	0.6795402
25848	-67.20731	-191.8474	124.6401	2.103809	1.679905	0.7470708
25854	-61.75762	-186.0873	124.3296	1.698424	1.110346	1.755253
25860	-57.94457	-183.8809	125.9363	1.538741	0.2642122	1.59016
25866	-65.08626	-190.7284	125.6421	1.635512	0.3499679	1.59016
25872	-64.41375	-189.8916	125.4778	2.299884	0.65128	0.5978535
25878	-65.87009	-189.9241	124.054	2.344614	2.311953	0.7014727
25884	-64.10891	-188.5756	124.4667	2.005784	2.154856	0.7194088
25890	-57.99935	-182.8133	124.8139	2.812374	0.7191517	0.3270156
25896	-62.81624	-186.1841	123.3679	2.812374	2.882573	0.5733246
25902	-64.60135	-188.4089	123.8076	2.998965	1.490405	0.2658515
25908	-63.56527	-184.9936	121.4284	3.112037	8.349071	0.2658515
25914	-73.20365	-199.4676	126.264	2.436678	0.1804935	0.6416531
25920	-70.55456	-193.1774	122.6228	2.398952	6.595136	0.6462975
25926	-72.56344	-198.2143	125.6508	2.518778	0.383775	0.6978538
25932	-73.53635	-197.837	124.3007	2.427765	1.481437	0.9393471
25938	-65.23013	-190.596	125.3659	2.357308	0.7035563	0.5306474
25944	-63.90816	-190.0683	126.1601	1.95713	0.3739502	0.805716
25950	-78.77383	-200.4309	121.6571	2.46671	6.036067	1.619185
25956	-84.95547	-207.9316	122.9761	2.052699	4.337046	1.283102
25962	-75.6794	-199.1758	123.4964	2.329845	2.58494	1.179003
25968	-71.72203	-197.3341	125.6121	2.103555	0.6354947	0.7593985
25974	-71.85156	-197.6316	125.78	1.446395	0.4989975	1.420776
25980	-71.82753	-197.7859	125.9583	1.76688	0.2548123	1.420776
25986	-73.51201	-199.0253	125.5133	1.565293	0.2701963	1.859016
25992	-77.93803	-201.8716	123.9336	1.565293	2.970934	1.306798
25998	-75.898	-201.7295	125.8315	1.898675	0.4114344	1.133219
26004	-83.15765	-209.5906	126.433	1.649985	0.2514348	1.133219
26010	-77.9171	-203.8889	125.9718	1.6658	0.3305405	1.348653
26016	-74.84542	-201.1516	126.3062	1.935596	0.1300862	1.317901
26022	-72.79277	-198.2899	125.4971	1.174866	0.6067564	1.706397
26028	-75.80107	-200.1689	124.3678	1.811535	2.239298	1.015108
26034	-76.18211	-196.4536	120.2715	1.581102	19.85327	1.877279
26040	-61.99077	-184.7895	122.7988	2.035999	5.126331	1.251738
26046	-65.06768	-186.6596	121.5919	1.658544	11.17194	1.57083
26052	-73.10859	-198.5833	125.4747	1.777291	0.6759228	1.186929
26058	-74.49617	-196.2699	121.7737	1.310527	9.21104	1.902013
26064	-75.27904	-198.4841	123.2051	1.262587	2.123561	2.314852
26070	-76.34534	-200.2634	123.9181	1.393099	1.173147	2.197658
26076	-73.27357	-196.5825	123.3089	1.633467	3.373406	1.606462
26082	-75.002	-198.1536	123.1516	1.597091	4.137223	1.549641
26088	-77.17243	-199.5126	122.3402	1.984053	5.5469	1.561724
26094	-69.88744	-195.3364	125.449	2.170458	0.5497218	1.016015
26100	-68.93019	-195.1392	126.209	1.932509	0.2756616	1.021298
26106	-70.63192	-195.4205	124.7886	1.505392	1.54637	1.292459
26112	-73.13109	-198.2991	125.168	1.900668	0.6857488	1.328344
26118	-73.56102	-198.3348	124.7737	2.774577	0.6857488	0.886129
26124	-69.28215	-192.0177	122.7356	2.032431	7.941106	0.5818572
26130	-62.05926	-185.746	123.6867	2.467843	2.825836	0.3455129
26136	-65.68285	-190.1182	124.4353	2.759066	1.154261	0.3601151
26142	-66.70576	-190.5252	123.8194	2.724453	2.158376	0.5289488
26148	-68.74855	-192.2065	123.458	2.804941	2.719166	0.5165514
26154	-73.14069	-196.4964	123.3557	2.325286	3.828185	0.8134494
26160	-75.05232	-200.2097	125.1574	1.038842	0.4375307	2.209971
26166	-75.03193	-201.4787	126.4468	1.677691	0.1394361	1.383566
26172	-82.69712	-208.0858	125.3887	2.099365	0.4947205	1.215455
26178	-91.30674	-216.8746	125.5679	2.201796	0.4947205	0.9530167
26184	-83.84668	-208.2274	124.3807	1.997693	1.06461	1.534267
26190	-76.04317	-200.7363	124.6931	1.688377	1.061366	1.534267
26196	-76.42116	-200.7656	124.3445	1.727765	1.731233	1.368491
26202	-78.44131	-203.1214	124.6801	2.093232	1.731233	0.6302955
26208	-76.66834	-199.7425	123.0742	2.563876	4.378609	0.5274478
26214	-71.2541	-194.5136	123.2595	2.505038	3.805968	0.7016437
26220	-77.16885	-199.0958	121.9269	2.662272	8.987507	0.5239344
26226	-78.25781	-202.4153	124.1574	2.195056	2.484526	0.6143596
26232	-86.03066	-209.7712	123.7405	2.301211	2.816861	0.8596766
26238	-83.60248	-206.4481	122.8457	2.112528	4.227213	1.367884
26244	-82.19034	-205.8156	123.6253	1.896225	2.74662	1.367884
26250	-79.45078	-204.4194	124.9686	2.137808	0.9291326	1.047332
26256	-77.40952	-203.0982	125.6887	2.211682	0.4094472	0.9745878
26262	-80.38445	-203.3553	122.9708	2.461577	4.195077	0.9577632
26268	-75.68799	-202.142	126.454	2.410634	0.1373775	0.597123
26274	-73.75102	-197.7201	123.969	2.886011	1.493036	0.2984511
26280	-79.13549	-202.6327	123.4972	3.015108	2.141181	0.3677609
26286	-74.21166	-199.2533	125.0416	2.441455	0.5120131	1.195393
26292	-71.14827	-195.9109	124.7627	1.862166	1.791667	0.8110296
26298	-68.67438	-193.3217	124.6473	1.943723	1.419901	1.118522
26304	-73.62787	-198.6294	125.0016	1.175829	1.571892	1.371241
26310	-67.39425	-192.4942	125.1	1.273716	0.6682636	1.854295
26316	-71.00569	-196.1904	125.1847	2.277463	0.8239638	0.7803985
26322	-80.4682	-203.9786	123.5103	2.345416	3.416976	0.7803985
26328	-87.77026	-207.0582	119.2879	1.882327	57.47466	0.7803985
26334	-77.2311	-203.503	126.2719	1.75015	0.3738016	0.9194666
26340	-81.34547	-205.6769	124.3315	1.320224	2.389313	1.400743
26346	-78.16789	-203.1928	125.0249	1.750278	0.2156821	2.157905
26352	-80.49634	-203.7336	123.2373	1.300452	2.28721	2.212828
26358	-79.47867	-204.6943	125.2156	1.434583	0.516593	1.817635
26364	-86.17283	-209.7091	123.5363	1.364619	0.8586581	2.653155
26370	-83.23091	-208.0338	124.8028	1.730692	1.262321	1.276379
26376	-73.53095	-199.8779	126.3469	2.285861	0.08021963	1.164314
26382	-73.93875	-200.4589	126.5201	1.701055	0.1366892	1.314746
26388	-68.63302	-194.7098	126.0768	2.166585	0.2570081	0.9659524
26394	-77.88647	-199.2951	121.4086	0.9724495	2.832993	3.369377
26400	-68.60481	-192.7738	124.169	1.96234	1.730946	1.321587
26406	-76.14627	-201.6447	125.4984	1.909952	0.205278	1.752273
26412	-77.14795	-202.9366	125.7886	1.912365	0.23687	1.475461
26418	-74.53511	-197.2931	122.758	2.138245	5.606017	1.086933
26424	-86.72834	-212.83	126.1016	1.869744	0.4266546	0.8610701
26430	-75.8414	-200.0785	124.2371	1.974162	2.160684	1.025814
26436	-77.97021	-202.5455	124.5753	1.761341	1.544325	1.258547
26442	-73.69201	-198.6517	124.9597	1.87339	1.017265	1.211998
26448	-69.71864	-195.4081	125.6895	1.761369	0.4185812	1.355822
26454	-75.5706	-201.267	125.6965	1.727625	0.3543834	1.474575
26460	-69.60838	-195.2396	125.6313	1.937996	0.3543834	1.362432
26466	-78.19682	-204.065	125.8682	1.625758	0.5014934	1.200884
26472	-84.92707	-208.5711	123.644	2.070465	1.710063	1.64697
26478	-94.26635	-216.255	121.9887	1.724231	1.710063	2.936971
26484	-79.01497	-201.9669	122.952	0.9817047	1.40148	2.936971
26490	-70.89083	-195.4976	124.6068	1.458416	1.40148	1.552404
26496	-74.68038	-198.4454	123.765	1.937874	2.330083	1.384593
26502	-70.67502	-194.1985	123.5235	2.266064	3.120729	0.9924164
26508	-66.26425	-190.3939	124.1296	1.66823	0.3123475	2.621056
26514	-71.53391	-193.1886	121.6547	1.562939	9.630878	1.762379
26520	-72.36006	-195.7596	123.3995	1.47335	1.616265	2.257138
26526	-73.49343	-198.2459	124.7525	2.129825	1.04069	1.149463
26532	-81.67458	-205.346	123.6714	2.167897	3.570281	0.7184889
26538	-74.49268	-201.0892	126.5965	2.081482	0.0937177	1.068601
26544	-70.28866	-196.25	125.9614	1.752875	0.4648314	1.058803
26550	-76.24295	-201.5505	125.3075	2.530658	0.61989	0.4882449
26556	-69.69181	-195.9747	126.2829	2.39241	0.1915896	0.3969772
26562	-75.35354	-201.2889	125.9353	1.752058	0.3340201	1.30263
26568	-65.74239	-189.852	124.1096	1.491886	0.8297332	2.233085
26574	-63.15403	-186.6931	123.5391	1.833114	2.503254	1.568549
26580	-75.81981	-201.3346	125.5148	1.940019	0.4501479	1.306557
26586	-75.17377	-200.1709	124.9971	1.286265	1.266962	1.47021
26592	-80.33236	-203.1591	122.8267	1.306739	1.266962	2.881629
26598	-77.0422	-202.081	125.0388	1.819922	0.6252673	1.552633
26604	-75.44678	-202.1729	126.7261	1.47479	0.05016444	1.61755
26610	-85.89782	-210.4888	124.591	1.864668	1.548417	1.154383
26616	-81.81546	-207.1562	125.3408	1.728774	0.9163854	1.094592
26622	-77.0105	-197.4943	120.4839	1.859668	5.116916	2.92263
26628	-74.67573	-199.6946	125.0189	2.097281	0.7200142	1.25328
26634	-63.21325	-188.7834	125.5701	1.834144	0.5611043	1.196693
26640	-66.91625	-190.7716	123.8553	1.934488	0.9697421	2.010614
26646	-66.33386	-189.9003	123.5664	1.900961	1.627497	1.858988
26652	-62.66756	-188.5449	125.8774	2.307102	0.3133739	0.8820426
26658	-68.08057	-190.8285	122.748	2.1521	4.838241	1.264798
26664	-70.50945	-195.6054	125.096	2.358509	0.8030669	0.8230041
26670	-77.79766	-204.3695	126.5718	2.25898	0.1317701	0.7133237
26676	-79.14709	-204.6929	125.5458	2.196582	0.4980738	0.9755822
26682	-81.88166	-206.258	124.3763	2.184377	1.769944	0.9047639
26688	-76.61706	-201.8312	125.2142	1.457632	0.5044656	1.816381
26694	-80.61731	-203.8466	123.2293	1.372282	1.669833	2.406499
26700	-71.95511	-195.7056	123.7505	2.166983	3.247115	0.7868342
26706	-80.85253	-205.6087	124.7562	1.518215	0.7454706	1.853948
26712	-87.80139	-212.5074	124.706	1.483815	0.3964604	2.263703
26718	-92.84358	-217.4352	124.5916	2.0541	0.5299686	1.805977
26724	-80.16362	-202.361	122.1973	1.734191	4.890272	1.960831
26730	-81.17799	-204.613	123.435	1.891892	2.411746	1.634657
26736	-81.76211	-205.3309	123.5688	2.150806	3.570179	0.8793982
26742	-78.96914	-202.8843	123.9151	0.9917708	1.129487	2.479829
26748	-74.23991	-197.5407	123.3008	1.068933	1.506437	2.622889
26754	-78.27458	-202.8109	124.5363	1.047096	1.506437	1.838367
26760	-84.13087	-208.0274	123.8965	1.047096	1.506437	2.261921
26766	-78.16596	-202.7053	124.5393	1.261353	1.724311	1.577693
26772	-75.64337	-201.3487	125.7053	1.750099	0.09451558	1.988716
26778	-81.15876	-207.4189	126.2601	2.047136	0.1923469	1.08045
26784	-80.52839	-206.2162	125.6878	1.595877	0.2046854	1.839861
26790	-74.85861	-200.8506	125.992	1.315729	0.553553	1.287243
26796	-72.9266	-197.0721	124.1455	2.273901	2.361447	0.6005462
26802	-78.37496	-203.4895	125.1145	2.597019	0.6796165	0.6650899
26808	-76.17503	-202.309	126.134	2.098467	0.3613071	0.6650899
26814	-73.13184	-196.5552	123.4234	2.443584	2.970192	0.9780399
26820	-67.38565	-191.0786	123.693	1.920864	4.081892	0.7880368
26826	-70.06868	-193.5457	123.477	2.239684	3.224335	1.023001
26832	-76.72417	-200.3301	123.606	2.24062	3.224335	0.8863654
26838	-85.47796	-209.0715	123.5936	2.622588	1.259011	1.525663
26844	-83.23034	-204.9829	121.7526	1.874634	4.481431	2.240041
26850	-76.58263	-202.6685	126.0859	1.723369	0.1451399	1.605199
26856	-70.57468	-195.4915	124.9168	1.673409	0.3935251	2.005862
26862	-73.49036	-197.2697	123.7794	1.715379	0.267443	2.871804
26868	-69.73831	-194.5354	124.797	2.073854	0.9529999	1.235022
26874	-81.11128	-205.6527	124.5414	2.010882	0.8121249	1.601743
26880	-79.27074	-204.7122	125.4415	2.0932	0.6433833	0.9633246
26886	-69.76875	-192.9473	123.1786	2.80024	3.340754	0.4023811
26892	-69.80869	-195.2335	125.4248	3.093349	0.2552434	0.4612062
26898	-77.75384	-199.8882	122.1344	3.000282	6.252419	0.5252519
26904	-70.73452	-196.4392	125.7047	2.609374	0.320163	0.6782139
26910	-74.16523	-198.5778	124.4126	1.561601	1.023769	1.849596
26916	-80.88865	-204.2961	123.4074	1.493317	3.720772	1.542459
26922	-76.17104	-201.1703	124.9993	1.432178	1.083619	1.481112
26928	-80.84757	-206.1122	125.2646	1.788674	1.372157	0.4445077
26934	-70.42221	-196.6423	126.2201	1.498294	0.5493611	0.9138237
26940	-71.82882	-197.5953	125.7664	1.066494	0.5493611	1.65287
26946	-67.60021	-193.3917	125.7915	0.7550338	0.5493611	1.853309
26952	-65.18585	-189.6247	124.4389	1.03939	1.623732	1.853309
26958	-66.12923	-193.0239	126.8946	0.9260609	0.1721344	1.529318
26964	-70.12382	-194.0107	123.8869	0.6994243	2.158457	2.226307
26970	-71.15678	-197.0384	125.8816	1.08739	0.9633916	1.141001
26976	-74.60799	-197.2617	122.6537	2.150463	6.211335	1.033972
26982	-68.88347	-193.8052	124.9217	1.196632	1.044745	1.735436
26988	-72.27774	-196.7013	124.4236	1.356774	2.205384	1.375785
26994	-74.4023	-201.5239	127.1216	2.063281	0.01486355	0.8844206
27000	-72.44972	-198.6336	126.1838	1.901236	0.2675428	1.093951
27006	-70.32915	-195.4183	125.0891	1.874884	0.3825116	1.766188
27012	-75.74624	-197.6503	121.9041	1.46304	9.954318	1.619415
27018	-83.64684	-206.0888	122.442	1.204614	8.314065	1.619415
27024	-74.06169	-196.6056	122.544	1.145667	3.888755	2.323383
27030	-79.77919	-205.3738	125.5946	2.054051	0.2919745	1.408885
27036	-79.63346	-203.4161	123.7826	1.355356	0.7287689	2.602114
27042	-76.89199	-202.6229	125.7309	1.85788	0.2851298	1.467299
27048	-73.91407	-198.9271	125.0131	2.257193	0.9555558	0.8431986
27054	-80.38603	-206.4761	126.09	2.354575	0.281761	0.4313727
27060	-81.53316	-205.6499	124.1167	2.370942	1.964123	0.8497696
27066	-81.13187	-206.4986	125.3667	1.694259	0.5918108	1.436817
27072	-74.79988	-197.2645	122.4647	1.6423	6.856821	1.493949
27078	-66.08021	-191.2503	125.1701	1.76905	0.748654	1.367381
27084	-67.40796	-193.349	125.941	1.281693	0.4569144	1.478394
27090	-66.22386	-190.2209	123.997	1.177411	1.581996	2.076667
27096	-67.8896	-192.227	124.3374	0.8675184	0.5572673	2.707525
27102	-82.65313	-207.6783	125.0251	1.929329	1.178574	0.9589926
27108	-90.53759	-217.0939	126.5564	1.928362	0.2412055	0.7168496
27114	-66.7673	-191.3803	124.613	2.014947	1.763041	0.8305651
27120	-68.47717	-191.084	122.6068	2.061115	7.587846	0.8639867
27126	-69.28431	-191.7604	122.4761	1.797735	9.80262	0.8639867
27132	-58.43218	-183.6256	125.1934	1.978034	0.8829476	1.032564
27138	-61.79017	-185.4957	123.7056	1.862749	1.085014	2.082383
27144	-70.07711	-193.8623	123.7852	2.341958	2.317584	1.025665
27150	-76.79656	-199.7811	122.9845	3.249379	2.114922	1.028554
27156	-70.06442	-194.5946	124.5302	2.947221	0.8999867	0.4172783
27162	-67.80503	-193.0359	125.2309	3.169229	0.2753232	0.334909
27168	-71.22781	-196.7361	125.5083	2.645327	0.3876982	0.334909
27174	-57.71597	-183.7886	126.0726	2.543689	0.209371	0.6339956
27180	-64.17457	-189.4238	125.2492	2.364233	0.7213439	0.7411316
27186	-63.56197	-186.9467	123.3848	1.575648	3.642664	1.519037
27192	-77.32045	-203.087	125.7665	1.134561	0.4680076	1.699122
27198	-87.10737	-209.9491	122.8418	1.796277	3.626837	1.755403
27204	-78.68749	-203.2905	124.603	1.343883	1.210714	1.749258
27210	-78.22698	-202.3452	124.1182	1.866389	1.324501	1.6552
27216	-72.43619	-195.9647	123.5285	2.061677	2.707622	1.327551
27222	-71.01468	-195.0317	124.017	2.061677	0.9986934	1.794719
27228	-67.37919	-192.6583	125.2791	1.844828	1.25665	0.6324582
27234	-58.36722	-184.0395	125.6723	2.662629	0.3235685	0.6153071
27240	-75.96279	-202.1783	126.2155	1.588194	0.564559	0.7809797
27246	-79.24636	-204.3512	125.1048	1.953822	1.193124	0.8256725
27252	-62.81514	-186.8324	124.0173	3.04085	1.374275	0.4919897
27258	-66.99793	-190.7196	123.7217	3.295463	1.374275	0.3699038
27264	-66.68244	-193.8416	127.1592	1.919472	0.0884816	0.5065007
27270	-67.70194	-191.284	123.5821	2.71922	2.617415	0.4337271
27276	-69.36464	-194.0526	124.688	2.766611	0.8776759	0.6984245
27282	-68.10429	-193.1725	125.0682	2.252522	0.8776759	0.8820574
27288	-77.16367	-200.0859	122.9222	2.070507	5.574608	1.002045
27294	-70.37895	-194.1789	123.8	2.136292	2.976018	0.9012389
27300	-62.78595	-188.0601	125.2741	2.660483	0.5539054	0.526761
27306	-65.47801	-189.1794	123.7014	2.660483	2.501337	0.4513896
27312	-66.87115	-192.5936	125.7224	2.169044	0.4468701	0.9106844
27318	-80.4596	-203.6491	123.1895	2.361696	4.303849	0.7752529
27324	-68.07313	-191.6642	123.5911	2.305574	3.40464	0.7266216
27330	-78.92918	-203.447	124.5178	1.975338	2.109915	0.3263384
27336	-78.63057	-202.3976	123.7671	2.160487	2.390931	0.1520187
27342	-70.07424	-194.0885	124.0143	0.8193959	0.9132668	2.657747
27348	-63.98122	-187.4675	123.4863	1.125391	2.776354	2.007996
27354	-58.65264	-183.9018	125.2491	1.162566	0.2529867	2.326462
27360	-66.55574	-191.3945	124.8388	0.9473786	0.2529867	2.716807
27366	-63.04388	-185.6526	122.6088	1.047995	5.771404	1.987582
27372	-54.43733	-178.5427	124.1054	1.698245	2.942758	1.052093
27378	-56.29776	-182.6079	126.3101	1.756308	0.07805698	1.616609
27384	-60.26253	-186.1252	125.8627	1.384868	0.3745209	1.575203
27390	-76.88129	-200.5615	123.6802	2.117009	3.507807	0.8128457
27396	-68.02052	-193.3962	125.3757	1.403617	1.238178	1.080322
27402	-67.86652	-192.1286	124.2621	1.510586	1.950695	1.493067
27408	-64.22827	-189.9418	125.7135	1.71874	0.469584	1.297233
27414	-65.66794	-191.1286	125.4607	1.186384	1.104568	1.297233
27420	-78.35595	-202.9885	124.6326	1.820745	1.897363	0.9347114
27426	-77.54563	-200.7262	123.1805	1.341689	1.897363	2.364239
27432	-77.38652	-202.0103	124.6238	2.427809	0.9455227	1.08277
27438	-75.43571	-200.9515	125.5158	1.5217	0.4365925	1.641522
27444	-82.34106	-206.526	124.1849	1.663355	2.092317	1.371684
27450	-71.10248	-196.7691	125.6667	1.543961	0.7417947	1.148821
27456	-74.50139	-199.3829	124.8816	1.967319	0.7417947	1.444053
27462	-76.3677	-199.0736	122.7059	1.458921	11.2296	0.7182777
27468	-65.43305	-191.3506	125.9175	1.85324	0.6596757	0.4251644
27474	-70.46894	-195.3079	124.839	2.048142	1.563484	0.3875808
27480	-78.77833	-202.9558	124.1775	1.375122	1.911427	1.671341
27486	-79.78955	-205.2803	125.4908	1.871564	0.4639606	1.361073
27492	-78.14802	-201.5633	123.4153	1.449503	2.910476	1.795862
27498	-77.15766	-203.4046	126.247	1.245109	0.3649904	1.405653
27504	-72.9712	-196.8176	123.8464	1.241118	1.553715	2.14674
27510	-85.51792	-210.121	124.6031	2.26768	1.235482	0.994194
27516	-85.37152	-210.0705	124.699	2.326914	1.091399	0.9671577
27522	-84.43879	-209.8507	125.4119	2.326914	0.5001833	0.9756343
27528	-82.24266	-208.2982	126.0555	2.030895	0.2991999	1.020014
27534	-82.33708	-208.6083	126.2712	2.012425	0.212348	1.046684
27540	-78.62043	-203.8505	125.2301	2.138917	0.579348	1.203346
27546	-84.6035	-206.2177	121.6142	1.237438	1.123414	3.711919
27552	-77.31947	-201.2853	123.9658	1.298927	1.123414	2.256504
27558	-77.35228	-203.3581	126.0058	1.592067	0.4406038	1.201794
27564	-80.78498	-206.3311	125.5462	2.119459	0.4246716	1.168372
27570	-81.14094	-207.3496	126.2087	2.616299	0.1117433	0.8323757
27576	-77.42583	-203.2219	125.7961	2.487846	0.342875	0.3837303
27582	-75.17678	-199.5932	124.4164	1.834616	2.678173	0.6358809
27588	-76.15963	-201.0416	124.8819	1.722215	1.844082	0.7945252
27594	-74.97821	-201.1147	126.1365	1.509312	0.2490871	1.492582
27600	-75.77761	-202.3468	126.5692	2.082747	0.1934778	0.6596912
27606	-75.73879	-201.9573	126.2186	2.468569	0.1934778	0.5617992
27612	-76.94928	-202.4308	125.4816	2.334402	0.6272722	0.5817666
27618	-79.08962	-203.6244	124.5348	1.815253	2.52773	0.5459132
27624	-86.1759	-209.6722	123.4963	0.7444619	3.873356	1.967254
27630	-70.16656	-195.2584	125.0918	1.612361	1.690794	0.7933123
27636	-71.26589	-197.4115	126.1456	1.395909	0.3695141	1.359704
27642	-86.60693	-210.4692	123.8623	0.7939023	0.9958858	2.714208
27648	-86.93855	-211.6555	124.717	0.6933741	0.6789071	2.472769
27654	-73.79387	-198.4559	124.6621	1.33842	1.200319	1.717949
27660	-70.55644	-195.3876	124.8312	1.772911	0.7456651	1.622208
27666	-75.55318	-200.0219	124.4687	1.73715	1.049407	1.670324
27672	-70.12205	-193.2948	123.1727	1.399305	3.949205	1.722082
27678	-77.52437	-200.1234	122.5991	1.540581	3.949205	2.017428
27684	-71.95099	-194.8218	122.8708	1.476878	1.473631	2.651454
27690	-75.18718	-198.5471	123.3599	1.672878	1.473631	2.220141
27696	-75.37107	-199.5103	124.1393	1.140061	1.169865	2.220141
27702	-74.99622	-199.5039	124.5077	1.615188	1.169865	1.649938
27708	-73.22123	-198.9713	125.75	1.441404	1.025076	0.8538855
27714	-71.59451	-196.184	124.5895	1.665783	1.412182	1.402474
27720	-70.02123	-193.5059	123.4847	1.64541	4.761409	1.083634
27726	-73.16095	-198.1163	124.9553	1.599692	1.960191	0.7641694
27732	-77.46598	-201.9102	124.4442	1.785759	2.643904	0.7085605
27738	-73.77382	-199.8365	126.0627	1.509814	0.5591713	1.047454
27744	-70.15201	-195.4274	125.2754	0.381547	0.5591713	2.424945
27750	-81.60155	-205.0479	123.4464	0.5285904	2.739575	2.430097
27756	-76.49474	-200.007	123.5123	0.8747983	0.9490583	2.907008
27762	-70.81701	-197.3445	126.5275	0.8259877	0.4519575	1.384638
27768	-70.87056	-196.37	125.4995	1.410178	0.5806951	1.562682
27774	-66.08325	-192.8958	126.8126	2.000595	0.1416197	0.6803714
27780	-71.27056	-197.6099	126.3393	1.617109	0.5231118	0.6275883
27786	-73.45818	-199.8226	126.3644	1.215176	0.1795412	1.687056
27792	-77.12077	-199.4554	122.3346	1.554509	13.23814	0.7316088
27798	-74.54878	-199.6278	125.079	1.577206	1.774829	0.7834573
27804	-80.84879	-206.9066	126.0578	1.805118	0.4605158	0.9155194
27810	-78.12684	-202.5037	124.3769	2.68109	1.347283	0.6115017
27816	-82.22093	-208.1809	125.9599	2.262055	0.1102662	1.395073
27822	-81.57614	-206.6368	125.0607	1.460244	1.152811	1.363008
27828	-91.71011	-213.5314	121.8213	1.745762	2.537414	2.74204
27834	-82.66278	-208.8969	126.2341	1.7658	0.3977336	0.8914702
27840	-77.87927	-203.4608	125.5816	1.899819	0.3980247	1.362582
27846	-76.15446	-199.4784	123.324	1.549274	4.271879	1.422931
27852	-83.83224	-208.7534	124.9212	1.950586	1.483313	0.763052
27858	-80.26374	-206.274	126.0103	2.09435	0.3096605	0.9776303
27864	-65.09464	-189.8275	124.7329	1.682949	1.031523	1.530216
27870	-76.83391	-200.2172	123.3833	2.12745	4.601174	0.6948485
27876	-70.71004	-196.0217	125.3117	1.855374	0.9295789	0.9872257
27882	-64.3582	-189.6787	125.3205	1.954022	0.8949825	0.9128751
27888	-65.80023	-191.1792	125.379	2.126991	0.8478829	0.6643513
27894	-69.53234	-195.1935	125.6611	1.853539	0.840209	0.6643513
27900	-65.9863	-191.2811	125.2948	2.315903	0.5430437	1.034649
27906	-63.07056	-188.3226	125.2521	1.716148	0.9434738	1.159972
27912	-81.15003	-205.6081	124.458	1.279483	0.9833236	2.036178
27918	-81.95383	-206.5343	124.5805	1.640859	0.4577394	2.170314
27924	-86.22437	-210.3222	124.0978	1.298848	1.212345	2.119692
27930	-85.99745	-210.8752	124.8778	1.635811	0.4392334	1.999784
27936	-85.68245	-211.6785	125.9961	1.529058	0.1533364	1.786323
27942	-77.47171	-199.4857	122.014	0.9724295	1.041449	3.678629
27948	-78.534	-202.5539	124.0199	1.383219	0.0771889	3.308342
27954	-78.31189	-203.338	125.0261	1.974548	0.3530618	1.782498
27960	-80.72117	-204.2868	123.5656	2.391248	0.481541	2.3141
27966	-72.67982	-199.2264	126.5466	1.577873	0.03456748	1.726666
27972	-81.32045	-205.9076	124.5871	2.480429	1.360633	0.527991
27978	-80.10293	-205.2612	125.1582	1.956425	1.265227	0.637407
27984	-83.07762	-207.2617	124.1841	1.831528	1.735658	1.410477
27990	-83.05836	-207.0002	123.9418	1.552587	2.315657	1.548528
27996	-83.60731	-205.8505	122.2432	1.128388	1.606611	3.183012
28002	-85.74787	-209.5201	123.7723	2.158309	2.74659	1.013365
28008	-81.20488	-207.4371	126.2322	1.257439	0.2729727	1.563444
28014	-72.46548	-198.2586	125.7931	1.794287	0.4831137	1.146197
28020	-71.69985	-197.108	125.4082	2.453209	0.5632278	0.6944031
28026	-76.16544	-200.7896	124.6241	1.919982	1.059366	1.412635
28032	-83.92128	-208.1186	124.1973	1.495597	1.885189	1.581626
28038	-71.97741	-196.1058	124.1284	2.046845	1.305867	1.527233
28044	-64.34708	-188.9101	124.563	2.734002	1.065279	0.6280948
28050	-69.58696	-193.9266	124.3396	1.803901	1.951362	1.196924
28056	-67.78517	-191.293	123.5078	1.793182	1.875256	1.862353
28062	-72.83157	-197.1049	124.2733	1.465699	1.875256	1.552272
28068	-70.83472	-194.6566	123.8219	1.289836	2.464596	1.768277
28074	-68.96221	-192.7739	123.8117	1.844838	2.911402	1.196899
28080	-78.73448	-201.2508	122.5163	2.142599	7.07542	0.9878655
28086	-76.22313	-202.5375	126.3143	2.016627	0.1488485	1.186775
28092	-84.11883	-206.6534	122.5345	2.868461	5.186992	0.4781747
28098	-76.6029	-200.8563	124.2534	3.458918	0.5581618	0.238554
28104	-73.15463	-197.8583	124.7037	2.464477	1.234775	0.5475895
28110	-66.09496	-191.2791	125.1841	1.868053	1.234775	0.7867844
28116	-67.36904	-191.4205	124.0515	1.164998	1.297833	2.190135
28122	-72.94193	-197.8343	124.8924	1.150959	0.8520273	1.925363
28128	-70.57452	-194.4919	123.9174	1.588048	2.041891	1.649823
28134	-66.60403	-190.578	123.974	1.680363	2.041891	1.54136
28140	-89.83888	-212.4172	122.5783	1.413347	2.860566	2.3853
28146	-89.28367	-212.4573	123.1736	1.774056	1.486101	2.268936
28152	-78.25966	-201.9296	123.6699	1.482125	2.632001	1.682785
28158	-76.17125	-200.6895	124.5183	1.657434	1.062591	1.682785
28164	-76.07134	-200.8182	124.7468	2.008848	1.176589	1.150155
28170	-68.59479	-192.9428	124.348	2.064279	1.176589	1.431093
28176	-75.26863	-199.2906	124.022	2.332755	1.176589	1.475006
28182	-71.61365	-196.0672	124.4535	1.592257	1.377742	1.580272
28188	-74.16175	-199.2043	125.0425	1.627181	0.3441013	2.019973
28194	-70.66805	-195.9697	125.3017	1.294092	1.272701	1.217158
28200	-63.0776	-186.8396	123.762	1.691906	2.358347	1.562068
28206	-58.73914	-181.7259	122.9868	1.397237	3.517209	1.957013
28212	-61.44348	-184.6444	123.2009	1.648198	3.517209	1.634362
28218	-59.76891	-183.7167	123.9477	1.737513	3.384596	0.9916603
28224	-56.1217	-179.7539	123.6322	1.607096	3.384596	1.379827
28230	-58.3724	-182.384	124.0116	1.618013	0.946363	2.132142
28236	-62.47968	-187.2257	124.7461	1.348355	2.320182	1.055889
28242	-72.04534	-198.4764	126.431	2.142396	0.1876393	0.8114836
28248	-70.11191	-196.114	126.0021	2.047323	0.3805952	0.8731121
28254	-64.98118	-190.6036	125.6224	2.053153	0.6019055	0.8731121
28260	-67.89936	-193.3127	125.4133	1.303461	0.6019055	1.679626
28266	-69.04349	-192.1603	123.1168	1.278648	2.015708	2.399774
28272	-65.92674	-187.5689	121.6421	1.522239	2.047297	3.140689
28278	-66.67483	-191.1859	124.511	1.274689	2.047297	1.440183
28284	-70.04838	-193.9794	123.931	2.047462	1.73344	1.440183
28290	-77.60971	-199.2063	121.5966	2.579413	11.6222	0.4399983
28296	-72.78372	-197.6625	124.8788	2.579413	0.9316195	0.4801041
28302	-70.42655	-196.7853	126.3587	2.709676	0.06683864	0.773894
28308	-64.1071	-188.3957	124.2886	2.885252	1.202448	0.3937033
28314	-69.00127	-194.983	125.9817	2.493097	0.2352116	0.7573762
28320	-63.16617	-188.0241	124.858	2.493097	0.913397	0.7964648
28326	-68.35883	-192.5203	124.1614	2.210139	1.625492	1.180544
28332	-62.8486	-186.9945	124.1459	1.714998	1.92828	1.43635
28338	-63.01429	-188.6618	125.6475	1.761496	0.1634933	1.842604
28344	-66.91608	-192.7561	125.84	2.009654	0.4572254	0.9362419
28350	-64.13871	-190.153	126.0143	1.752071	0.4572254	1.021405
28356	-64.5207	-189.6817	125.161	1.962796	1.09182	0.8582825
28362	-77.82222	-200.7153	122.8931	1.459277	2.483306	2.267689
28368	-78.67828	-202.8128	124.1345	1.874371	3.224318	0.6506443
28374	-80.5784	-205.8862	125.3078	1.807967	0.9259451	1.04155
28380	-81.8219	-205.8341	124.0122	1.705333	3.727962	0.8118896
28386	-78.63127	-203.2091	124.5778	1.306627	0.6229455	2.220219
28392	-80.07824	-204.5491	124.4708	1.440246	0.8914904	1.984847
28398	-81.03622	-204.8426	123.8064	2.862184	0.8914904	1.448606
28404	-82.57456	-205.7239	123.1494	1.949461	5.931494	0.7775456
28410	-91.5586	-215.9502	124.3916	1.470681	0.4046688	2.461426
28416	-86.20314	-211.4055	125.2024	1.128826	0.8955468	1.693056
28422	-80.51036	-205.3419	124.8316	1.794709	1.774297	0.8235229
28428	-83.4086	-207.4487	124.0401	2.689673	1.844479	0.5057198
28434	-96.96121	-218.1553	121.1941	2.295988	17.56951	0.555549
28440	-83.79907	-207.9011	124.102	0.8578357	0.815229	2.647382
28446	-84.88663	-209.2646	124.3779	1.196737	0.4261761	2.615349
28452	-84.68036	-209.8288	125.1484	1.195733	0.3402187	2.238184
28458	-85.71915	-210.4281	124.7089	0.7145051	0.9879422	2.238184
28464	-81.66868	-207.3071	125.6384	2.441531	0.213838	1.225063
28470	-74.955	-200.8846	125.9296	1.696019	0.2671431	1.472902
28476	-69.32033	-194.6093	125.2889	1.626704	0.2671431	1.974408
28482	-61.28378	-187.2283	125.9445	1.471591	0.2712203	1.620227
28488	-70.59426	-193.9882	123.3939	1.05394	0.3302223	3.407288
28494	-67.06824	-193.1352	126.067	1.633621	0.2712828	1.407571
28500	-71.24856	-196.2839	125.0353	1.718504	0.3534155	1.950599
28506	-77.57369	-203.0535	125.4798	1.742681	0.390888	1.569733
28512	-84.07165	-208.0872	124.0155	1.570464	1.26745	1.963298
28518	-83.14075	-206.7476	123.6069	1.428745	0.6880458	2.697575
28524	-73.33834	-197.0541	123.7157	1.707006	2.544505	1.516288
28530	-70.46615	-195.5841	125.118	1.674775	1.426387	0.9144421
28536	-62.85006	-187.7196	124.8695	1.614329	1.426387	1.208175
28542	-65.86017	-191.6324	125.7723	1.889871	0.6289875	0.8428016
28548	-71.41066	-194.1678	122.7571	1.795739	5.720901	1.353885
28554	-89.80058	-216.6207	126.8202	2.508903	0.03607279	0.5352095
28560	-71.76448	-196.3854	124.621	1.744696	1.601778	1.199835
28566	-72.3224	-195.2584	122.936	1.42149	4.986727	1.646948
28572	-67.04046	-191.1008	124.0603	1.887496	2.106455	1.285449
28578	-75.2153	-196.503	121.2877	1.114174	6.854452	2.629396
28584	-73.40903	-197.579	124.1699	1.836732	2.178758	1.202647
28590	-65.88167	-189.7475	123.8658	2.399961	2.711346	0.5257338
28596	-69.28441	-195.0027	125.7183	1.646099	0.4585788	1.366931
28602	-63.80447	-188.627	124.8225	1.693375	1.77984	0.946556
28608	-67.32596	-192.467	125.141	1.693133	0.4620046	1.753592
28614	-67.88385	-192.1301	124.2463	1.707542	1.534405	1.561343
28620	-66.56458	-191.1245	124.5599	1.659401	1.713802	1.259007
28626	-71.1417	-196.0777	124.936	2.086521	0.7904436	1.259007
28632	-73.28243	-196.9882	123.7057	2.033402	1.47138	1.748334
28638	-68.78908	-195.2851	126.496	1.905696	0.1618459	1.083549
28644	-67.9705	-194.1496	126.1791	2.049149	0.2716393	0.9429829
28650	-81.30131	-207.8548	126.5535	1.504135	0.1904708	1.301053
28656	-87.24774	-214.5099	127.2622	1.498832	0.1557689	0.6847715
28662	-67.561	-192.4556	124.8946	2.122399	1.004129	1.059216
28668	-66.71948	-191.2447	124.5252	2.139856	1.407018	1.059216
28674	-70.17215	-195.2977	125.1255	1.804363	0.5030605	1.636279
28680	-70.67501	-195.5719	124.8969	1.056439	0.9268906	1.930954
28686	-74.00382	-198.7578	124.754	1.32077	1.804803	1.328705
28692	-77.68102	-200.6999	123.0189	1.696275	4.149277	1.571355
28698	-86.68207	-210.6827	124.0006	1.378742	3.074763	1.367286
28704	-65.39428	-190.6282	125.2339	1.953157	0.9294476	0.9668706
28710	-70.43568	-195.8807	125.445	1.953157	0.7528725	0.9566894
28716	-63.50716	-189.4245	125.9174	1.771473	0.2015765	1.559119
28722	-62.57537	-188.0693	125.4939	1.49793	0.3796607	1.750713
28728	-62.98644	-187.4112	124.4248	2.163112	2.020284	0.6461717
28734	-60.43986	-186.9825	126.5427	1.88819	0.2242036	0.855268
28740	-64.86995	-191.3691	126.4991	2.319872	0.146203	0.6338771
28746	-70.86926	-193.1646	122.2954	2.180976	9.244423	0.7114255
28752	-66.84417	-192.0598	125.2157	2.459699	0.6542903	0.7798364
28758	-65.00349	-191.1199	126.1164	2.30331	0.2500092	0.7798364
28764	-70.10764	-194.6283	124.5207	2.291191	1.334149	0.9710045
28770	-71.70971	-197.6423	125.9325	1.939571	0.4264055	0.9710045
28776	-67.91088	-193.4675	125.5567	2.196879	0.4138722	1.107942
28782	-70.09528	-195.8363	125.741	1.945513	0.6321564	0.8062281
28788	-76.45014	-201.0427	124.5926	2.01697	1.444323	1.084516
28794	-61.98623	-187.8226	125.8363	2.01697	0.4548962	0.9367192
28800	-66.43376	-192.5595	126.1257	1.705983	0.1518102	1.571665
28806	-64.77697	-188.5344	123.7575	1.641983	1.998601	1.742854
28812	-78.45029	-203.4602	125.01	3.300386	0.3439489	0.5423528
28818	-67.40063	-193.1084	125.7078	2.479393	0.4049455	0.5432938
28824	-73.98158	-200.456	126.4744	1.684874	0.2522334	1.061139
28830	-82.67724	-207.7219	125.0447	1.654709	1.361452	1.060382
28836	-71.90684	-197.2374	125.3306	2.073918	0.9780136	0.5592932
28842	-79.40422	-203.8931	124.4889	2.287705	0.9587907	1.307829
28848	-68.87854	-193.629	124.7505	2.058882	0.3584712	1.905974
28854	-62.37585	-188.7033	126.3274	1.581188	0.1350794	1.559284
28860	-80.16893	-203.8754	123.7065	1.280608	0.6638383	2.74707
28866	-72.05731	-197.3522	125.2949	1.835927	0.5850297	1.39048
28872	-72.73576	-197.4598	124.724	1.642632	0.1923981	2.46261
28878	-68.78346	-193.7446	124.9612	1.703476	0.9597797	1.395851
28884	-64.78062	-189.5073	124.7266	1.942563	1.616836	0.8978728
28890	-75.31635	-200.5032	125.1869	2.039085	1.114055	0.6817166
28896	-83.85709	-207.6748	123.8177	2.497476	1.660202	1.20864
28902	-78.92845	-200.6636	121.7351	2.564704	10.72233	0.4230657
28908	-73.59191	-196.4899	122.898	2.564704	4.964518	0.539369
28914	-89.62801	-213.7365	124.1085	2.474532	2.090625	0.5137056
28920	-75.54705	-202.0228	126.4758	1.999659	0.1509686	1.049231
28926	-69.18348	-195.478	126.2945	1.955978	0.2489597	0.9801243
28932	-63.26002	-188.7284	125.4684	1.240707	0.4849493	1.813066
28938	-60.49223	-185.377	124.8847	2.382484	0.9909658	0.8009202
28944	-59.18377	-184.628	125.4442	1.945488	0.5483669	1.225789
28950	-55.83555	-178.9721	123.1365	1.636338	3.074337	1.811186
28956	-64.79711	-190.1902	125.393	1.455484	0.9614747	1.246417
28962	-74.18979	-196.857	122.6672	1.674126	6.237922	1.421335
28968	-70.46385	-193.6162	123.1524	1.967501	4.513434	1.159608
28974	-91.38341	-216.4257	125.0423	2.097416	0.4979996	1.488112
28980	-71.45823	-195.7012	124.2429	2.180162	2.294283	0.6735261
28986	-63.8518	-189.4895	125.6377	1.671621	0.6221931	1.201185
28992	-61.65068	-184.3724	122.7217	2.108927	7.350718	0.3396152
28998	-71.03771	-193.4213	122.3836	2.49599	6.872121	0.2951732
29004	-81.36604	-204.4536	123.0876	1.986517	4.347384	1.242907
29010	-78.17381	-202.5323	124.3585	2.409668	1.51383	0.8682103
29016	-79.89658	-204.8002	124.9036	1.731868	1.51383	1.010296
29022	-83.25602	-207.9935	124.7375	1.894478	1.296438	1.169091
29028	-90.11833	-213.4687	123.3503	1.795899	0.9982338	2.408207
29034	-72.35532	-194.9294	122.5741	2.242527	6.009244	1.067884
29040	-65.93952	-188.8542	122.9147	1.757751	7.319482	0.9203884
29046	-68.20388	-191.0586	122.8547	1.816605	6.755135	1.043313
29052	-81.13584	-204.5522	123.4164	2.335724	2.795873	1.158283
29058	-80.07621	-203.7221	123.6459	2.046568	2.599641	1.285688
29064	-66.53817	-192.2116	125.6734	2.077975	0.3608637	1.202019
29070	-75.26793	-200.4952	125.2272	2.214677	0.6257841	1.07845
29076	-79.48878	-202.0942	122.6054	2.390705	4.270522	1.326709
29082	-79.26871	-203.1671	123.8984	1.763033	1.358866	1.861864
29088	-81.32886	-201.4425	120.1137	1.577207	14.49328	2.336205
29094	-75.34827	-200.0601	124.7118	1.786934	0.8110111	1.641406
29100	-73.36173	-195.7453	122.3835	1.550359	11.49488	0.9600124
29106	-68.96292	-194.761	125.7981	2.153629	0.3822919	0.9759766
29112	-68.94557	-192.0648	123.1193	1.87246	5.203569	1.096511
29118	-71.09935	-194.4442	123.3449	1.444689	5.604616	1.182594
29124	-69.05769	-194.066	125.0083	1.887037	1.153022	1.04096
29130	-67.08885	-192.4913	125.4024	2.262457	0.5067353	1.038409
29136	-70.0793	-191.7662	121.6869	2.526708	11.36382	0.4454497
29142	-72.27835	-197.3431	125.0648	1.958991	0.615511	1.439042
29148	-77.34095	-202.5042	125.1633	1.796514	1.03178	1.087197
29154	-78.59332	-201.6716	123.0783	1.767294	1.394412	2.378235
29160	-79.66947	-202.7447	123.0753	1.343402	3.640991	1.902839
29166	-76.88453	-201.2986	124.414	1.889385	0.3747351	2.218183
29172	-69.49368	-194.7228	125.2291	1.916448	0.3747351	1.648794
29178	-68.60231	-191.4531	122.8508	1.153987	1.301166	2.942213
29184	-71.0965	-195.2402	124.1437	1.336582	0.3194363	2.805941
29190	-69.39769	-192.921	123.5233	1.892726	3.085733	1.334537
29196	-78.26373	-201.3994	123.1357	2.352722	2.683071	1.416522
29202	-84.46928	-209.44	124.9707	2.421324	0.97863	0.6020017
29208	-76.42004	-199.9022	123.4822	2.234963	2.752771	1.205452
29214	-69.73421	-193.9668	124.2326	2.214599	2.277132	0.6421548
29220	-83.44033	-207.4074	123.9671	2.864072	1.670106	0.4266172
29226	-81.1417	-205.1883	124.0466	2.73309	1.617495	0.7571391
29232	-66.68816	-193.5286	126.8404	1.716975	0.1398026	1.008173
29238	-73.20603	-199.8075	126.6015	1.480739	0.3061854	1.008173
29244	-76.82358	-201.6677	124.8442	2.264091	1.266462	0.6494806
29250	-67.06747	-191.7933	124.7258	2.410259	1.268875	0.5639475
29256	-73.71752	-199.316	125.5985	2.49103	0.4228211	0.7069483
29262	-85.40127	-208.4556	123.0543	1.005405	2.417515	2.473985
29268	-80.49926	-204.6345	124.1352	1.320125	2.888028	1.37021
29274	-74.62403	-199.4789	124.8549	2.070356	1.550788	0.5203662
29280	-71.20478	-196.4236	125.2188	2.03591	0.9244211	0.8996948
29286	-68.27613	-192.9695	124.6934	1.813865	1.160146	1.368617
29292	-74.67276	-196.8723	122.1995	1.725837	6.739003	1.646064
29298	-78.36672	-199.8913	121.5246	1.706155	14.675	1.238574
29304	-86.54818	-208.0894	121.5413	2.681576	9.838819	0.2344484
29310	-79.2186	-204.2601	125.0415	3.058038	0.3949218	0.300271
29316	-73.98331	-196.9794	122.996	3.651002	1.716296	0.2648356
29322	-74.92275	-198.7655	123.8428	3.193089	1.133792	0.2348111
29328	-84.42211	-208.9565	124.5344	2.244726	1.694668	0.3613083
29334	-82.10986	-207.3317	125.2218	1.660576	0.8767088	1.293011
29340	-82.11163	-205.8141	123.7025	2.013212	1.426985	1.788028
29346	-78.72149	-204.0545	125.333	2.163084	0.3432225	1.437719
29352	-80.86691	-205.9331	125.0662	2.163084	0.6301539	1.259156
29358	-83.31243	-206.335	123.0225	2.286331	5.384269	0.6597121
29364	-75.36646	-201.9708	126.6044	1.900186	0.1237005	1.1152
29370	-77.66811	-204.2936	126.6255	2.33115	0.1175624	0.5088726
29376	-82.35048	-206.8263	124.4759	2.657955	1.280497	0.5088726
29382	-94.48464	-218.1998	123.7151	1.885792	3.070715	1.186368
29388	-81.98353	-206.4935	124.51	1.193178	0.672633	2.292763
29394	-81.58875	-206.5232	124.9345	1.2117	1.23421	1.592607
29400	-71.29039	-195.1282	123.8379	1.225269	1.23421	2.322856
29406	-73.19855	-197.1822	123.9836	1.22213	1.23421	2.231464
29412	-74.65012	-198.5475	123.8974	1.939046	2.704433	1.12025
29418	-77.51393	-203.0095	125.4956	1.581161	0.4694591	1.570741
29424	-78.82818	-204.0102	125.182	1.703381	0.9305126	1.242617
29430	-70.99877	-194.5549	123.5561	1.427389	0.8693129	2.594824
29436	-71.74253	-194.3096	122.567	1.308001	1.120788	3.113527
29442	-71.43937	-195.8725	124.4332	1.477029	1.120788	1.83031
29448	-76.16853	-200.7627	124.5941	1.719313	0.7417673	1.83031
29454	-75.21667	-198.7773	123.5607	2.574746	2.974286	0.5913885
29460	-66.7535	-189.8383	123.0848	2.043916	5.207664	0.9620188
29466	-68.21884	-190.2828	122.0639	2.009113	10.21905	1.009404
29472	-67.35339	-191.2339	123.8805	1.943354	3.116005	0.9592984
29478	-68.47188	-191.7212	123.2493	1.514782	2.783975	1.903297
29484	-70.4915	-194.3303	123.8388	1.749629	0.8963688	2.193502
29490	-77.5772	-200.4269	122.8497	1.590817	1.16363	2.749164
29496	-75.29537	-200.0414	124.746	1.57183	0.4634405	2.100801
29502	-76.07472	-200.1814	124.1066	1.687891	0.5894772	2.308923
29508	-66.69134	-191.7287	125.0374	2.309375	0.6227298	1.168124
29514	-67.25947	-192.8225	125.563	2.141159	0.2922488	1.365003
29520	-66.23916	-191.7188	125.4797	1.98781	0.7155016	0.9329167
29526	-76.44586	-202.5078	126.0619	1.26918	0.3711317	1.518498
29532	-67.64004	-193.5252	125.8851	1.445978	0.3711317	1.518498
29538	-68.82477	-194.3008	125.476	1.89377	0.9568732	0.6988847
29544	-68.32824	-192.2236	123.8954	2.266026	2.559062	0.2581031
29550	-70.77771	-196.7512	125.9735	2.085591	0.4722121	0.4334149
29556	-67.70636	-190.1517	122.4454	1.91335	10.33804	0.4256459
29562	-84.56225	-202.8078	118.2456	2.143318	88.57863	0.4628591
29568	-70.26798	-192.377	122.1091	1.709882	12.46238	0.9431555
29574	-67.30786	-190.8838	123.576	1.403675	5.685645	0.9867554
29580	-71.74466	-196.4656	124.7209	1.615616	2.009238	0.9867554
29586	-78.44349	-203.6721	125.2286	1.515712	0.6358257	1.625271
29592	-74.2215	-198.6382	124.4167	1.331131	1.228388	1.876245
29598	-73.21258	-198.1728	124.9602	1.636985	0.4967709	1.876245
29604	-72.91722	-197.9926	125.0754	1.617803	0.4967709	1.810403
29610	-70.86927	-196.1776	125.3083	1.384859	0.4967709	1.810403
29616	-76.55669	-202.7241	126.1674	1.774067	0.1354633	1.533933
29622	-75.88079	-199.9028	124.022	2.169655	2.112962	1.069991
29628	-66.6091	-191.5982	124.9891	1.047133	0.7025494	2.050723
29634	-69.69027	-192.9225	123.2323	1.754608	1.930534	2.050723
29640	-78.27093	-203.3057	125.0348	1.312432	1.516067	1.26672
29646	-87.29995	-211.7657	124.4657	1.872948	2.15348	0.8969799
29652	-91.02718	-215.9789	124.9517	1.365536	1.048052	1.590906
29658	-79.5536	-201.7109	122.1573	1.412275	14.65892	0.9230538
29664	-70.86036	-196.0583	125.1979	2.476865	0.742892	0.4892077
29670	-71.06891	-195.0452	123.9763	2.933871	1.562686	0.4417266
29676	-70.73916	-193.4003	122.6612	3.199343	3.69632	0.4417266
29682	-66.79299	-190.343	123.5501	2.949199	2.145118	0.3536505
29688	-65.53491	-191.4451	125.9102	2.442646	0.3258435	0.4909256
29694	-69.5714	-194.0839	124.5125	3.228187	0.6912808	0.5137258
29700	-67.89977	-193.8282	125.9284	1.289929	0.5476835	1.366222
29706	-61.99652	-186.9959	124.9994	1.120771	1.570792	1.416452
29712	-68.32442	-194.4826	126.1582	1.238386	0.4513798	1.351487
29718	-69.54136	-195.4593	125.9179	1.650327	0.2614837	1.526647
29724	-72.27262	-197.4791	125.2065	2.400192	0.5277985	1.061531
29730	-73.33702	-198.5171	125.1801	2.419246	0.7535021	0.6982579
29736	-70.95156	-195.0897	124.1381	2.577425	1.837325	0.4093275
29742	-64.96434	-191.2873	126.323	2.354473	0.1980172	0.5395582
29748	-75.64588	-200.1222	124.4763	2.056023	1.408031	1.178555
29754	-77.7019	-203.635	125.9331	3.217345	0.06632651	0.3849117
29760	-76.16336	-199.2473	123.084	2.368925	3.616583	1.129295
29766	-73.392	-198.1819	124.7899	1.107595	0.7514381	2.10129
29772	-72.69273	-198.0803	125.3876	0.7472124	0.6903368	1.995835
29778	-79.81888	-205.1548	125.3359	0.6999823	1.100804	1.75596
29784	-91.16962	-216.771	125.6014	1.810303	0.1239638	1.937243
29790	-83.97439	-210.3277	126.3533	1.7597	0.1340247	1.408016
29796	-86.55786	-212.8064	126.2486	1.777491	0.1584959	1.408016
29802	-79.39472	-202.4377	123.043	1.62022	7.087173	0.9809246
29808	-77.32099	-201.7821	124.4611	1.966986	2.199688	0.7503301
29814	-91.34403	-213.2132	121.8691	2.640832	9.247057	0.6466965
29820	-73.2306	-200.0034	126.7728	1.350217	0.0932621	1.524891
29826	-74.0884	-200.3417	126.2533	1.739833	0.3312343	1.040351
29832	-92.27909	-217.3223	125.0432	1.091854	0.2261856	2.545814
29838	-99.43898	-221.7843	122.3453	0.5835391	0.5932144	4.015763
29844	-68.33886	-192.0662	123.7274	1.259033	2.516518	1.837256
29850	-83.39971	-207.1959	123.7962	1.31711	0.307871	3.043104
29856	-83.50105	-207.8286	124.3275	1.527844	1.069232	1.900669
29862	-71.33231	-195.0134	123.6811	0.7240781	0.9157761	2.917267
29868	-76.75881	-201.594	124.8352	0.6697285	0.9157761	2.233952
29874	-69.97439	-193.1433	123.1689	0.98588	2.469609	2.39776
29880	-77.60885	-202.132	124.5232	1.596123	1.447939	1.485646
29886	-73.54328	-198.2289	124.6856	1.796259	1.855068	0.9320686
29892	-71.92226	-196.4083	124.4861	1.821095	1.855068	1.104123
29898	-76.61884	-199.1397	122.5209	1.800718	0.8800494	2.990851
29904	-80.80406	-204.1789	123.3748	0.9701713	1.356413	2.708456
29910	-75.27423	-198.4174	123.1431	1.159067	1.660573	2.597526
29916	-81.80535	-206.0243	124.219	1.29553	1.660573	1.811053
29922	-76.5054	-200.0614	123.556	1.918442	2.364254	1.544674
29928	-75.73969	-198.759	123.0194	1.579579	2.507111	2.100175
29934	-81.6998	-204.5526	122.8527	1.247906	0.8274088	3.158151
29940	-86.02179	-211.0827	125.0609	1.013344	0.3921848	2.342782
29946	-83.8088	-207.7476	123.9388	0.9673823	2.068068	2.05068
29952	-77.42186	-201.2488	123.827	2.100971	3.003181	0.897614
29958	-80.83192	-202.1078	121.2758	1.699122	17.24985	1.223669
29964	-79.09015	-201.1032	122.0131	2.427834	8.206305	0.9821781
29970	-74.8906	-198.7164	123.8258	2.414699	2.767038	0.5232629
29976	-72.99941	-197.2003	124.2008	1.808768	2.993122	0.8035782
29982	-71.13996	-195.3772	124.2373	1.573917	2.993122	1.023989
29988	-74.70129	-198.435	123.7337	2.172068	2.777497	1.023989
29994	-74.19681	-198.859	124.6622	1.562323	0.3059548	2.363259
30000	-76.51797	-199.9335	123.4155	1.780249	5.931831	0.5966255
30006	-78.53722	-200.8333	122.2961	1.979585	8.586483	1.075501
30012	-80.29599	-200.7593	120.4633	0.9627154	9.348762	2.936755
30018	-72.7962	-197.4691	124.6729	1.497299	2.491835	0.887718
30024	-73.95981	-199.2902	125.3304	3.106309	0.2728363	0.3713828
30030	-73.18949	-196.2727	123.0832	2.068886	5.286175	0.9143079
30036	-69.00175	-193.8605	124.8588	1.824597	1.509331	0.9651571
30042	-73.84112	-198.3961	124.5549	1.462653	1.92518	1.314678
30048	-64.37925	-190.7866	126.4073	1.661655	0.2976129	1.04059
30054	-64.86856	-189.0378	124.1693	1.954968	2.579512	0.8915925
30060	-63.13212	-187.5429	124.4108	1.873991	1.066735	1.601532
30066	-62.13837	-187.608	125.4697	1.796566	0.6177022	1.243033
30072	-65.78111	-192.1544	126.3733	1.773867	0.2131867	1.168967
30078	-64.03477	-190.6957	126.6609	2.089912	0.04343918	1.217258
30084	-53.86669	-179.3639	125.4972	1.860808	0.9188402	0.779018
30090	-57.95708	-183.1215	125.1644	1.433965	0.4270018	1.95798
30096	-53.89857	-178.3506	124.452	1.473464	1.372445	1.670167
30102	-47.75681	-173.5856	125.8288	1.565359	0.1603212	1.860107
30108	-60.1684	-185.5119	125.3435	1.367367	0.4863095	1.810303
30114	-65.722	-192.0124	126.2904	1.546292	0.283401	1.275376
30120	-60.05435	-185.5896	125.5353	1.706491	1.065819	0.7319881
30126	-61.61282	-188.1225	126.5097	1.813475	0.3127399	0.6923284
30132	-58.93179	-184.2119	125.2801	1.652674	1.282684	0.8854201
30138	-60.13673	-187.0011	126.8644	1.796196	0.1572548	0.8265003
30144	-63.97966	-187.3036	123.324	1.926222	4.370555	1.081827
30150	-56.7101	-182.2174	125.5073	1.986903	0.8082559	0.7607763
30156	-62.85615	-188.9812	126.1251	2.8595	0.1071888	0.4208325
30162	-65.72308	-190.6769	124.9538	2.200421	1.253655	0.4678845
30168	-62.97152	-190.1648	127.1933	2.150329	0.01220496	0.6194402
30174	-68.12814	-194.8121	126.6839	1.705578	0.1475211	1.139547
30180	-65.95938	-192.8532	126.8938	2.336854	0.05526533	0.4484919
30186	-77.71954	-202.9279	125.2084	3.105713	0.3251208	0.3708548
30192	-75.02896	-199.3637	124.3348	2.56742	1.527641	0.3708548
30198	-61.32749	-186.6301	125.3026	1.560354	0.4970425	1.691261
30204	-68.33	-192.9248	124.5948	1.163671	0.9321205	2.057269
30210	-71.3494	-197.1075	125.7581	1.366857	0.4313432	1.585091
30216	-68.66796	-193.4309	124.7629	1.302827	0.4313432	2.301044
30222	-67.74459	-193.543	125.7984	1.711044	0.4313432	1.289708
30228	-63.04871	-187.797	124.7483	1.596684	1.78233	1.111594
30234	-68.83745	-193.5421	124.7047	1.868059	1.205599	1.283923
30240	-73.35671	-198.46	125.1033	1.729502	1.668606	0.5789095
30246	-74.35954	-199.2969	124.9374	1.821467	1.668606	0.7357628
30252	-70.14088	-195.5864	125.4455	1.575786	0.6529515	1.400528
30258	-67.84226	-193.358	125.5158	1.426779	0.6529515	1.461083
30264	-86.84762	-211.2995	124.4519	2.525065	1.396882	0.7002423
30270	-71.02064	-192.7004	121.6798	0.9212222	3.831822	3.006414
30276	-70.37955	-194.7238	124.3442	1.542401	2.894198	0.9914608
30282	-78.41211	-203.3373	124.9252	1.880585	0.3437969	1.929284
30288	-72.56987	-196.5821	124.0122	1.660837	2.905194	1.184996
30294	-74.87781	-201.1394	126.2616	1.361782	0.5889916	0.9517292
30300	-71.76716	-194.2243	122.4572	0.8828287	2.678476	2.839528
30306	-71.38911	-195.8365	124.4474	1.747683	1.175096	1.5944
30312	-68.46579	-194.2764	125.8106	1.255135	0.6669535	1.35071
30318	-70.54146	-196.1988	125.6573	1.29188	0.6669535	1.441489
30324	-68.44202	-194.1825	125.7405	1.737023	0.6669535	0.9889726
30330	-67.54187	-192.5345	124.9926	2.110857	0.9503384	1.028733
30336	-61.30455	-187.0329	125.7284	2.083299	0.3174551	1.23017
30342	-71.99227	-195.3094	123.3171	1.788963	2.952148	1.612272
30348	-75.46159	-198.793	123.3314	2.0484	2.991932	1.394223
30354	-63.60674	-186.316	122.7093	2.229096	6.459418	0.8258691
30360	-72.68501	-196.6451	123.96	2.816249	1.770342	0.5176322
30366	-68.31152	-193.5405	125.229	2.472308	0.7197046	0.4627837
30372	-75.89863	-200.9516	125.053	2.638839	0.7213841	0.5752568
30378	-83.04571	-207.4288	124.383	2.637097	1.394096	0.6141367
30384	-71.03567	-193.5826	122.5469	2.350599	6.005199	0.9901053
30390	-77.29811	-201.3951	124.097	2.095069	2.749096	0.689582
30396	-78.72103	-201.9702	123.2492	1.177636	2.749096	2.137973
30402	-77.85356	-201.2841	123.4306	1.234865	1.233163	2.573351
30408	-75.47542	-199.6905	124.215	1.622421	1.628104	1.598132
30414	-69.38996	-192.0308	122.6409	1.345672	6.762253	1.598132
30420	-67.92644	-190.6519	122.7254	2.056175	5.056921	1.311049
30426	-63.90365	-188.7405	124.8368	2.181381	1.368187	0.6651539
30432	-71.88633	-195.5402	123.6539	2.531221	1.368187	1.482412
30438	-61.5078	-185.8094	124.3016	1.638068	1.368187	1.662412
30444	-61.18766	-187.642	126.4544	1.517471	0.4858829	0.7172526
30450	-64.33804	-190.6919	126.3538	1.58801	0.4525606	0.8401133
30456	-63.03344	-187.396	124.3626	1.53507	0.8551633	2.020549
30462	-65.82073	-189.4296	123.6089	1.096889	2.257065	2.113958
30468	-72.02091	-195.3442	123.3233	0.800462	2.109494	2.536439
30474	-72.46425	-196.1579	123.6937	0.753806	0.7106761	3.036012
30480	-72.33571	-195.0253	122.6896	0.9675308	1.551588	3.036012
30486	-77.11424	-203.0579	125.9437	1.176906	0.8732535	1.090772
30492	-82.51492	-209.3977	126.8828	1.269735	0.2979578	0.9560487
30498	-82.60402	-207.1193	124.5153	2.08673	1.755115	0.8683617
30504	-76.49427	-202.6682	126.1739	1.747835	0.553646	0.5905897
30510	-82.37518	-207.0787	124.7035	1.540417	0.3727768	2.259039
30516	-82.87124	-210.1671	127.2958	1.478434	0.1169168	0.8687637
30522	-107.6478	-231.2375	123.5897	1.835877	4.603873	0.8195299
30528	-102.5988	-227.0969	124.4981	1.737401	2.473981	0.8195299
30534	-81.40437	-207.027	125.6226	1.719015	1.027866	0.6057252
30540	-75.09016	-199.1052	124.015	2.91046	1.466398	0.3436802
30546	-79.65754	-202.3856	122.7281	2.078276	7.242676	0.7759837
30552	-84.83992	-205.6948	120.8549	1.206857	13.91373	2.141085
30558	-88.40014	-208.688	120.2878	2.069539	30.45644	0.8339106
30564	-78.23154	-202.3803	124.1487	1.610599	1.58707	1.674955
30570	-86.13376	-210.3404	124.2067	0.9739632	1.328023	2.197457
30576	-87.17662	-210.2343	123.0577	1.46124	5.145462	1.496212
30582	-81.69712	-204.1999	122.5028	1.700672	6.408946	1.496212
30588	-81.44952	-206.7552	125.3057	1.945374	0.7903048	1.057727
30594	-81.82277	-205.0385	123.2157	1.803845	1.15765	2.392957
30600	-81.53302	-206.368	124.835	1.323141	2.137975	1.088197
30606	-84.46022	-207.7849	123.3247	1.883808	2.137975	1.820237
30612	-81.22471	-204.631	123.4063	1.704575	6.301712	0.587083
30618	-77.00992	-201.1928	124.1829	1.398977	2.272421	1.500419
30624	-68.43602	-193.7805	125.3445	2.306293	0.625139	0.2565927
30630	-76.56901	-202.2879	125.7188	2.038432	0.625139	0.3317047
30636	-79.22489	-202.3278	123.1029	1.947971	6.545479	0.4110176
30642	-74.51439	-198.9233	124.4089	2.394108	1.690799	0.6233291
30648	-71.33062	-197.0637	125.7331	1.968635	0.5731166	0.8918645
30654	-70.77264	-195.9298	125.1571	2.313465	0.6547673	1.012387
30660	-71.01785	-197.1073	126.0895	2.386821	0.2617284	0.6287957
30666	-70.13817	-195.8982	125.76	2.140718	0.2617284	1.266809
30672	-75.39629	-199.025	123.6287	1.864966	4.036193	0.9483063
30678	-75.03737	-197.974	122.9366	1.786431	3.942779	1.615826
30684	-73.78108	-198.9784	125.1973	1.83446	0.9437706	1.102753
30690	-76.29921	-200.0382	123.739	2.262657	2.217383	1.188854
30696	-82.06253	-206.1417	124.0792	1.878767	2.166064	1.249694
30702	-65.6067	-189.7472	124.1405	0.9898886	1.222669	2.286201
30708	-68.11418	-192.8456	124.7314	1.518863	0.3918558	2.230544
30714	-74.96846	-199.3826	124.4141	1.23805	2.686867	1.285087
30720	-75.45362	-200.7403	125.2867	0.9539779	0.3822687	2.248933
30726	-77.46575	-201.5421	124.0763	1.174689	1.97714	1.854421
30732	-71.82382	-195.3301	123.5062	0.794243	0.3720988	3.442004
30738	-66.89318	-193.1314	126.2382	0.8937312	0.2262595	1.901304
30744	-66.50171	-191.8354	125.3337	1.211723	1.250919	1.274503
30750	-69.34953	-194.7757	125.4261	1.729213	1.250919	0.5421874
30756	-68.23912	-195.924	127.6849	1.638473	0.03532865	0.5797815
30762	-73.62808	-197.2119	123.5838	1.496754	3.780267	1.38995
30768	-71.3365	-198.3948	127.0583	0.900383	0.0698669	1.721129
30774	-72.23496	-198.7774	126.5425	1.451956	0.06249975	1.721129
30780	-67.45749	-191.1394	123.6819	0.7382755	1.849743	2.44724
30786	-69.99735	-194.7316	124.7343	1.858576	1.294991	1.20395
30792	-68.58549	-194.7727	126.1872	1.540728	0.3984212	1.157242
30798	-66.589	-191.2399	124.6509	1.635891	2.640972	0.5849627
30804	-79.15128	-206.1311	126.9798	1.996417	0.05825824	0.9363079
30810	-79.1022	-202.8805	123.7783	1.830585	0.7968454	2.253009
30816	-90.53757	-213.673	123.1354	1.68499	6.681208	0.9067294
30822	-76.60826	-202.5417	125.9334	1.7401	0.3549076	1.277635
30828	-84.58008	-209.5281	124.948	1.673337	0.5487329	1.802478
30834	-90.73774	-214.9228	124.1851	1.291191	1.500783	1.914236
30840	-94.04699	-217.8512	123.8042	1.480217	0.839214	2.42804
30846	-88.50253	-213.1128	124.6102	1.305271	0.1781462	2.769072
30852	-97.87261	-220.9744	123.1018	1.251718	0.8614257	2.984056
30858	-85.05375	-210.0535	124.9997	1.601324	0.6994101	1.666654
30864	-78.21666	-203.4338	125.2171	0.897021	0.8593633	1.871708
30870	-73.40505	-196.4984	123.0934	0.8789966	0.7115593	3.317313
30876	-70.26371	-196.1053	125.8416	0.9498666	0.1869839	2.202782
30882	-76.93682	-202.2148	125.278	1.463677	0.3477326	1.966815
30888	-67.67051	-193.4002	125.7296	1.840874	0.3477326	1.372469
30894	-68.36066	-195.1764	126.8157	1.810314	0.02931256	1.372469
30900	-70.62007	-196.3353	125.7153	1.441329	0.1429474	2.060253
30906	-72.69753	-197.9105	125.213	1.458164	0.2725362	2.127178
30912	-72.4819	-197.3784	124.8965	1.490702	1.447292	1.275767
30918	-65.88903	-192.1237	126.2346	1.233354	0.2590142	1.604932
30924	-63.13926	-190.4564	127.3171	1.831645	0.04450244	0.8151804
30930	-62.63122	-189.7466	127.1154	2.076177	0.04650136	0.7412065
30936	-61.89115	-188.9543	127.0632	2.00614	0.04650136	0.8986824
30942	-55.2519	-181.8516	126.5997	2.121675	0.1680195	0.6817341
30948	-63.45633	-189.6711	126.2148	2.22602	0.2741775	0.6390065
30954	-63.81091	-190.6814	126.8705	2.4173	0.03836734	0.6390065
30960	-61.634	-188.3489	126.7149	2.321021	0.09394379	0.6034546
30966	-68.53183	-193.3674	124.8356	2.87206	0.7166593	0.4841242
30972	-62.47378	-189.0588	126.585	2.278242	0.1349906	0.6250466
30978	-64.22176	-189.7071	125.4853	3.16459	0.1819533	0.3257608
30984	-77.35554	-197.7556	120.4	3.141531	15.37465	0.256183
30990	-81.31687	-201.212	119.8951	2.499693	32.25472	0.4262319
30996	-70.00706	-194.8458	124.8387	2.810341	0.7482441	0.6048572
31002	-65.56041	-190.8005	125.24	2.315012	0.7482441	0.7772062
31008	-60.88783	-185.5893	124.7014	2.008999	1.616209	0.8501786
31014	-91.89966	-216.2224	124.3227	1.763864	1.092724	1.725676
31020	-71.09431	-194.025	122.9307	1.835298	6.117235	1.091004
31026	-67.82592	-192.0312	124.2053	2.156845	1.585891	1.212355
31032	-81.22575	-207.4074	126.1816	1.532187	0.1125991	1.760849
31038	-79.21205	-204.0677	124.8556	1.759412	0.6287074	1.724538
31044	-69.70408	-194.9224	125.2183	1.320671	0.5668416	1.840131
31050	-68.67004	-194.2704	125.6003	1.324945	0.8638446	1.269511
31056	-66.907	-191.3792	124.4722	1.750375	1.844924	1.184896
31062	-74.29547	-201.7883	127.4928	1.590475	0.05789459	0.8131888
31068	-66.60682	-193.3466	126.7398	1.862768	0.2025445	0.7014779
31074	-77.40503	-202.4278	125.0228	2.082226	1.196829	0.7582856
31080	-70.74273	-193.3985	122.6558	1.80217	4.860058	1.60036
31086	-66.00096	-187.002	121.001	1.727868	16.31003	1.494398
31092	-60.90409	-187.0845	126.1805	2.118334	0.2621669	0.891613
31098	-64.36661	-189.6626	125.296	1.729199	0.4481924	1.635339
